id_item,id_pedido,id_produto,quantidade,preco_unitario
IT-PED-00001,PED-00001,PROD-03,1,999.0
IT-PED-00002,PED-00002,PROD-01,1,99.0
IT-PED-00003,PED-00003,PROD-02,1,299.0
IT-PED-00004,PED-00004,PROD-03,1,999.0
IT-PED-00005,PED-00005,PROD-03,1,999.0
IT-PED-00006,PED-00006,PROD-03,1,999.0
IT-PED-00007,PED-00007,PROD-02,1,299.0
IT-PED-00008,PED-00008,PROD-03,1,999.0
IT-PED-00009,PED-00009,PROD-03,1,999.0
IT-PED-00010,PED-00010,PROD-01,1,99.0
IT-PED-00011,PED-00011,PROD-03,1,999.0
IT-PED-00012,PED-00012,PROD-03,1,999.0
IT-PED-00013,PED-00013,PROD-02,1,299.0
IT-PED-00014,PED-00014,PROD-02,1,299.0
IT-PED-00015,PED-00015,PROD-02,1,299.0
IT-PED-00016,PED-00016,PROD-03,1,999.0
IT-PED-00017,PED-00017,PROD-03,1,999.0
IT-PED-00018,PED-00018,PROD-03,1,999.0
IT-PED-00019,PED-00019,PROD-02,1,299.0
IT-PED-00020,PED-00020,PROD-03,1,999.0
IT-PED-00021,PED-00021,PROD-01,1,99.0
IT-PED-00022,PED-00022,PROD-02,1,299.0
IT-PED-00023,PED-00023,PROD-02,1,299.0
IT-PED-00024,PED-00024,PROD-01,1,99.0
IT-PED-00025,PED-00025,PROD-02,1,299.0
IT-PED-00026,PED-00026,PROD-02,1,299.0
IT-PED-00027,PED-00027,PROD-02,1,299.0
IT-PED-00028,PED-00028,PROD-02,1,299.0
IT-PED-00029,PED-00029,PROD-01,1,99.0
IT-PED-00030,PED-00030,PROD-03,1,999.0
IT-PED-00031,PED-00031,PROD-02,1,299.0
IT-PED-00032,PED-00032,PROD-02,1,299.0
IT-PED-00033,PED-00033,PROD-02,1,299.0
IT-PED-00034,PED-00034,PROD-02,1,299.0
IT-PED-00035,PED-00035,PROD-02,1,299.0
IT-PED-00036,PED-00036,PROD-03,1,999.0
IT-PED-00037,PED-00037,PROD-03,1,999.0
IT-PED-00038,PED-00038,PROD-02,1,299.0
IT-PED-00039,PED-00039,PROD-01,1,99.0
IT-PED-00040,PED-00040,PROD-02,1,299.0
IT-PED-00041,PED-00041,PROD-03,1,999.0
IT-PED-00042,PED-00042,PROD-01,1,99.0
IT-PED-00043,PED-00043,PROD-03,1,999.0
IT-PED-00044,PED-00044,PROD-01,1,99.0
IT-PED-00045,PED-00045,PROD-03,1,999.0
IT-PED-00046,PED-00046,PROD-02,1,299.0
IT-PED-00047,PED-00047,PROD-02,1,299.0
IT-PED-00048,PED-00048,PROD-03,1,999.0
IT-PED-00049,PED-00049,PROD-01,1,99.0
IT-PED-00050,PED-00050,PROD-02,1,299.0
IT-PED-00051,PED-00051,PROD-02,1,299.0
IT-PED-00052,PED-00052,PROD-01,1,99.0
IT-PED-00053,PED-00053,PROD-03,1,999.0
IT-PED-00054,PED-00054,PROD-03,1,999.0
IT-PED-00055,PED-00055,PROD-03,1,999.0
IT-PED-00056,PED-00056,PROD-02,1,299.0
IT-PED-00057,PED-00057,PROD-03,1,999.0
IT-PED-00058,PED-00058,PROD-02,1,299.0
IT-PED-00059,PED-00059,PROD-03,1,999.0
IT-PED-00060,PED-00060,PROD-01,1,99.0
IT-PED-00061,PED-00061,PROD-02,1,299.0
IT-PED-00062,PED-00062,PROD-02,1,299.0
IT-PED-00063,PED-00063,PROD-02,1,299.0
IT-PED-00064,PED-00064,PROD-02,1,299.0
IT-PED-00065,PED-00065,PROD-02,1,299.0
IT-PED-00066,PED-00066,PROD-01,1,99.0
IT-PED-00067,PED-00067,PROD-02,1,299.0
IT-PED-00068,PED-00068,PROD-02,1,299.0
IT-PED-00069,PED-00069,PROD-02,1,299.0
IT-PED-00070,PED-00070,PROD-02,1,299.0
IT-PED-00071,PED-00071,PROD-01,1,99.0
IT-PED-00072,PED-00072,PROD-02,1,299.0
IT-PED-00073,PED-00073,PROD-02,1,299.0
IT-PED-00074,PED-00074,PROD-01,1,99.0
IT-PED-00075,PED-00075,PROD-03,1,999.0
IT-PED-00076,PED-00076,PROD-03,1,999.0
IT-PED-00077,PED-00077,PROD-03,1,999.0
IT-PED-00078,PED-00078,PROD-02,1,299.0
IT-PED-00079,PED-00079,PROD-01,1,99.0
IT-PED-00080,PED-00080,PROD-01,1,99.0
IT-PED-00081,PED-00081,PROD-01,1,99.0
IT-PED-00082,PED-00082,PROD-03,1,999.0
IT-PED-00083,PED-00083,PROD-01,1,99.0
IT-PED-00084,PED-00084,PROD-01,1,99.0
IT-PED-00085,PED-00085,PROD-03,1,999.0
IT-PED-00086,PED-00086,PROD-02,1,299.0
IT-PED-00087,PED-00087,PROD-02,1,299.0
IT-PED-00088,PED-00088,PROD-02,1,299.0
IT-PED-00089,PED-00089,PROD-02,1,299.0
IT-PED-00090,PED-00090,PROD-03,1,999.0
IT-PED-00091,PED-00091,PROD-01,1,99.0
IT-PED-00092,PED-00092,PROD-01,1,99.0
IT-PED-00093,PED-00093,PROD-03,1,999.0
IT-PED-00094,PED-00094,PROD-02,1,299.0
IT-PED-00095,PED-00095,PROD-01,1,99.0
IT-PED-00096,PED-00096,PROD-03,1,999.0
IT-PED-00097,PED-00097,PROD-02,1,299.0
IT-PED-00098,PED-00098,PROD-02,1,299.0
IT-PED-00099,PED-00099,PROD-03,1,999.0
IT-PED-00100,PED-00100,PROD-02,1,299.0
IT-PED-00101,PED-00101,PROD-02,1,299.0
IT-PED-00102,PED-00102,PROD-03,1,999.0
IT-PED-00103,PED-00103,PROD-02,1,299.0
IT-PED-00104,PED-00104,PROD-01,1,99.0
IT-PED-00105,PED-00105,PROD-02,1,299.0
IT-PED-00106,PED-00106,PROD-03,1,999.0
IT-PED-00107,PED-00107,PROD-01,1,99.0
IT-PED-00108,PED-00108,PROD-02,1,299.0
IT-PED-00109,PED-00109,PROD-01,1,99.0
IT-PED-00110,PED-00110,PROD-01,1,99.0
IT-PED-00111,PED-00111,PROD-01,1,99.0
IT-PED-00112,PED-00112,PROD-03,1,999.0
IT-PED-00113,PED-00113,PROD-02,1,299.0
IT-PED-00114,PED-00114,PROD-02,1,299.0
IT-PED-00115,PED-00115,PROD-03,1,999.0
IT-PED-00116,PED-00116,PROD-03,1,999.0
IT-PED-00117,PED-00117,PROD-02,1,299.0
IT-PED-00118,PED-00118,PROD-01,1,99.0
IT-PED-00119,PED-00119,PROD-01,1,99.0
IT-PED-00120,PED-00120,PROD-01,1,99.0
IT-PED-00121,PED-00121,PROD-01,1,99.0
IT-PED-00122,PED-00122,PROD-03,1,999.0
IT-PED-00123,PED-00123,PROD-03,1,999.0
IT-PED-00124,PED-00124,PROD-03,1,999.0
IT-PED-00125,PED-00125,PROD-01,1,99.0
IT-PED-00126,PED-00126,PROD-03,1,999.0
IT-PED-00127,PED-00127,PROD-03,1,999.0
IT-PED-00128,PED-00128,PROD-02,1,299.0
IT-PED-00129,PED-00129,PROD-01,1,99.0
IT-PED-00130,PED-00130,PROD-03,1,999.0
IT-PED-00131,PED-00131,PROD-02,1,299.0
IT-PED-00132,PED-00132,PROD-02,1,299.0
IT-PED-00133,PED-00133,PROD-02,1,299.0
IT-PED-00134,PED-00134,PROD-01,1,99.0
IT-PED-00135,PED-00135,PROD-03,1,999.0
IT-PED-00136,PED-00136,PROD-01,1,99.0
IT-PED-00137,PED-00137,PROD-03,1,999.0
IT-PED-00138,PED-00138,PROD-02,1,299.0
IT-PED-00139,PED-00139,PROD-01,1,99.0
IT-PED-00140,PED-00140,PROD-03,1,999.0
IT-PED-00141,PED-00141,PROD-01,1,99.0
IT-PED-00142,PED-00142,PROD-01,1,99.0
IT-PED-00143,PED-00143,PROD-01,1,99.0
IT-PED-00144,PED-00144,PROD-02,1,299.0
IT-PED-00145,PED-00145,PROD-02,1,299.0
IT-PED-00146,PED-00146,PROD-02,1,299.0
IT-PED-00147,PED-00147,PROD-01,1,99.0
IT-PED-00148,PED-00148,PROD-01,1,99.0
IT-PED-00149,PED-00149,PROD-03,1,999.0
IT-PED-00150,PED-00150,PROD-02,1,299.0
IT-PED-00151,PED-00151,PROD-03,1,999.0
IT-PED-00152,PED-00152,PROD-01,1,99.0
IT-PED-00153,PED-00153,PROD-03,1,999.0
IT-PED-00154,PED-00154,PROD-01,1,99.0
IT-PED-00155,PED-00155,PROD-03,1,999.0
IT-PED-00156,PED-00156,PROD-03,1,999.0
IT-PED-00157,PED-00157,PROD-01,1,99.0
IT-PED-00158,PED-00158,PROD-03,1,999.0
IT-PED-00159,PED-00159,PROD-03,1,999.0
IT-PED-00160,PED-00160,PROD-03,1,999.0
IT-PED-00161,PED-00161,PROD-01,1,99.0
IT-PED-00162,PED-00162,PROD-01,1,99.0
IT-PED-00163,PED-00163,PROD-02,1,299.0
IT-PED-00164,PED-00164,PROD-01,1,99.0
IT-PED-00165,PED-00165,PROD-02,1,299.0
IT-PED-00166,PED-00166,PROD-03,1,999.0
IT-PED-00167,PED-00167,PROD-02,1,299.0
IT-PED-00168,PED-00168,PROD-02,1,299.0
IT-PED-00169,PED-00169,PROD-02,1,299.0
IT-PED-00170,PED-00170,PROD-01,1,99.0
IT-PED-00171,PED-00171,PROD-02,1,299.0
IT-PED-00172,PED-00172,PROD-03,1,999.0
IT-PED-00173,PED-00173,PROD-01,1,99.0
IT-PED-00174,PED-00174,PROD-02,1,299.0
IT-PED-00175,PED-00175,PROD-02,1,299.0
IT-PED-00176,PED-00176,PROD-02,1,299.0
IT-PED-00177,PED-00177,PROD-03,1,999.0
IT-PED-00178,PED-00178,PROD-02,1,299.0
IT-PED-00179,PED-00179,PROD-02,1,299.0
IT-PED-00180,PED-00180,PROD-03,1,999.0
IT-PED-00181,PED-00181,PROD-02,1,299.0
IT-PED-00182,PED-00182,PROD-02,1,299.0
IT-PED-00183,PED-00183,PROD-02,1,299.0
IT-PED-00184,PED-00184,PROD-03,1,999.0
IT-PED-00185,PED-00185,PROD-03,1,999.0
IT-PED-00186,PED-00186,PROD-02,1,299.0
IT-PED-00187,PED-00187,PROD-03,1,999.0
IT-PED-00188,PED-00188,PROD-02,1,299.0
IT-PED-00189,PED-00189,PROD-01,1,99.0
IT-PED-00190,PED-00190,PROD-01,1,99.0
IT-PED-00191,PED-00191,PROD-03,1,999.0
IT-PED-00192,PED-00192,PROD-02,1,299.0
IT-PED-00193,PED-00193,PROD-01,1,99.0
IT-PED-00194,PED-00194,PROD-03,1,999.0
IT-PED-00195,PED-00195,PROD-03,1,999.0
IT-PED-00196,PED-00196,PROD-02,1,299.0
IT-PED-00197,PED-00197,PROD-03,1,999.0
IT-PED-00198,PED-00198,PROD-02,1,299.0
IT-PED-00199,PED-00199,PROD-03,1,999.0
IT-PED-00200,PED-00200,PROD-01,1,99.0
IT-PED-00201,PED-00201,PROD-01,1,99.0
IT-PED-00202,PED-00202,PROD-01,1,99.0
IT-PED-00203,PED-00203,PROD-01,1,99.0
IT-PED-00204,PED-00204,PROD-01,1,99.0
IT-PED-00205,PED-00205,PROD-02,1,299.0
IT-PED-00206,PED-00206,PROD-01,1,99.0
IT-PED-00207,PED-00207,PROD-03,1,999.0
IT-PED-00208,PED-00208,PROD-03,1,999.0
IT-PED-00209,PED-00209,PROD-03,1,999.0
IT-PED-00210,PED-00210,PROD-01,1,99.0
IT-PED-00211,PED-00211,PROD-01,1,99.0
IT-PED-00212,PED-00212,PROD-03,1,999.0
IT-PED-00213,PED-00213,PROD-03,1,999.0
IT-PED-00214,PED-00214,PROD-03,1,999.0
IT-PED-00215,PED-00215,PROD-03,1,999.0
IT-PED-00216,PED-00216,PROD-03,1,999.0
IT-PED-00217,PED-00217,PROD-02,1,299.0
IT-PED-00218,PED-00218,PROD-01,1,99.0
IT-PED-00219,PED-00219,PROD-02,1,299.0
IT-PED-00220,PED-00220,PROD-01,1,99.0
IT-PED-00221,PED-00221,PROD-03,1,999.0
IT-PED-00222,PED-00222,PROD-02,1,299.0
IT-PED-00223,PED-00223,PROD-03,1,999.0
IT-PED-00224,PED-00224,PROD-03,1,999.0
IT-PED-00225,PED-00225,PROD-02,1,299.0
IT-PED-00226,PED-00226,PROD-02,1,299.0
IT-PED-00227,PED-00227,PROD-03,1,999.0
IT-PED-00228,PED-00228,PROD-03,1,999.0
IT-PED-00229,PED-00229,PROD-02,1,299.0
IT-PED-00230,PED-00230,PROD-02,1,299.0
IT-PED-00231,PED-00231,PROD-03,1,999.0
IT-PED-00232,PED-00232,PROD-03,1,999.0
IT-PED-00233,PED-00233,PROD-02,1,299.0
IT-PED-00234,PED-00234,PROD-02,1,299.0
IT-PED-00235,PED-00235,PROD-03,1,999.0
IT-PED-00236,PED-00236,PROD-03,1,999.0
IT-PED-00237,PED-00237,PROD-02,1,299.0
IT-PED-00238,PED-00238,PROD-02,1,299.0
IT-PED-00239,PED-00239,PROD-02,1,299.0
IT-PED-00240,PED-00240,PROD-01,1,99.0
IT-PED-00241,PED-00241,PROD-02,1,299.0
IT-PED-00242,PED-00242,PROD-03,1,999.0
IT-PED-00243,PED-00243,PROD-03,1,999.0
IT-PED-00244,PED-00244,PROD-01,1,99.0
IT-PED-00245,PED-00245,PROD-01,1,99.0
IT-PED-00246,PED-00246,PROD-03,1,999.0
IT-PED-00247,PED-00247,PROD-02,1,299.0
IT-PED-00248,PED-00248,PROD-03,1,999.0
IT-PED-00249,PED-00249,PROD-02,1,299.0
IT-PED-00250,PED-00250,PROD-02,1,299.0
IT-PED-00251,PED-00251,PROD-01,1,99.0
IT-PED-00252,PED-00252,PROD-02,1,299.0
IT-PED-00253,PED-00253,PROD-02,1,299.0
IT-PED-00254,PED-00254,PROD-03,1,999.0
IT-PED-00255,PED-00255,PROD-01,1,99.0
IT-PED-00256,PED-00256,PROD-01,1,99.0
IT-PED-00257,PED-00257,PROD-03,1,999.0
IT-PED-00258,PED-00258,PROD-02,1,299.0
IT-PED-00259,PED-00259,PROD-02,1,299.0
IT-PED-00260,PED-00260,PROD-02,1,299.0
IT-PED-00261,PED-00261,PROD-03,1,999.0
IT-PED-00262,PED-00262,PROD-02,1,299.0
IT-PED-00263,PED-00263,PROD-03,1,999.0
IT-PED-00264,PED-00264,PROD-03,1,999.0
IT-PED-00265,PED-00265,PROD-01,1,99.0
IT-PED-00266,PED-00266,PROD-01,1,99.0
IT-PED-00267,PED-00267,PROD-03,1,999.0
IT-PED-00268,PED-00268,PROD-01,1,99.0
IT-PED-00269,PED-00269,PROD-02,1,299.0
IT-PED-00270,PED-00270,PROD-02,1,299.0
IT-PED-00271,PED-00271,PROD-02,1,299.0
IT-PED-00272,PED-00272,PROD-01,1,99.0
IT-PED-00273,PED-00273,PROD-02,1,299.0
IT-PED-00274,PED-00274,PROD-01,1,99.0
IT-PED-00275,PED-00275,PROD-02,1,299.0
IT-PED-00276,PED-00276,PROD-02,1,299.0
IT-PED-00277,PED-00277,PROD-02,1,299.0
IT-PED-00278,PED-00278,PROD-03,1,999.0
IT-PED-00279,PED-00279,PROD-03,1,999.0
IT-PED-00280,PED-00280,PROD-01,1,99.0
IT-PED-00281,PED-00281,PROD-03,1,999.0
IT-PED-00282,PED-00282,PROD-01,1,99.0
IT-PED-00283,PED-00283,PROD-02,1,299.0
IT-PED-00284,PED-00284,PROD-03,1,999.0
IT-PED-00285,PED-00285,PROD-01,1,99.0
IT-PED-00286,PED-00286,PROD-02,1,299.0
IT-PED-00287,PED-00287,PROD-01,1,99.0
IT-PED-00288,PED-00288,PROD-03,1,999.0
IT-PED-00289,PED-00289,PROD-02,1,299.0
IT-PED-00290,PED-00290,PROD-02,1,299.0
IT-PED-00291,PED-00291,PROD-01,1,99.0
IT-PED-00292,PED-00292,PROD-02,1,299.0
IT-PED-00293,PED-00293,PROD-02,1,299.0
IT-PED-00294,PED-00294,PROD-01,1,99.0
IT-PED-00295,PED-00295,PROD-01,1,99.0
IT-PED-00296,PED-00296,PROD-02,1,299.0
IT-PED-00297,PED-00297,PROD-03,1,999.0
IT-PED-00298,PED-00298,PROD-01,1,99.0
IT-PED-00299,PED-00299,PROD-03,1,999.0
IT-PED-00300,PED-00300,PROD-02,1,299.0
IT-PED-00301,PED-00301,PROD-01,1,99.0
IT-PED-00302,PED-00302,PROD-03,1,999.0
IT-PED-00303,PED-00303,PROD-03,1,999.0
IT-PED-00304,PED-00304,PROD-01,1,99.0
IT-PED-00305,PED-00305,PROD-02,1,299.0
IT-PED-00306,PED-00306,PROD-03,1,999.0
IT-PED-00307,PED-00307,PROD-03,1,999.0
IT-PED-00308,PED-00308,PROD-01,1,99.0
IT-PED-00309,PED-00309,PROD-01,1,99.0
IT-PED-00310,PED-00310,PROD-01,1,99.0
IT-PED-00311,PED-00311,PROD-01,1,99.0
IT-PED-00312,PED-00312,PROD-01,1,99.0
IT-PED-00313,PED-00313,PROD-01,1,99.0
IT-PED-00314,PED-00314,PROD-02,1,299.0
IT-PED-00315,PED-00315,PROD-03,1,999.0
IT-PED-00316,PED-00316,PROD-03,1,999.0
IT-PED-00317,PED-00317,PROD-01,1,99.0
IT-PED-00318,PED-00318,PROD-02,1,299.0
IT-PED-00319,PED-00319,PROD-01,1,99.0
IT-PED-00320,PED-00320,PROD-02,1,299.0
IT-PED-00321,PED-00321,PROD-03,1,999.0
IT-PED-00322,PED-00322,PROD-01,1,99.0
IT-PED-00323,PED-00323,PROD-01,1,99.0
IT-PED-00324,PED-00324,PROD-03,1,999.0
IT-PED-00325,PED-00325,PROD-02,1,299.0
IT-PED-00326,PED-00326,PROD-02,1,299.0
IT-PED-00327,PED-00327,PROD-01,1,99.0
IT-PED-00328,PED-00328,PROD-02,1,299.0
IT-PED-00329,PED-00329,PROD-03,1,999.0
IT-PED-00330,PED-00330,PROD-02,1,299.0
IT-PED-00331,PED-00331,PROD-02,1,299.0
IT-PED-00332,PED-00332,PROD-02,1,299.0
IT-PED-00333,PED-00333,PROD-02,1,299.0
IT-PED-00334,PED-00334,PROD-02,1,299.0
IT-PED-00335,PED-00335,PROD-03,1,999.0
IT-PED-00336,PED-00336,PROD-02,1,299.0
IT-PED-00337,PED-00337,PROD-01,1,99.0
IT-PED-00338,PED-00338,PROD-02,1,299.0
IT-PED-00339,PED-00339,PROD-03,1,999.0
IT-PED-00340,PED-00340,PROD-02,1,299.0
IT-PED-00341,PED-00341,PROD-02,1,299.0
IT-PED-00342,PED-00342,PROD-03,1,999.0
IT-PED-00343,PED-00343,PROD-02,1,299.0
IT-PED-00344,PED-00344,PROD-02,1,299.0
IT-PED-00345,PED-00345,PROD-02,1,299.0
IT-PED-00346,PED-00346,PROD-03,1,999.0
IT-PED-00347,PED-00347,PROD-03,1,999.0
IT-PED-00348,PED-00348,PROD-02,1,299.0
IT-PED-00349,PED-00349,PROD-01,1,99.0
IT-PED-00350,PED-00350,PROD-02,1,299.0
IT-PED-00351,PED-00351,PROD-01,1,99.0
IT-PED-00352,PED-00352,PROD-03,1,999.0
IT-PED-00353,PED-00353,PROD-02,1,299.0
IT-PED-00354,PED-00354,PROD-03,1,999.0
IT-PED-00355,PED-00355,PROD-01,1,99.0
IT-PED-00356,PED-00356,PROD-03,1,999.0
IT-PED-00357,PED-00357,PROD-02,1,299.0
IT-PED-00358,PED-00358,PROD-03,1,999.0
IT-PED-00359,PED-00359,PROD-03,1,999.0
IT-PED-00360,PED-00360,PROD-03,1,999.0
IT-PED-00361,PED-00361,PROD-02,1,299.0
IT-PED-00362,PED-00362,PROD-03,1,999.0
IT-PED-00363,PED-00363,PROD-01,1,99.0
IT-PED-00364,PED-00364,PROD-01,1,99.0
IT-PED-00365,PED-00365,PROD-03,1,999.0
IT-PED-00366,PED-00366,PROD-03,1,999.0
IT-PED-00367,PED-00367,PROD-02,1,299.0
IT-PED-00368,PED-00368,PROD-01,1,99.0
IT-PED-00369,PED-00369,PROD-03,1,999.0
IT-PED-00370,PED-00370,PROD-02,1,299.0
IT-PED-00371,PED-00371,PROD-02,1,299.0
IT-PED-00372,PED-00372,PROD-03,1,999.0
IT-PED-00373,PED-00373,PROD-01,1,99.0
IT-PED-00374,PED-00374,PROD-02,1,299.0
IT-PED-00375,PED-00375,PROD-02,1,299.0
IT-PED-00376,PED-00376,PROD-01,1,99.0
IT-PED-00377,PED-00377,PROD-02,1,299.0
IT-PED-00378,PED-00378,PROD-01,1,99.0
IT-PED-00379,PED-00379,PROD-03,1,999.0
IT-PED-00380,PED-00380,PROD-01,1,99.0
IT-PED-00381,PED-00381,PROD-01,1,99.0
IT-PED-00382,PED-00382,PROD-02,1,299.0
IT-PED-00383,PED-00383,PROD-01,1,99.0
IT-PED-00384,PED-00384,PROD-01,1,99.0
IT-PED-00385,PED-00385,PROD-03,1,999.0
IT-PED-00386,PED-00386,PROD-03,1,999.0
IT-PED-00387,PED-00387,PROD-03,1,999.0
IT-PED-00388,PED-00388,PROD-03,1,999.0
IT-PED-00389,PED-00389,PROD-02,1,299.0
IT-PED-00390,PED-00390,PROD-02,1,299.0
IT-PED-00391,PED-00391,PROD-02,1,299.0
IT-PED-00392,PED-00392,PROD-01,1,99.0
IT-PED-00393,PED-00393,PROD-03,1,999.0
IT-PED-00394,PED-00394,PROD-02,1,299.0
IT-PED-00395,PED-00395,PROD-02,1,299.0
IT-PED-00396,PED-00396,PROD-03,1,999.0
IT-PED-00397,PED-00397,PROD-02,1,299.0
IT-PED-00398,PED-00398,PROD-01,1,99.0
IT-PED-00399,PED-00399,PROD-03,1,999.0
IT-PED-00400,PED-00400,PROD-02,1,299.0
IT-PED-00401,PED-00401,PROD-03,1,999.0
IT-PED-00402,PED-00402,PROD-02,1,299.0
IT-PED-00403,PED-00403,PROD-02,1,299.0
IT-PED-00404,PED-00404,PROD-03,1,999.0
IT-PED-00405,PED-00405,PROD-01,1,99.0
IT-PED-00406,PED-00406,PROD-03,1,999.0
IT-PED-00407,PED-00407,PROD-02,1,299.0
IT-PED-00408,PED-00408,PROD-01,1,99.0
IT-PED-00409,PED-00409,PROD-01,1,99.0
IT-PED-00410,PED-00410,PROD-02,1,299.0
IT-PED-00411,PED-00411,PROD-02,1,299.0
IT-PED-00412,PED-00412,PROD-02,1,299.0
IT-PED-00413,PED-00413,PROD-02,1,299.0
IT-PED-00414,PED-00414,PROD-02,1,299.0
IT-PED-00415,PED-00415,PROD-01,1,99.0
IT-PED-00416,PED-00416,PROD-03,1,999.0
IT-PED-00417,PED-00417,PROD-01,1,99.0
IT-PED-00418,PED-00418,PROD-02,1,299.0
IT-PED-00419,PED-00419,PROD-02,1,299.0
IT-PED-00420,PED-00420,PROD-03,1,999.0
IT-PED-00421,PED-00421,PROD-02,1,299.0
IT-PED-00422,PED-00422,PROD-03,1,999.0
IT-PED-00423,PED-00423,PROD-01,1,99.0
IT-PED-00424,PED-00424,PROD-01,1,99.0
IT-PED-00425,PED-00425,PROD-02,1,299.0
IT-PED-00426,PED-00426,PROD-03,1,999.0
IT-PED-00427,PED-00427,PROD-03,1,999.0
IT-PED-00428,PED-00428,PROD-02,1,299.0
IT-PED-00429,PED-00429,PROD-02,1,299.0
IT-PED-00430,PED-00430,PROD-03,1,999.0
IT-PED-00431,PED-00431,PROD-01,1,99.0
IT-PED-00432,PED-00432,PROD-03,1,999.0
IT-PED-00433,PED-00433,PROD-03,1,999.0
IT-PED-00434,PED-00434,PROD-02,1,299.0
IT-PED-00435,PED-00435,PROD-03,1,999.0
IT-PED-00436,PED-00436,PROD-01,1,99.0
IT-PED-00437,PED-00437,PROD-01,1,99.0
IT-PED-00438,PED-00438,PROD-01,1,99.0
IT-PED-00439,PED-00439,PROD-02,1,299.0
IT-PED-00440,PED-00440,PROD-02,1,299.0
IT-PED-00441,PED-00441,PROD-01,1,99.0
IT-PED-00442,PED-00442,PROD-01,1,99.0
IT-PED-00443,PED-00443,PROD-02,1,299.0
IT-PED-00444,PED-00444,PROD-02,1,299.0
IT-PED-00445,PED-00445,PROD-03,1,999.0
IT-PED-00446,PED-00446,PROD-01,1,99.0
IT-PED-00447,PED-00447,PROD-03,1,999.0
IT-PED-00448,PED-00448,PROD-02,1,299.0
IT-PED-00449,PED-00449,PROD-01,1,99.0
IT-PED-00450,PED-00450,PROD-01,1,99.0
IT-PED-00451,PED-00451,PROD-02,1,299.0
IT-PED-00452,PED-00452,PROD-03,1,999.0
IT-PED-00453,PED-00453,PROD-02,1,299.0
IT-PED-00454,PED-00454,PROD-02,1,299.0
IT-PED-00455,PED-00455,PROD-03,1,999.0
IT-PED-00456,PED-00456,PROD-02,1,299.0
IT-PED-00457,PED-00457,PROD-03,1,999.0
IT-PED-00458,PED-00458,PROD-03,1,999.0
IT-PED-00459,PED-00459,PROD-02,1,299.0
IT-PED-00460,PED-00460,PROD-03,1,999.0
IT-PED-00461,PED-00461,PROD-03,1,999.0
IT-PED-00462,PED-00462,PROD-01,1,99.0
IT-PED-00463,PED-00463,PROD-02,1,299.0
IT-PED-00464,PED-00464,PROD-01,1,99.0
IT-PED-00465,PED-00465,PROD-02,1,299.0
IT-PED-00466,PED-00466,PROD-03,1,999.0
IT-PED-00467,PED-00467,PROD-01,1,99.0
IT-PED-00468,PED-00468,PROD-03,1,999.0
IT-PED-00469,PED-00469,PROD-03,1,999.0
IT-PED-00470,PED-00470,PROD-03,1,999.0
IT-PED-00471,PED-00471,PROD-03,1,999.0
IT-PED-00472,PED-00472,PROD-02,1,299.0
IT-PED-00473,PED-00473,PROD-02,1,299.0
IT-PED-00474,PED-00474,PROD-01,1,99.0
IT-PED-00475,PED-00475,PROD-03,1,999.0
IT-PED-00476,PED-00476,PROD-01,1,99.0
IT-PED-00477,PED-00477,PROD-02,1,299.0
IT-PED-00478,PED-00478,PROD-03,1,999.0
IT-PED-00479,PED-00479,PROD-01,1,99.0
IT-PED-00480,PED-00480,PROD-02,1,299.0
IT-PED-00481,PED-00481,PROD-03,1,999.0
IT-PED-00482,PED-00482,PROD-03,1,999.0
IT-PED-00483,PED-00483,PROD-01,1,99.0
IT-PED-00484,PED-00484,PROD-02,1,299.0
IT-PED-00485,PED-00485,PROD-01,1,99.0
IT-PED-00486,PED-00486,PROD-01,1,99.0
IT-PED-00487,PED-00487,PROD-02,1,299.0
IT-PED-00488,PED-00488,PROD-01,1,99.0
IT-PED-00489,PED-00489,PROD-02,1,299.0
IT-PED-00490,PED-00490,PROD-03,1,999.0
IT-PED-00491,PED-00491,PROD-03,1,999.0
IT-PED-00492,PED-00492,PROD-03,1,999.0
IT-PED-00493,PED-00493,PROD-03,1,999.0
IT-PED-00494,PED-00494,PROD-01,1,99.0
IT-PED-00495,PED-00495,PROD-01,1,99.0
IT-PED-00496,PED-00496,PROD-03,1,999.0
IT-PED-00497,PED-00497,PROD-02,1,299.0
IT-PED-00498,PED-00498,PROD-01,1,99.0
IT-PED-00499,PED-00499,PROD-03,1,999.0
IT-PED-00500,PED-00500,PROD-01,1,99.0
IT-PED-00501,PED-00501,PROD-03,1,999.0
IT-PED-00502,PED-00502,PROD-03,1,999.0
IT-PED-00503,PED-00503,PROD-02,1,299.0
IT-PED-00504,PED-00504,PROD-01,1,99.0
IT-PED-00505,PED-00505,PROD-01,1,99.0
IT-PED-00506,PED-00506,PROD-01,1,99.0
IT-PED-00507,PED-00507,PROD-02,1,299.0
IT-PED-00508,PED-00508,PROD-03,1,999.0
IT-PED-00509,PED-00509,PROD-01,1,99.0
IT-PED-00510,PED-00510,PROD-01,1,99.0
IT-PED-00511,PED-00511,PROD-01,1,99.0
IT-PED-00512,PED-00512,PROD-01,1,99.0
IT-PED-00513,PED-00513,PROD-02,1,299.0
IT-PED-00514,PED-00514,PROD-01,1,99.0
IT-PED-00515,PED-00515,PROD-03,1,999.0
IT-PED-00516,PED-00516,PROD-03,1,999.0
IT-PED-00517,PED-00517,PROD-03,1,999.0
IT-PED-00518,PED-00518,PROD-03,1,999.0
IT-PED-00519,PED-00519,PROD-02,1,299.0
IT-PED-00520,PED-00520,PROD-02,1,299.0
IT-PED-00521,PED-00521,PROD-03,1,999.0
IT-PED-00522,PED-00522,PROD-03,1,999.0
IT-PED-00523,PED-00523,PROD-01,1,99.0
IT-PED-00524,PED-00524,PROD-02,1,299.0
IT-PED-00525,PED-00525,PROD-03,1,999.0
IT-PED-00526,PED-00526,PROD-01,1,99.0
IT-PED-00527,PED-00527,PROD-02,1,299.0
IT-PED-00528,PED-00528,PROD-03,1,999.0
IT-PED-00529,PED-00529,PROD-03,1,999.0
IT-PED-00530,PED-00530,PROD-02,1,299.0
IT-PED-00531,PED-00531,PROD-01,1,99.0
IT-PED-00532,PED-00532,PROD-02,1,299.0
IT-PED-00533,PED-00533,PROD-03,1,999.0
IT-PED-00534,PED-00534,PROD-01,1,99.0
IT-PED-00535,PED-00535,PROD-03,1,999.0
IT-PED-00536,PED-00536,PROD-02,1,299.0
IT-PED-00537,PED-00537,PROD-02,1,299.0
IT-PED-00538,PED-00538,PROD-01,1,99.0
IT-PED-00539,PED-00539,PROD-01,1,99.0
IT-PED-00540,PED-00540,PROD-03,1,999.0
IT-PED-00541,PED-00541,PROD-02,1,299.0
IT-PED-00542,PED-00542,PROD-03,1,999.0
IT-PED-00543,PED-00543,PROD-01,1,99.0
IT-PED-00544,PED-00544,PROD-01,1,99.0
IT-PED-00545,PED-00545,PROD-03,1,999.0
IT-PED-00546,PED-00546,PROD-03,1,999.0
IT-PED-00547,PED-00547,PROD-02,1,299.0
IT-PED-00548,PED-00548,PROD-03,1,999.0
IT-PED-00549,PED-00549,PROD-01,1,99.0
IT-PED-00550,PED-00550,PROD-01,1,99.0
IT-PED-00551,PED-00551,PROD-01,1,99.0
IT-PED-00552,PED-00552,PROD-01,1,99.0
IT-PED-00553,PED-00553,PROD-03,1,999.0
IT-PED-00554,PED-00554,PROD-03,1,999.0
IT-PED-00555,PED-00555,PROD-01,1,99.0
IT-PED-00556,PED-00556,PROD-03,1,999.0
IT-PED-00557,PED-00557,PROD-03,1,999.0
IT-PED-00558,PED-00558,PROD-02,1,299.0
IT-PED-00559,PED-00559,PROD-02,1,299.0
IT-PED-00560,PED-00560,PROD-03,1,999.0
IT-PED-00561,PED-00561,PROD-03,1,999.0
IT-PED-00562,PED-00562,PROD-01,1,99.0
IT-PED-00563,PED-00563,PROD-03,1,999.0
IT-PED-00564,PED-00564,PROD-03,1,999.0
IT-PED-00565,PED-00565,PROD-03,1,999.0
IT-PED-00566,PED-00566,PROD-01,1,99.0
IT-PED-00567,PED-00567,PROD-03,1,999.0
IT-PED-00568,PED-00568,PROD-01,1,99.0
IT-PED-00569,PED-00569,PROD-02,1,299.0
IT-PED-00570,PED-00570,PROD-01,1,99.0
IT-PED-00571,PED-00571,PROD-02,1,299.0
IT-PED-00572,PED-00572,PROD-03,1,999.0
IT-PED-00573,PED-00573,PROD-02,1,299.0
IT-PED-00574,PED-00574,PROD-03,1,999.0
IT-PED-00575,PED-00575,PROD-02,1,299.0
IT-PED-00576,PED-00576,PROD-02,1,299.0
IT-PED-00577,PED-00577,PROD-03,1,999.0
IT-PED-00578,PED-00578,PROD-01,1,99.0
IT-PED-00579,PED-00579,PROD-03,1,999.0
IT-PED-00580,PED-00580,PROD-03,1,999.0
IT-PED-00581,PED-00581,PROD-01,1,99.0
IT-PED-00582,PED-00582,PROD-03,1,999.0
IT-PED-00583,PED-00583,PROD-01,1,99.0
IT-PED-00584,PED-00584,PROD-02,1,299.0
IT-PED-00585,PED-00585,PROD-03,1,999.0
IT-PED-00586,PED-00586,PROD-02,1,299.0
IT-PED-00587,PED-00587,PROD-03,1,999.0
IT-PED-00588,PED-00588,PROD-01,1,99.0
IT-PED-00589,PED-00589,PROD-03,1,999.0
IT-PED-00590,PED-00590,PROD-03,1,999.0
IT-PED-00591,PED-00591,PROD-03,1,999.0
IT-PED-00592,PED-00592,PROD-03,1,999.0
IT-PED-00593,PED-00593,PROD-02,1,299.0
IT-PED-00594,PED-00594,PROD-03,1,999.0
IT-PED-00595,PED-00595,PROD-02,1,299.0
IT-PED-00596,PED-00596,PROD-02,1,299.0
IT-PED-00597,PED-00597,PROD-03,1,999.0
IT-PED-00598,PED-00598,PROD-03,1,999.0
IT-PED-00599,PED-00599,PROD-03,1,999.0
IT-PED-00600,PED-00600,PROD-03,1,999.0
IT-PED-00601,PED-00601,PROD-03,1,999.0
IT-PED-00602,PED-00602,PROD-01,1,99.0
IT-PED-00603,PED-00603,PROD-02,1,299.0
IT-PED-00604,PED-00604,PROD-03,1,999.0
IT-PED-00605,PED-00605,PROD-02,1,299.0
IT-PED-00606,PED-00606,PROD-01,1,99.0
IT-PED-00607,PED-00607,PROD-01,1,99.0
IT-PED-00608,PED-00608,PROD-03,1,999.0
IT-PED-00609,PED-00609,PROD-01,1,99.0
IT-PED-00610,PED-00610,PROD-01,1,99.0
IT-PED-00611,PED-00611,PROD-03,1,999.0
IT-PED-00612,PED-00612,PROD-01,1,99.0
IT-PED-00613,PED-00613,PROD-02,1,299.0
IT-PED-00614,PED-00614,PROD-01,1,99.0
IT-PED-00615,PED-00615,PROD-03,1,999.0
IT-PED-00616,PED-00616,PROD-03,1,999.0
IT-PED-00617,PED-00617,PROD-03,1,999.0
IT-PED-00618,PED-00618,PROD-03,1,999.0
IT-PED-00619,PED-00619,PROD-01,1,99.0
IT-PED-00620,PED-00620,PROD-02,1,299.0
IT-PED-00621,PED-00621,PROD-02,1,299.0
IT-PED-00622,PED-00622,PROD-01,1,99.0
IT-PED-00623,PED-00623,PROD-01,1,99.0
IT-PED-00624,PED-00624,PROD-01,1,99.0
IT-PED-00625,PED-00625,PROD-01,1,99.0
IT-PED-00626,PED-00626,PROD-03,1,999.0
IT-PED-00627,PED-00627,PROD-01,1,99.0
IT-PED-00628,PED-00628,PROD-01,1,99.0
IT-PED-00629,PED-00629,PROD-02,1,299.0
IT-PED-00630,PED-00630,PROD-02,1,299.0
IT-PED-00631,PED-00631,PROD-02,1,299.0
IT-PED-00632,PED-00632,PROD-01,1,99.0
IT-PED-00633,PED-00633,PROD-01,1,99.0
IT-PED-00634,PED-00634,PROD-01,1,99.0
IT-PED-00635,PED-00635,PROD-03,1,999.0
IT-PED-00636,PED-00636,PROD-03,1,999.0
IT-PED-00637,PED-00637,PROD-01,1,99.0
IT-PED-00638,PED-00638,PROD-03,1,999.0
IT-PED-00639,PED-00639,PROD-02,1,299.0
IT-PED-00640,PED-00640,PROD-02,1,299.0
IT-PED-00641,PED-00641,PROD-01,1,99.0
IT-PED-00642,PED-00642,PROD-03,1,999.0
IT-PED-00643,PED-00643,PROD-01,1,99.0
IT-PED-00644,PED-00644,PROD-01,1,99.0
IT-PED-00645,PED-00645,PROD-01,1,99.0
IT-PED-00646,PED-00646,PROD-03,1,999.0
IT-PED-00647,PED-00647,PROD-02,1,299.0
IT-PED-00648,PED-00648,PROD-03,1,999.0
IT-PED-00649,PED-00649,PROD-01,1,99.0
IT-PED-00650,PED-00650,PROD-01,1,99.0
IT-PED-00651,PED-00651,PROD-03,1,999.0
IT-PED-00652,PED-00652,PROD-02,1,299.0
IT-PED-00653,PED-00653,PROD-03,1,999.0
IT-PED-00654,PED-00654,PROD-01,1,99.0
IT-PED-00655,PED-00655,PROD-03,1,999.0
IT-PED-00656,PED-00656,PROD-02,1,299.0
IT-PED-00657,PED-00657,PROD-01,1,99.0
IT-PED-00658,PED-00658,PROD-02,1,299.0
IT-PED-00659,PED-00659,PROD-03,1,999.0
IT-PED-00660,PED-00660,PROD-02,1,299.0
IT-PED-00661,PED-00661,PROD-01,1,99.0
IT-PED-00662,PED-00662,PROD-01,1,99.0
IT-PED-00663,PED-00663,PROD-02,1,299.0
IT-PED-00664,PED-00664,PROD-02,1,299.0
IT-PED-00665,PED-00665,PROD-03,1,999.0
IT-PED-00666,PED-00666,PROD-01,1,99.0
IT-PED-00667,PED-00667,PROD-01,1,99.0
IT-PED-00668,PED-00668,PROD-03,1,999.0
IT-PED-00669,PED-00669,PROD-02,1,299.0
IT-PED-00670,PED-00670,PROD-02,1,299.0
IT-PED-00671,PED-00671,PROD-03,1,999.0
IT-PED-00672,PED-00672,PROD-02,1,299.0
IT-PED-00673,PED-00673,PROD-01,1,99.0
IT-PED-00674,PED-00674,PROD-02,1,299.0
IT-PED-00675,PED-00675,PROD-01,1,99.0
IT-PED-00676,PED-00676,PROD-01,1,99.0
IT-PED-00677,PED-00677,PROD-03,1,999.0
IT-PED-00678,PED-00678,PROD-02,1,299.0
IT-PED-00679,PED-00679,PROD-01,1,99.0
IT-PED-00680,PED-00680,PROD-03,1,999.0
IT-PED-00681,PED-00681,PROD-03,1,999.0
IT-PED-00682,PED-00682,PROD-01,1,99.0
IT-PED-00683,PED-00683,PROD-02,1,299.0
IT-PED-00684,PED-00684,PROD-01,1,99.0
IT-PED-00685,PED-00685,PROD-01,1,99.0
IT-PED-00686,PED-00686,PROD-03,1,999.0
IT-PED-00687,PED-00687,PROD-03,1,999.0
IT-PED-00688,PED-00688,PROD-01,1,99.0
IT-PED-00689,PED-00689,PROD-03,1,999.0
IT-PED-00690,PED-00690,PROD-01,1,99.0
IT-PED-00691,PED-00691,PROD-01,1,99.0
IT-PED-00692,PED-00692,PROD-01,1,99.0
IT-PED-00693,PED-00693,PROD-02,1,299.0
IT-PED-00694,PED-00694,PROD-01,1,99.0
IT-PED-00695,PED-00695,PROD-02,1,299.0
IT-PED-00696,PED-00696,PROD-03,1,999.0
IT-PED-00697,PED-00697,PROD-02,1,299.0
IT-PED-00698,PED-00698,PROD-01,1,99.0
IT-PED-00699,PED-00699,PROD-02,1,299.0
IT-PED-00700,PED-00700,PROD-03,1,999.0
IT-PED-00701,PED-00701,PROD-03,1,999.0
IT-PED-00702,PED-00702,PROD-01,1,99.0
IT-PED-00703,PED-00703,PROD-01,1,99.0
IT-PED-00704,PED-00704,PROD-03,1,999.0
IT-PED-00705,PED-00705,PROD-01,1,99.0
IT-PED-00706,PED-00706,PROD-03,1,999.0
IT-PED-00707,PED-00707,PROD-03,1,999.0
IT-PED-00708,PED-00708,PROD-03,1,999.0
IT-PED-00709,PED-00709,PROD-03,1,999.0
IT-PED-00710,PED-00710,PROD-02,1,299.0
IT-PED-00711,PED-00711,PROD-01,1,99.0
IT-PED-00712,PED-00712,PROD-02,1,299.0
IT-PED-00713,PED-00713,PROD-03,1,999.0
IT-PED-00714,PED-00714,PROD-03,1,999.0
IT-PED-00715,PED-00715,PROD-01,1,99.0
IT-PED-00716,PED-00716,PROD-03,1,999.0
IT-PED-00717,PED-00717,PROD-03,1,999.0
IT-PED-00718,PED-00718,PROD-02,1,299.0
IT-PED-00719,PED-00719,PROD-03,1,999.0
IT-PED-00720,PED-00720,PROD-01,1,99.0
IT-PED-00721,PED-00721,PROD-01,1,99.0
IT-PED-00722,PED-00722,PROD-02,1,299.0
IT-PED-00723,PED-00723,PROD-01,1,99.0
IT-PED-00724,PED-00724,PROD-01,1,99.0
IT-PED-00725,PED-00725,PROD-02,1,299.0
IT-PED-00726,PED-00726,PROD-01,1,99.0
IT-PED-00727,PED-00727,PROD-02,1,299.0
IT-PED-00728,PED-00728,PROD-02,1,299.0
IT-PED-00729,PED-00729,PROD-03,1,999.0
IT-PED-00730,PED-00730,PROD-01,1,99.0
IT-PED-00731,PED-00731,PROD-02,1,299.0
IT-PED-00732,PED-00732,PROD-02,1,299.0
IT-PED-00733,PED-00733,PROD-02,1,299.0
IT-PED-00734,PED-00734,PROD-02,1,299.0
IT-PED-00735,PED-00735,PROD-01,1,99.0
IT-PED-00736,PED-00736,PROD-02,1,299.0
IT-PED-00737,PED-00737,PROD-01,1,99.0
IT-PED-00738,PED-00738,PROD-01,1,99.0
IT-PED-00739,PED-00739,PROD-02,1,299.0
IT-PED-00740,PED-00740,PROD-01,1,99.0
IT-PED-00741,PED-00741,PROD-01,1,99.0
IT-PED-00742,PED-00742,PROD-01,1,99.0
IT-PED-00743,PED-00743,PROD-01,1,99.0
IT-PED-00744,PED-00744,PROD-01,1,99.0
IT-PED-00745,PED-00745,PROD-02,1,299.0
IT-PED-00746,PED-00746,PROD-02,1,299.0
IT-PED-00747,PED-00747,PROD-03,1,999.0
IT-PED-00748,PED-00748,PROD-01,1,99.0
IT-PED-00749,PED-00749,PROD-03,1,999.0
IT-PED-00750,PED-00750,PROD-02,1,299.0
IT-PED-00751,PED-00751,PROD-03,1,999.0
IT-PED-00752,PED-00752,PROD-02,1,299.0
IT-PED-00753,PED-00753,PROD-03,1,999.0
IT-PED-00754,PED-00754,PROD-01,1,99.0
IT-PED-00755,PED-00755,PROD-01,1,99.0
IT-PED-00756,PED-00756,PROD-01,1,99.0
IT-PED-00757,PED-00757,PROD-01,1,99.0
IT-PED-00758,PED-00758,PROD-03,1,999.0
IT-PED-00759,PED-00759,PROD-02,1,299.0
IT-PED-00760,PED-00760,PROD-01,1,99.0
IT-PED-00761,PED-00761,PROD-02,1,299.0
IT-PED-00762,PED-00762,PROD-02,1,299.0
IT-PED-00763,PED-00763,PROD-03,1,999.0
IT-PED-00764,PED-00764,PROD-02,1,299.0
IT-PED-00765,PED-00765,PROD-03,1,999.0
IT-PED-00766,PED-00766,PROD-03,1,999.0
IT-PED-00767,PED-00767,PROD-03,1,999.0
IT-PED-00768,PED-00768,PROD-02,1,299.0
IT-PED-00769,PED-00769,PROD-03,1,999.0
IT-PED-00770,PED-00770,PROD-03,1,999.0
IT-PED-00771,PED-00771,PROD-01,1,99.0
IT-PED-00772,PED-00772,PROD-02,1,299.0
IT-PED-00773,PED-00773,PROD-01,1,99.0
IT-PED-00774,PED-00774,PROD-03,1,999.0
IT-PED-00775,PED-00775,PROD-03,1,999.0
IT-PED-00776,PED-00776,PROD-02,1,299.0
IT-PED-00777,PED-00777,PROD-02,1,299.0
IT-PED-00778,PED-00778,PROD-03,1,999.0
IT-PED-00779,PED-00779,PROD-02,1,299.0
IT-PED-00780,PED-00780,PROD-03,1,999.0
IT-PED-00781,PED-00781,PROD-02,1,299.0
IT-PED-00782,PED-00782,PROD-03,1,999.0
IT-PED-00783,PED-00783,PROD-03,1,999.0
IT-PED-00784,PED-00784,PROD-01,1,99.0
IT-PED-00785,PED-00785,PROD-03,1,999.0
IT-PED-00786,PED-00786,PROD-03,1,999.0
IT-PED-00787,PED-00787,PROD-02,1,299.0
IT-PED-00788,PED-00788,PROD-02,1,299.0
IT-PED-00789,PED-00789,PROD-02,1,299.0
IT-PED-00790,PED-00790,PROD-02,1,299.0
IT-PED-00791,PED-00791,PROD-01,1,99.0
IT-PED-00792,PED-00792,PROD-02,1,299.0
IT-PED-00793,PED-00793,PROD-02,1,299.0
IT-PED-00794,PED-00794,PROD-02,1,299.0
IT-PED-00795,PED-00795,PROD-02,1,299.0
IT-PED-00796,PED-00796,PROD-02,1,299.0
IT-PED-00797,PED-00797,PROD-03,1,999.0
IT-PED-00798,PED-00798,PROD-03,1,999.0
IT-PED-00799,PED-00799,PROD-01,1,99.0
IT-PED-00800,PED-00800,PROD-03,1,999.0
IT-PED-00801,PED-00801,PROD-02,1,299.0
IT-PED-00802,PED-00802,PROD-03,1,999.0
IT-PED-00803,PED-00803,PROD-01,1,99.0
IT-PED-00804,PED-00804,PROD-03,1,999.0
IT-PED-00805,PED-00805,PROD-02,1,299.0
IT-PED-00806,PED-00806,PROD-02,1,299.0
IT-PED-00807,PED-00807,PROD-01,1,99.0
IT-PED-00808,PED-00808,PROD-02,1,299.0
IT-PED-00809,PED-00809,PROD-01,1,99.0
IT-PED-00810,PED-00810,PROD-02,1,299.0
IT-PED-00811,PED-00811,PROD-01,1,99.0
IT-PED-00812,PED-00812,PROD-03,1,999.0
IT-PED-00813,PED-00813,PROD-02,1,299.0
IT-PED-00814,PED-00814,PROD-01,1,99.0
IT-PED-00815,PED-00815,PROD-03,1,999.0
IT-PED-00816,PED-00816,PROD-01,1,99.0
IT-PED-00817,PED-00817,PROD-01,1,99.0
IT-PED-00818,PED-00818,PROD-02,1,299.0
IT-PED-00819,PED-00819,PROD-03,1,999.0
IT-PED-00820,PED-00820,PROD-01,1,99.0
IT-PED-00821,PED-00821,PROD-02,1,299.0
IT-PED-00822,PED-00822,PROD-01,1,99.0
IT-PED-00823,PED-00823,PROD-02,1,299.0
IT-PED-00824,PED-00824,PROD-01,1,99.0
IT-PED-00825,PED-00825,PROD-03,1,999.0
IT-PED-00826,PED-00826,PROD-01,1,99.0
IT-PED-00827,PED-00827,PROD-01,1,99.0
IT-PED-00828,PED-00828,PROD-02,1,299.0
IT-PED-00829,PED-00829,PROD-01,1,99.0
IT-PED-00830,PED-00830,PROD-02,1,299.0
IT-PED-00831,PED-00831,PROD-02,1,299.0
IT-PED-00832,PED-00832,PROD-01,1,99.0
IT-PED-00833,PED-00833,PROD-02,1,299.0
IT-PED-00834,PED-00834,PROD-03,1,999.0
IT-PED-00835,PED-00835,PROD-01,1,99.0
IT-PED-00836,PED-00836,PROD-02,1,299.0
IT-PED-00837,PED-00837,PROD-03,1,999.0
IT-PED-00838,PED-00838,PROD-02,1,299.0
IT-PED-00839,PED-00839,PROD-02,1,299.0
IT-PED-00840,PED-00840,PROD-03,1,999.0
IT-PED-00841,PED-00841,PROD-03,1,999.0
IT-PED-00842,PED-00842,PROD-01,1,99.0
IT-PED-00843,PED-00843,PROD-03,1,999.0
IT-PED-00844,PED-00844,PROD-01,1,99.0
IT-PED-00845,PED-00845,PROD-01,1,99.0
IT-PED-00846,PED-00846,PROD-01,1,99.0
IT-PED-00847,PED-00847,PROD-03,1,999.0
IT-PED-00848,PED-00848,PROD-02,1,299.0
IT-PED-00849,PED-00849,PROD-01,1,99.0
IT-PED-00850,PED-00850,PROD-01,1,99.0
IT-PED-00851,PED-00851,PROD-03,1,999.0
IT-PED-00852,PED-00852,PROD-03,1,999.0
IT-PED-00853,PED-00853,PROD-03,1,999.0
IT-PED-00854,PED-00854,PROD-03,1,999.0
IT-PED-00855,PED-00855,PROD-03,1,999.0
IT-PED-00856,PED-00856,PROD-02,1,299.0
IT-PED-00857,PED-00857,PROD-01,1,99.0
IT-PED-00858,PED-00858,PROD-02,1,299.0
IT-PED-00859,PED-00859,PROD-01,1,99.0
IT-PED-00860,PED-00860,PROD-01,1,99.0
IT-PED-00861,PED-00861,PROD-01,1,99.0
IT-PED-00862,PED-00862,PROD-01,1,99.0
IT-PED-00863,PED-00863,PROD-01,1,99.0
IT-PED-00864,PED-00864,PROD-03,1,999.0
IT-PED-00865,PED-00865,PROD-02,1,299.0
IT-PED-00866,PED-00866,PROD-02,1,299.0
IT-PED-00867,PED-00867,PROD-02,1,299.0
IT-PED-00868,PED-00868,PROD-03,1,999.0
IT-PED-00869,PED-00869,PROD-01,1,99.0
IT-PED-00870,PED-00870,PROD-01,1,99.0
IT-PED-00871,PED-00871,PROD-01,1,99.0
IT-PED-00872,PED-00872,PROD-01,1,99.0
IT-PED-00873,PED-00873,PROD-02,1,299.0
IT-PED-00874,PED-00874,PROD-02,1,299.0
IT-PED-00875,PED-00875,PROD-03,1,999.0
IT-PED-00876,PED-00876,PROD-01,1,99.0
IT-PED-00877,PED-00877,PROD-01,1,99.0
IT-PED-00878,PED-00878,PROD-02,1,299.0
IT-PED-00879,PED-00879,PROD-02,1,299.0
IT-PED-00880,PED-00880,PROD-03,1,999.0
IT-PED-00881,PED-00881,PROD-02,1,299.0
IT-PED-00882,PED-00882,PROD-01,1,99.0
IT-PED-00883,PED-00883,PROD-03,1,999.0
IT-PED-00884,PED-00884,PROD-03,1,999.0
IT-PED-00885,PED-00885,PROD-03,1,999.0
IT-PED-00886,PED-00886,PROD-02,1,299.0
IT-PED-00887,PED-00887,PROD-02,1,299.0
IT-PED-00888,PED-00888,PROD-03,1,999.0
IT-PED-00889,PED-00889,PROD-02,1,299.0
IT-PED-00890,PED-00890,PROD-03,1,999.0
IT-PED-00891,PED-00891,PROD-02,1,299.0
IT-PED-00892,PED-00892,PROD-02,1,299.0
IT-PED-00893,PED-00893,PROD-03,1,999.0
IT-PED-00894,PED-00894,PROD-03,1,999.0
IT-PED-00895,PED-00895,PROD-03,1,999.0
IT-PED-00896,PED-00896,PROD-01,1,99.0
IT-PED-00897,PED-00897,PROD-01,1,99.0
IT-PED-00898,PED-00898,PROD-03,1,999.0
IT-PED-00899,PED-00899,PROD-03,1,999.0
IT-PED-00900,PED-00900,PROD-03,1,999.0
IT-PED-00901,PED-00901,PROD-03,1,999.0
IT-PED-00902,PED-00902,PROD-01,1,99.0
IT-PED-00903,PED-00903,PROD-02,1,299.0
IT-PED-00904,PED-00904,PROD-01,1,99.0
IT-PED-00905,PED-00905,PROD-01,1,99.0
IT-PED-00906,PED-00906,PROD-01,1,99.0
IT-PED-00907,PED-00907,PROD-01,1,99.0
IT-PED-00908,PED-00908,PROD-03,1,999.0
IT-PED-00909,PED-00909,PROD-03,1,999.0
IT-PED-00910,PED-00910,PROD-01,1,99.0
IT-PED-00911,PED-00911,PROD-02,1,299.0
IT-PED-00912,PED-00912,PROD-01,1,99.0
IT-PED-00913,PED-00913,PROD-01,1,99.0
IT-PED-00914,PED-00914,PROD-03,1,999.0
IT-PED-00915,PED-00915,PROD-03,1,999.0
IT-PED-00916,PED-00916,PROD-03,1,999.0
IT-PED-00917,PED-00917,PROD-01,1,99.0
IT-PED-00918,PED-00918,PROD-03,1,999.0
IT-PED-00919,PED-00919,PROD-03,1,999.0
IT-PED-00920,PED-00920,PROD-02,1,299.0
IT-PED-00921,PED-00921,PROD-03,1,999.0
IT-PED-00922,PED-00922,PROD-03,1,999.0
IT-PED-00923,PED-00923,PROD-03,1,999.0
IT-PED-00924,PED-00924,PROD-02,1,299.0
IT-PED-00925,PED-00925,PROD-01,1,99.0
IT-PED-00926,PED-00926,PROD-03,1,999.0
IT-PED-00927,PED-00927,PROD-03,1,999.0
IT-PED-00928,PED-00928,PROD-01,1,99.0
IT-PED-00929,PED-00929,PROD-02,1,299.0
IT-PED-00930,PED-00930,PROD-01,1,99.0
IT-PED-00931,PED-00931,PROD-02,1,299.0
IT-PED-00932,PED-00932,PROD-02,1,299.0
IT-PED-00933,PED-00933,PROD-01,1,99.0
IT-PED-00934,PED-00934,PROD-02,1,299.0
IT-PED-00935,PED-00935,PROD-01,1,99.0
IT-PED-00936,PED-00936,PROD-01,1,99.0
IT-PED-00937,PED-00937,PROD-01,1,99.0
IT-PED-00938,PED-00938,PROD-01,1,99.0
IT-PED-00939,PED-00939,PROD-01,1,99.0
IT-PED-00940,PED-00940,PROD-03,1,999.0
IT-PED-00941,PED-00941,PROD-02,1,299.0
IT-PED-00942,PED-00942,PROD-01,1,99.0
IT-PED-00943,PED-00943,PROD-02,1,299.0
IT-PED-00944,PED-00944,PROD-01,1,99.0
IT-PED-00945,PED-00945,PROD-02,1,299.0
IT-PED-00946,PED-00946,PROD-02,1,299.0
IT-PED-00947,PED-00947,PROD-03,1,999.0
IT-PED-00948,PED-00948,PROD-01,1,99.0
IT-PED-00949,PED-00949,PROD-02,1,299.0
IT-PED-00950,PED-00950,PROD-03,1,999.0
IT-PED-00951,PED-00951,PROD-01,1,99.0
IT-PED-00952,PED-00952,PROD-02,1,299.0
IT-PED-00953,PED-00953,PROD-02,1,299.0
IT-PED-00954,PED-00954,PROD-01,1,99.0
IT-PED-00955,PED-00955,PROD-01,1,99.0
IT-PED-00956,PED-00956,PROD-02,1,299.0
IT-PED-00957,PED-00957,PROD-03,1,999.0
IT-PED-00958,PED-00958,PROD-03,1,999.0
IT-PED-00959,PED-00959,PROD-02,1,299.0
IT-PED-00960,PED-00960,PROD-03,1,999.0
IT-PED-00961,PED-00961,PROD-02,1,299.0
IT-PED-00962,PED-00962,PROD-01,1,99.0
IT-PED-00963,PED-00963,PROD-01,1,99.0
IT-PED-00964,PED-00964,PROD-02,1,299.0
IT-PED-00965,PED-00965,PROD-03,1,999.0
IT-PED-00966,PED-00966,PROD-02,1,299.0
IT-PED-00967,PED-00967,PROD-01,1,99.0
IT-PED-00968,PED-00968,PROD-02,1,299.0
IT-PED-00969,PED-00969,PROD-01,1,99.0
IT-PED-00970,PED-00970,PROD-03,1,999.0
IT-PED-00971,PED-00971,PROD-01,1,99.0
IT-PED-00972,PED-00972,PROD-02,1,299.0
IT-PED-00973,PED-00973,PROD-03,1,999.0
IT-PED-00974,PED-00974,PROD-03,1,999.0
IT-PED-00975,PED-00975,PROD-03,1,999.0
IT-PED-00976,PED-00976,PROD-01,1,99.0
IT-PED-00977,PED-00977,PROD-01,1,99.0
IT-PED-00978,PED-00978,PROD-03,1,999.0
IT-PED-00979,PED-00979,PROD-01,1,99.0
IT-PED-00980,PED-00980,PROD-03,1,999.0
IT-PED-00981,PED-00981,PROD-03,1,999.0
IT-PED-00982,PED-00982,PROD-02,1,299.0
IT-PED-00983,PED-00983,PROD-02,1,299.0
IT-PED-00984,PED-00984,PROD-01,1,99.0
IT-PED-00985,PED-00985,PROD-02,1,299.0
IT-PED-00986,PED-00986,PROD-03,1,999.0
IT-PED-00987,PED-00987,PROD-03,1,999.0
IT-PED-00988,PED-00988,PROD-01,1,99.0
IT-PED-00989,PED-00989,PROD-01,1,99.0
IT-PED-00990,PED-00990,PROD-02,1,299.0
IT-PED-00991,PED-00991,PROD-03,1,999.0
IT-PED-00992,PED-00992,PROD-01,1,99.0
IT-PED-00993,PED-00993,PROD-01,1,99.0
IT-PED-00994,PED-00994,PROD-03,1,999.0
IT-PED-00995,PED-00995,PROD-02,1,299.0
IT-PED-00996,PED-00996,PROD-01,1,99.0
IT-PED-00997,PED-00997,PROD-02,1,299.0
IT-PED-00998,PED-00998,PROD-03,1,999.0
IT-PED-00999,PED-00999,PROD-03,1,999.0
IT-PED-01000,PED-01000,PROD-02,1,299.0
IT-PED-01001,PED-01001,PROD-01,1,99.0
IT-PED-01002,PED-01002,PROD-03,1,999.0
IT-PED-01003,PED-01003,PROD-01,1,99.0
IT-PED-01004,PED-01004,PROD-02,1,299.0
IT-PED-01005,PED-01005,PROD-01,1,99.0
IT-PED-01006,PED-01006,PROD-01,1,99.0
IT-PED-01007,PED-01007,PROD-03,1,999.0
IT-PED-01008,PED-01008,PROD-02,1,299.0
IT-PED-01009,PED-01009,PROD-03,1,999.0
IT-PED-01010,PED-01010,PROD-03,1,999.0
IT-PED-01011,PED-01011,PROD-01,1,99.0
IT-PED-01012,PED-01012,PROD-02,1,299.0
IT-PED-01013,PED-01013,PROD-03,1,999.0
IT-PED-01014,PED-01014,PROD-02,1,299.0
IT-PED-01015,PED-01015,PROD-03,1,999.0
IT-PED-01016,PED-01016,PROD-03,1,999.0
IT-PED-01017,PED-01017,PROD-02,1,299.0
IT-PED-01018,PED-01018,PROD-02,1,299.0
IT-PED-01019,PED-01019,PROD-02,1,299.0
IT-PED-01020,PED-01020,PROD-03,1,999.0
IT-PED-01021,PED-01021,PROD-02,1,299.0
IT-PED-01022,PED-01022,PROD-03,1,999.0
IT-PED-01023,PED-01023,PROD-01,1,99.0
IT-PED-01024,PED-01024,PROD-01,1,99.0
IT-PED-01025,PED-01025,PROD-03,1,999.0
IT-PED-01026,PED-01026,PROD-01,1,99.0
IT-PED-01027,PED-01027,PROD-02,1,299.0
IT-PED-01028,PED-01028,PROD-01,1,99.0
IT-PED-01029,PED-01029,PROD-03,1,999.0
IT-PED-01030,PED-01030,PROD-03,1,999.0
IT-PED-01031,PED-01031,PROD-02,1,299.0
IT-PED-01032,PED-01032,PROD-02,1,299.0
IT-PED-01033,PED-01033,PROD-03,1,999.0
IT-PED-01034,PED-01034,PROD-01,1,99.0
IT-PED-01035,PED-01035,PROD-03,1,999.0
IT-PED-01036,PED-01036,PROD-02,1,299.0
IT-PED-01037,PED-01037,PROD-03,1,999.0
IT-PED-01038,PED-01038,PROD-03,1,999.0
IT-PED-01039,PED-01039,PROD-01,1,99.0
IT-PED-01040,PED-01040,PROD-02,1,299.0
IT-PED-01041,PED-01041,PROD-01,1,99.0
IT-PED-01042,PED-01042,PROD-03,1,999.0
IT-PED-01043,PED-01043,PROD-01,1,99.0
IT-PED-01044,PED-01044,PROD-03,1,999.0
IT-PED-01045,PED-01045,PROD-01,1,99.0
IT-PED-01046,PED-01046,PROD-01,1,99.0
IT-PED-01047,PED-01047,PROD-01,1,99.0
IT-PED-01048,PED-01048,PROD-03,1,999.0
IT-PED-01049,PED-01049,PROD-03,1,999.0
IT-PED-01050,PED-01050,PROD-02,1,299.0
IT-PED-01051,PED-01051,PROD-03,1,999.0
IT-PED-01052,PED-01052,PROD-01,1,99.0
IT-PED-01053,PED-01053,PROD-02,1,299.0
IT-PED-01054,PED-01054,PROD-03,1,999.0
IT-PED-01055,PED-01055,PROD-03,1,999.0
IT-PED-01056,PED-01056,PROD-01,1,99.0
IT-PED-01057,PED-01057,PROD-02,1,299.0
IT-PED-01058,PED-01058,PROD-02,1,299.0
IT-PED-01059,PED-01059,PROD-01,1,99.0
IT-PED-01060,PED-01060,PROD-02,1,299.0
IT-PED-01061,PED-01061,PROD-01,1,99.0
IT-PED-01062,PED-01062,PROD-03,1,999.0
IT-PED-01063,PED-01063,PROD-03,1,999.0
IT-PED-01064,PED-01064,PROD-01,1,99.0
IT-PED-01065,PED-01065,PROD-02,1,299.0
IT-PED-01066,PED-01066,PROD-02,1,299.0
IT-PED-01067,PED-01067,PROD-01,1,99.0
IT-PED-01068,PED-01068,PROD-03,1,999.0
IT-PED-01069,PED-01069,PROD-02,1,299.0
IT-PED-01070,PED-01070,PROD-03,1,999.0
IT-PED-01071,PED-01071,PROD-01,1,99.0
IT-PED-01072,PED-01072,PROD-03,1,999.0
IT-PED-01073,PED-01073,PROD-01,1,99.0
IT-PED-01074,PED-01074,PROD-02,1,299.0
IT-PED-01075,PED-01075,PROD-01,1,99.0
IT-PED-01076,PED-01076,PROD-02,1,299.0
IT-PED-01077,PED-01077,PROD-02,1,299.0
IT-PED-01078,PED-01078,PROD-02,1,299.0
IT-PED-01079,PED-01079,PROD-01,1,99.0
IT-PED-01080,PED-01080,PROD-02,1,299.0
IT-PED-01081,PED-01081,PROD-01,1,99.0
IT-PED-01082,PED-01082,PROD-03,1,999.0
IT-PED-01083,PED-01083,PROD-03,1,999.0
IT-PED-01084,PED-01084,PROD-03,1,999.0
IT-PED-01085,PED-01085,PROD-02,1,299.0
IT-PED-01086,PED-01086,PROD-02,1,299.0
IT-PED-01087,PED-01087,PROD-02,1,299.0
IT-PED-01088,PED-01088,PROD-02,1,299.0
IT-PED-01089,PED-01089,PROD-02,1,299.0
IT-PED-01090,PED-01090,PROD-01,1,99.0
IT-PED-01091,PED-01091,PROD-03,1,999.0
