id_cliente,nome,email,data_primeira_compra,status_cliente,data_churn
CLI-00001,Cliente CLI-00001,user_l-00002@empresa.com,2025-02-02,Churned,2025-08-31
CLI-00002,Cliente CLI-00002,user_l-00003@empresa.com,2025-01-26,Churned,2025-05-26
CLI-00003,Cliente CLI-00003,user_l-00006@empresa.com,2025-01-20,Churned,2025-07-19
CLI-00004,Cliente CLI-00004,user_l-00010@empresa.com,2025-02-09,Churned,2025-05-10
CLI-00005,Cliente CLI-00005,user_l-00012@empresa.com,2025-01-16,Churned,2025-03-17
CLI-00006,Cliente CLI-00006,user_l-00016@empresa.com,2025-02-07,Churned,2025-05-08
CLI-00007,Cliente CLI-00007,user_l-00027@empresa.com,2025-02-07,Churned,2025-04-08
CLI-00008,Cliente CLI-00008,user_l-00039@empresa.com,2025-02-01,Churned,2025-06-01
CLI-00009,Cliente CLI-00009,user_l-00042@empresa.com,2025-01-28,Churned,2025-10-25
CLI-00010,Cliente CLI-00010,user_l-00044@empresa.com,2025-01-21,Churned,2025-06-20
CLI-00011,Cliente CLI-00011,user_l-00046@empresa.com,2025-01-30,Churned,2025-03-31
CLI-00012,Cliente CLI-00012,user_l-00050@empresa.com,2025-02-01,Churned,2025-06-01
CLI-00013,Cliente CLI-00013,user_l-00053@empresa.com,2025-01-24,Churned,2025-04-24
CLI-00014,Cliente CLI-00014,user_l-00056@empresa.com,2025-02-07,Churned,2025-03-09
CLI-00015,Cliente CLI-00015,user_l-00059@empresa.com,2025-02-07,Churned,2025-03-09
CLI-00016,Cliente CLI-00016,user_l-00060@empresa.com,2025-01-16,Churned,2025-02-15
CLI-00017,Cliente CLI-00017,user_l-00063@empresa.com,2025-01-28,Churned,2025-03-29
CLI-00018,Cliente CLI-00018,user_l-00064@empresa.com,2025-02-07,Churned,2025-07-07
CLI-00019,Cliente CLI-00019,user_l-00067@empresa.com,2025-01-17,Churned,2025-09-14
CLI-00020,Cliente CLI-00020,user_l-00069@empresa.com,2025-02-08,Churned,2025-07-08
CLI-00021,Cliente CLI-00021,user_l-00073@empresa.com,2025-02-07,Churned,2025-12-04
CLI-00022,Cliente CLI-00022,user_l-00077@empresa.com,2025-02-04,Churned,2025-12-31
CLI-00023,Cliente CLI-00023,user_l-00078@empresa.com,2025-02-08,Churned,2025-05-09
CLI-00024,Cliente CLI-00024,user_l-00081@empresa.com,2025-02-10,Churned,2025-07-10
CLI-00025,Cliente CLI-00025,user_l-00093@empresa.com,2025-01-29,Churned,2025-06-28
CLI-00026,Cliente CLI-00026,user_l-00099@empresa.com,2025-01-18,Churned,2025-02-17
CLI-00027,Cliente CLI-00027,user_l-00100@empresa.com,2025-01-20,Churned,2025-04-20
CLI-00028,Cliente CLI-00028,user_l-00105@empresa.com,2025-01-29,Churned,2025-07-28
CLI-00029,Cliente CLI-00029,user_l-00109@empresa.com,2025-02-01,Churned,2025-03-03
CLI-00030,Cliente CLI-00030,user_l-00113@empresa.com,2025-01-17,Churned,2025-04-17
CLI-00031,Cliente CLI-00031,user_l-00124@empresa.com,2025-01-24,Churned,2025-02-23
CLI-00032,Cliente CLI-00032,user_l-00131@empresa.com,2025-01-30,Churned,2025-04-30
CLI-00033,Cliente CLI-00033,user_l-00158@empresa.com,2025-01-24,Churned,2025-08-22
CLI-00034,Cliente CLI-00034,user_l-00170@empresa.com,2025-02-06,Churned,2025-03-08
CLI-00035,Cliente CLI-00035,user_l-00196@empresa.com,2025-02-01,Churned,2025-06-01
CLI-00036,Cliente CLI-00036,user_l-00197@empresa.com,2025-01-29,Churned,2025-06-28
CLI-00037,Cliente CLI-00037,user_l-00205@empresa.com,2025-02-08,Churned,2025-06-08
CLI-00038,Cliente CLI-00038,user_l-00209@empresa.com,2025-01-21,Churned,2025-08-19
CLI-00039,Cliente CLI-00039,user_l-00214@empresa.com,2025-01-22,Churned,2025-06-21
CLI-00040,Cliente CLI-00040,user_l-00217@empresa.com,2025-01-16,Churned,2025-05-16
CLI-00041,Cliente CLI-00041,user_l-00221@empresa.com,2025-02-08,Churned,2025-06-08
CLI-00042,Cliente CLI-00042,user_l-00229@empresa.com,2025-02-02,Churned,2025-05-03
CLI-00043,Cliente CLI-00043,user_l-00232@empresa.com,2025-02-04,Churned,2025-10-02
CLI-00044,Cliente CLI-00044,user_l-00239@empresa.com,2025-02-11,Churned,2025-10-09
CLI-00045,Cliente CLI-00045,user_l-00242@empresa.com,2025-01-31,Churned,2025-07-30
CLI-00046,Cliente CLI-00046,user_l-00244@empresa.com,2025-01-19,Churned,2025-05-19
CLI-00047,Cliente CLI-00047,user_l-00269@empresa.com,2025-02-11,Churned,2025-03-13
CLI-00048,Cliente CLI-00048,user_l-00272@empresa.com,2025-01-19,Churned,2025-07-18
CLI-00049,Cliente CLI-00049,user_l-00279@empresa.com,2025-01-16,Churned,2025-02-15
CLI-00050,Cliente CLI-00050,user_l-00287@empresa.com,2025-02-03,Churned,2025-08-02
CLI-00051,Cliente CLI-00051,user_l-00289@empresa.com,2025-01-26,Churned,2025-03-27
CLI-00052,Cliente CLI-00052,user_l-00292@empresa.com,2025-01-23,Churned,2025-05-23
CLI-00053,Cliente CLI-00053,user_l-00293@empresa.com,2025-01-20,Churned,2025-11-16
CLI-00054,Cliente CLI-00054,user_l-00294@empresa.com,2025-01-28,Ativo,
CLI-00055,Cliente CLI-00055,user_l-00299@empresa.com,2025-01-19,Churned,2025-07-18
CLI-00056,Cliente CLI-00056,user_l-00306@empresa.com,2025-02-02,Churned,2025-04-03
CLI-00057,Cliente CLI-00057,user_l-00321@empresa.com,2025-01-20,Churned,2025-02-19
CLI-00058,Cliente CLI-00058,user_l-00327@empresa.com,2025-01-29,Churned,2025-12-25
CLI-00059,Cliente CLI-00059,user_l-00329@empresa.com,2025-02-08,Churned,2025-04-09
CLI-00060,Cliente CLI-00060,user_l-00335@empresa.com,2025-02-08,Churned,2025-11-05
CLI-00061,Cliente CLI-00061,user_l-00341@empresa.com,2025-01-26,Churned,2025-04-26
CLI-00062,Cliente CLI-00062,user_l-00344@empresa.com,2025-02-08,Churned,2025-09-06
CLI-00063,Cliente CLI-00063,user_l-00351@empresa.com,2025-02-11,Churned,2025-04-12
CLI-00064,Cliente CLI-00064,user_l-00353@empresa.com,2025-02-09,Churned,2025-09-07
CLI-00065,Cliente CLI-00065,user_l-00357@empresa.com,2025-01-25,Churned,2025-08-23
CLI-00066,Cliente CLI-00066,user_l-00358@empresa.com,2025-01-18,Churned,2025-12-14
CLI-00067,Cliente CLI-00067,user_l-00360@empresa.com,2025-01-19,Churned,2025-03-20
CLI-00068,Cliente CLI-00068,user_l-00367@empresa.com,2025-02-07,Churned,2025-08-06
CLI-00069,Cliente CLI-00069,user_l-00375@empresa.com,2025-01-17,Churned,2025-05-17
CLI-00070,Cliente CLI-00070,user_l-00379@empresa.com,2025-02-09,Churned,2025-08-08
CLI-00071,Cliente CLI-00071,user_l-00380@empresa.com,2025-02-08,Ativo,
CLI-00072,Cliente CLI-00072,user_l-00392@empresa.com,2025-02-13,Churned,2025-08-12
CLI-00073,Cliente CLI-00073,user_l-00394@empresa.com,2025-02-23,Churned,2025-03-25
CLI-00074,Cliente CLI-00074,user_l-00411@empresa.com,2025-03-01,Churned,2025-10-27
CLI-00075,Cliente CLI-00075,user_l-00412@empresa.com,2025-02-16,Churned,2025-05-17
CLI-00076,Cliente CLI-00076,user_l-00413@empresa.com,2025-03-04,Churned,2025-09-30
CLI-00077,Cliente CLI-00077,user_l-00414@empresa.com,2025-03-10,Churned,2025-07-08
CLI-00078,Cliente CLI-00078,user_l-00416@empresa.com,2025-02-25,Churned,2025-07-25
CLI-00079,Cliente CLI-00079,user_l-00443@empresa.com,2025-02-21,Churned,2025-08-20
CLI-00080,Cliente CLI-00080,user_l-00449@empresa.com,2025-03-07,Churned,2025-08-04
CLI-00081,Cliente CLI-00081,user_l-00455@empresa.com,2025-02-18,Ativo,
CLI-00082,Cliente CLI-00082,user_l-00456@empresa.com,2025-02-18,Churned,2025-07-18
CLI-00083,Cliente CLI-00083,user_l-00475@empresa.com,2025-03-11,Churned,2025-06-09
CLI-00084,Cliente CLI-00084,user_l-00476@empresa.com,2025-03-10,Churned,2025-05-09
CLI-00085,Cliente CLI-00085,user_l-00479@empresa.com,2025-02-27,Churned,2025-06-27
CLI-00086,Cliente CLI-00086,user_l-00480@empresa.com,2025-02-14,Churned,2025-07-14
CLI-00087,Cliente CLI-00087,user_l-00486@empresa.com,2025-02-24,Churned,2025-03-26
CLI-00088,Cliente CLI-00088,user_l-00490@empresa.com,2025-03-11,Churned,2025-07-09
CLI-00089,Cliente CLI-00089,user_l-00491@empresa.com,2025-02-21,Churned,2025-06-21
CLI-00090,Cliente CLI-00090,user_l-00494@empresa.com,2025-02-24,Churned,2025-06-24
CLI-00091,Cliente CLI-00091,user_l-00502@empresa.com,2025-02-27,Churned,2025-07-27
CLI-00092,Cliente CLI-00092,user_l-00504@empresa.com,2025-02-13,Churned,2025-09-11
CLI-00093,Cliente CLI-00093,user_l-00506@empresa.com,2025-02-15,Churned,2025-03-17
CLI-00094,Cliente CLI-00094,user_l-00511@empresa.com,2025-02-27,Churned,2025-07-27
CLI-00095,Cliente CLI-00095,user_l-00515@empresa.com,2025-02-24,Churned,2025-04-25
CLI-00096,Cliente CLI-00096,user_l-00519@empresa.com,2025-02-19,Churned,2025-07-19
CLI-00097,Cliente CLI-00097,user_l-00522@empresa.com,2025-02-28,Churned,2025-06-28
CLI-00098,Cliente CLI-00098,user_l-00524@empresa.com,2025-02-22,Churned,2025-04-23
CLI-00099,Cliente CLI-00099,user_l-00530@empresa.com,2025-02-27,Churned,2025-05-28
CLI-00100,Cliente CLI-00100,user_l-00533@empresa.com,2025-02-19,Churned,2025-10-17
CLI-00101,Cliente CLI-00101,user_l-00535@empresa.com,2025-03-07,Churned,2025-07-05
CLI-00102,Cliente CLI-00102,user_l-00537@empresa.com,2025-03-04,Churned,2025-07-02
CLI-00103,Cliente CLI-00103,user_l-00540@empresa.com,2025-03-01,Churned,2025-05-30
CLI-00104,Cliente CLI-00104,user_l-00543@empresa.com,2025-02-27,Churned,2025-08-26
CLI-00105,Cliente CLI-00105,user_l-00550@empresa.com,2025-03-01,Churned,2025-04-30
CLI-00106,Cliente CLI-00106,user_l-00556@empresa.com,2025-03-01,Churned,2025-07-29
CLI-00107,Cliente CLI-00107,user_l-00557@empresa.com,2025-02-13,Churned,2025-08-12
CLI-00108,Cliente CLI-00108,user_l-00565@empresa.com,2025-02-19,Churned,2025-07-19
CLI-00109,Cliente CLI-00109,user_l-00566@empresa.com,2025-03-08,Churned,2025-11-03
CLI-00110,Cliente CLI-00110,user_l-00570@empresa.com,2025-02-14,Churned,2025-07-14
CLI-00111,Cliente CLI-00111,user_l-00577@empresa.com,2025-02-23,Churned,2025-03-25
CLI-00112,Cliente CLI-00112,user_l-00578@empresa.com,2025-02-24,Churned,2025-10-22
CLI-00113,Cliente CLI-00113,user_l-00579@empresa.com,2025-02-17,Churned,2025-08-16
CLI-00114,Cliente CLI-00114,user_l-00582@empresa.com,2025-03-01,Churned,2025-07-29
CLI-00115,Cliente CLI-00115,user_l-00584@empresa.com,2025-03-09,Churned,2025-05-08
CLI-00116,Cliente CLI-00116,user_l-00585@empresa.com,2025-02-28,Churned,2025-06-28
CLI-00117,Cliente CLI-00117,user_l-00592@empresa.com,2025-02-14,Churned,2025-05-15
CLI-00118,Cliente CLI-00118,user_l-00600@empresa.com,2025-03-07,Churned,2025-08-04
CLI-00119,Cliente CLI-00119,user_l-00607@empresa.com,2025-03-10,Churned,2025-08-07
CLI-00120,Cliente CLI-00120,user_l-00613@empresa.com,2025-03-04,Churned,2025-07-02
CLI-00121,Cliente CLI-00121,user_l-00622@empresa.com,2025-03-08,Churned,2025-10-04
CLI-00122,Cliente CLI-00122,user_l-00635@empresa.com,2025-02-18,Churned,2025-08-17
CLI-00123,Cliente CLI-00123,user_l-00637@empresa.com,2025-03-07,Churned,2025-05-06
CLI-00124,Cliente CLI-00124,user_l-00638@empresa.com,2025-02-19,Churned,2025-07-19
CLI-00125,Cliente CLI-00125,user_l-00651@empresa.com,2025-02-13,Ativo,
CLI-00126,Cliente CLI-00126,user_l-00657@empresa.com,2025-02-23,Churned,2025-07-23
CLI-00127,Cliente CLI-00127,user_l-00662@empresa.com,2025-02-25,Churned,2025-03-27
CLI-00128,Cliente CLI-00128,user_l-00668@empresa.com,2025-02-28,Churned,2025-08-27
CLI-00129,Cliente CLI-00129,user_l-00669@empresa.com,2025-03-01,Churned,2025-07-29
CLI-00130,Cliente CLI-00130,user_l-00676@empresa.com,2025-03-09,Churned,2025-09-05
CLI-00131,Cliente CLI-00131,user_l-00684@empresa.com,2025-02-18,Churned,2025-04-19
CLI-00132,Cliente CLI-00132,user_l-00687@empresa.com,2025-02-23,Ativo,
CLI-00133,Cliente CLI-00133,user_l-00690@empresa.com,2025-02-17,Churned,2025-06-17
CLI-00134,Cliente CLI-00134,user_l-00693@empresa.com,2025-03-04,Churned,2025-08-31
CLI-00135,Cliente CLI-00135,user_l-00703@empresa.com,2025-02-17,Churned,2025-04-18
CLI-00136,Cliente CLI-00136,user_l-00705@empresa.com,2025-02-19,Churned,2025-09-17
CLI-00137,Cliente CLI-00137,user_l-00712@empresa.com,2025-03-01,Churned,2025-06-29
CLI-00138,Cliente CLI-00138,user_l-00720@empresa.com,2025-03-04,Churned,2025-08-31
CLI-00139,Cliente CLI-00139,user_l-00724@empresa.com,2025-02-21,Churned,2025-04-22
CLI-00140,Cliente CLI-00140,user_l-00729@empresa.com,2025-02-18,Churned,2025-07-18
CLI-00141,Cliente CLI-00141,user_l-00748@empresa.com,2025-03-09,Ativo,
CLI-00142,Cliente CLI-00142,user_l-00751@empresa.com,2025-03-09,Churned,2025-06-07
CLI-00143,Cliente CLI-00143,user_l-00755@empresa.com,2025-02-14,Churned,2025-06-14
CLI-00144,Cliente CLI-00144,user_l-00768@empresa.com,2025-02-21,Churned,2025-12-18
CLI-00145,Cliente CLI-00145,user_l-00769@empresa.com,2025-02-24,Churned,2025-09-22
CLI-00146,Cliente CLI-00146,user_l-00776@empresa.com,2025-03-05,Churned,2025-09-01
CLI-00147,Cliente CLI-00147,user_l-00781@empresa.com,2025-02-14,Churned,2025-09-12
CLI-00148,Cliente CLI-00148,user_l-00782@empresa.com,2025-02-13,Churned,2025-06-13
CLI-00149,Cliente CLI-00149,user_l-00792@empresa.com,2025-02-24,Churned,2025-08-23
CLI-00150,Cliente CLI-00150,user_l-00794@empresa.com,2025-02-21,Churned,2025-10-19
CLI-00151,Cliente CLI-00151,user_l-00803@empresa.com,2025-03-09,Churned,2025-05-08
CLI-00152,Cliente CLI-00152,user_l-00804@empresa.com,2025-03-05,Churned,2025-08-02
CLI-00153,Cliente CLI-00153,user_l-00809@empresa.com,2025-02-13,Churned,2025-06-13
CLI-00154,Cliente CLI-00154,user_l-00822@empresa.com,2025-02-25,Churned,2025-03-27
CLI-00155,Cliente CLI-00155,user_l-00823@empresa.com,2025-03-04,Churned,2025-08-31
CLI-00156,Cliente CLI-00156,user_l-00832@empresa.com,2025-02-27,Churned,2025-04-28
CLI-00157,Cliente CLI-00157,user_l-00846@empresa.com,2025-04-06,Churned,2025-08-04
CLI-00158,Cliente CLI-00158,user_l-00848@empresa.com,2025-03-20,Churned,2025-06-18
CLI-00159,Cliente CLI-00159,user_l-00849@empresa.com,2025-03-23,Churned,2025-08-20
CLI-00160,Cliente CLI-00160,user_l-00859@empresa.com,2025-03-17,Churned,2025-05-16
CLI-00161,Cliente CLI-00161,user_l-00862@empresa.com,2025-04-05,Churned,2025-07-04
CLI-00162,Cliente CLI-00162,user_l-00863@empresa.com,2025-03-24,Ativo,
CLI-00163,Cliente CLI-00163,user_l-00864@empresa.com,2025-04-11,Churned,2025-06-10
CLI-00164,Cliente CLI-00164,user_l-00866@empresa.com,2025-04-02,Churned,2025-09-29
CLI-00165,Cliente CLI-00165,user_l-00869@empresa.com,2025-03-21,Churned,2025-06-19
CLI-00166,Cliente CLI-00166,user_l-00872@empresa.com,2025-04-02,Churned,2025-07-01
CLI-00167,Cliente CLI-00167,user_l-00877@empresa.com,2025-03-18,Churned,2025-09-14
CLI-00168,Cliente CLI-00168,user_l-00884@empresa.com,2025-04-11,Churned,2025-10-08
CLI-00169,Cliente CLI-00169,user_l-00888@empresa.com,2025-04-02,Churned,2025-07-01
CLI-00170,Cliente CLI-00170,user_l-00898@empresa.com,2025-03-27,Churned,2025-05-26
CLI-00171,Cliente CLI-00171,user_l-00905@empresa.com,2025-03-20,Churned,2025-07-18
CLI-00172,Cliente CLI-00172,user_l-00907@empresa.com,2025-04-06,Churned,2025-10-03
CLI-00173,Cliente CLI-00173,user_l-00909@empresa.com,2025-03-16,Churned,2025-06-14
CLI-00174,Cliente CLI-00174,user_l-00912@empresa.com,2025-03-24,Churned,2025-04-23
CLI-00175,Cliente CLI-00175,user_l-00913@empresa.com,2025-03-20,Churned,2025-04-19
CLI-00176,Cliente CLI-00176,user_l-00916@empresa.com,2025-04-07,Churned,2025-12-03
CLI-00177,Cliente CLI-00177,user_l-00919@empresa.com,2025-03-21,Churned,2025-07-19
CLI-00178,Cliente CLI-00178,user_l-00921@empresa.com,2025-04-10,Churned,2025-07-09
CLI-00179,Cliente CLI-00179,user_l-00923@empresa.com,2025-04-07,Churned,2025-08-05
CLI-00180,Cliente CLI-00180,user_l-00925@empresa.com,2025-03-16,Ativo,
CLI-00181,Cliente CLI-00181,user_l-00932@empresa.com,2025-03-20,Churned,2025-11-15
CLI-00182,Cliente CLI-00182,user_l-00939@empresa.com,2025-04-08,Churned,2025-07-07
CLI-00183,Cliente CLI-00183,user_l-00944@empresa.com,2025-03-27,Churned,2025-05-26
CLI-00184,Cliente CLI-00184,user_l-00946@empresa.com,2025-03-23,Churned,2025-06-21
CLI-00185,Cliente CLI-00185,user_l-00950@empresa.com,2025-03-30,Churned,2025-05-29
CLI-00186,Cliente CLI-00186,user_l-00953@empresa.com,2025-03-21,Churned,2025-05-20
CLI-00187,Cliente CLI-00187,user_l-00955@empresa.com,2025-03-26,Churned,2025-06-24
CLI-00188,Cliente CLI-00188,user_l-00956@empresa.com,2025-03-19,Ativo,
CLI-00189,Cliente CLI-00189,user_l-00957@empresa.com,2025-03-23,Churned,2025-11-18
CLI-00190,Cliente CLI-00190,user_l-00960@empresa.com,2025-03-23,Churned,2025-05-22
CLI-00191,Cliente CLI-00191,user_l-00963@empresa.com,2025-03-28,Churned,2025-09-24
CLI-00192,Cliente CLI-00192,user_l-00975@empresa.com,2025-03-20,Ativo,
CLI-00193,Cliente CLI-00193,user_l-00986@empresa.com,2025-03-25,Churned,2025-05-24
CLI-00194,Cliente CLI-00194,user_l-00987@empresa.com,2025-04-07,Churned,2025-08-05
CLI-00195,Cliente CLI-00195,user_l-00991@empresa.com,2025-04-10,Churned,2025-09-07
CLI-00196,Cliente CLI-00196,user_l-00994@empresa.com,2025-03-26,Churned,2025-08-23
CLI-00197,Cliente CLI-00197,user_l-00996@empresa.com,2025-03-28,Ativo,
CLI-00198,Cliente CLI-00198,user_l-01001@empresa.com,2025-04-09,Ativo,
CLI-00199,Cliente CLI-00199,user_l-01005@empresa.com,2025-03-17,Churned,2025-06-15
CLI-00200,Cliente CLI-00200,user_l-01007@empresa.com,2025-04-07,Churned,2025-08-05
CLI-00201,Cliente CLI-00201,user_l-01008@empresa.com,2025-03-18,Churned,2025-08-15
CLI-00202,Cliente CLI-00202,user_l-01010@empresa.com,2025-03-27,Churned,2025-07-25
CLI-00203,Cliente CLI-00203,user_l-01017@empresa.com,2025-04-02,Churned,2025-08-30
CLI-00204,Cliente CLI-00204,user_l-01018@empresa.com,2025-04-05,Churned,2025-06-04
CLI-00205,Cliente CLI-00205,user_l-01019@empresa.com,2025-03-31,Ativo,
CLI-00206,Cliente CLI-00206,user_l-01024@empresa.com,2025-03-30,Churned,2025-11-25
CLI-00207,Cliente CLI-00207,user_l-01028@empresa.com,2025-03-20,Churned,2025-05-19
CLI-00208,Cliente CLI-00208,user_l-01033@empresa.com,2025-03-22,Churned,2025-06-20
CLI-00209,Cliente CLI-00209,user_l-01041@empresa.com,2025-03-23,Churned,2025-08-20
CLI-00210,Cliente CLI-00210,user_l-01043@empresa.com,2025-03-23,Churned,2025-07-21
CLI-00211,Cliente CLI-00211,user_l-01044@empresa.com,2025-04-06,Churned,2025-07-05
CLI-00212,Cliente CLI-00212,user_l-01045@empresa.com,2025-04-04,Churned,2025-06-03
CLI-00213,Cliente CLI-00213,user_l-01049@empresa.com,2025-03-23,Churned,2025-09-19
CLI-00214,Cliente CLI-00214,user_l-01053@empresa.com,2025-03-27,Churned,2025-06-25
CLI-00215,Cliente CLI-00215,user_l-01059@empresa.com,2025-03-18,Churned,2025-07-16
CLI-00216,Cliente CLI-00216,user_l-01065@empresa.com,2025-03-23,Churned,2025-06-21
CLI-00217,Cliente CLI-00217,user_l-01066@empresa.com,2025-04-03,Churned,2025-08-01
CLI-00218,Cliente CLI-00218,user_l-01067@empresa.com,2025-03-25,Churned,2025-05-24
CLI-00219,Cliente CLI-00219,user_l-01073@empresa.com,2025-03-27,Churned,2025-04-26
CLI-00220,Cliente CLI-00220,user_l-01080@empresa.com,2025-03-30,Churned,2025-12-25
CLI-00221,Cliente CLI-00221,user_l-01087@empresa.com,2025-03-30,Churned,2025-06-28
CLI-00222,Cliente CLI-00222,user_l-01090@empresa.com,2025-04-09,Churned,2025-06-08
CLI-00223,Cliente CLI-00223,user_l-01096@empresa.com,2025-03-27,Churned,2025-04-26
CLI-00224,Cliente CLI-00224,user_l-01102@empresa.com,2025-03-20,Churned,2025-04-19
CLI-00225,Cliente CLI-00225,user_l-01105@empresa.com,2025-04-05,Churned,2025-07-04
CLI-00226,Cliente CLI-00226,user_l-01107@empresa.com,2025-03-25,Churned,2025-07-23
CLI-00227,Cliente CLI-00227,user_l-01124@empresa.com,2025-04-10,Churned,2025-12-06
CLI-00228,Cliente CLI-00228,user_l-01126@empresa.com,2025-03-19,Ativo,
CLI-00229,Cliente CLI-00229,user_l-01127@empresa.com,2025-04-09,Churned,2025-08-07
CLI-00230,Cliente CLI-00230,user_l-01128@empresa.com,2025-03-26,Churned,2025-11-21
CLI-00231,Cliente CLI-00231,user_l-01131@empresa.com,2025-04-04,Churned,2025-10-31
CLI-00232,Cliente CLI-00232,user_l-01135@empresa.com,2025-04-04,Churned,2025-09-01
CLI-00233,Cliente CLI-00233,user_l-01137@empresa.com,2025-04-07,Churned,2025-08-05
CLI-00234,Cliente CLI-00234,user_l-01145@empresa.com,2025-03-23,Churned,2025-07-21
CLI-00235,Cliente CLI-00235,user_l-01148@empresa.com,2025-03-21,Churned,2025-09-17
CLI-00236,Cliente CLI-00236,user_l-01149@empresa.com,2025-03-16,Churned,2025-04-15
CLI-00237,Cliente CLI-00237,user_l-01151@empresa.com,2025-04-02,Churned,2025-08-30
CLI-00238,Cliente CLI-00238,user_l-01158@empresa.com,2025-04-05,Churned,2025-08-03
CLI-00239,Cliente CLI-00239,user_l-01165@empresa.com,2025-04-05,Churned,2025-07-04
CLI-00240,Cliente CLI-00240,user_l-01184@empresa.com,2025-04-04,Churned,2025-10-31
CLI-00241,Cliente CLI-00241,user_l-01185@empresa.com,2025-03-24,Churned,2025-12-19
CLI-00242,Cliente CLI-00242,user_l-01197@empresa.com,2025-03-27,Ativo,
CLI-00243,Cliente CLI-00243,user_l-01199@empresa.com,2025-04-10,Churned,2025-07-09
CLI-00244,Cliente CLI-00244,user_l-01200@empresa.com,2025-04-03,Churned,2025-08-31
CLI-00245,Cliente CLI-00245,user_l-01206@empresa.com,2025-03-17,Ativo,
CLI-00246,Cliente CLI-00246,user_l-01210@empresa.com,2025-03-17,Churned,2025-09-13
CLI-00247,Cliente CLI-00247,user_l-01213@empresa.com,2025-04-02,Churned,2025-09-29
CLI-00248,Cliente CLI-00248,user_l-01217@empresa.com,2025-05-05,Churned,2025-11-01
CLI-00249,Cliente CLI-00249,user_l-01228@empresa.com,2025-05-10,Ativo,
CLI-00250,Cliente CLI-00250,user_l-01231@empresa.com,2025-04-26,Churned,2025-08-24
CLI-00251,Cliente CLI-00251,user_l-01237@empresa.com,2025-05-01,Ativo,
CLI-00252,Cliente CLI-00252,user_l-01241@empresa.com,2025-04-30,Churned,2025-07-29
CLI-00253,Cliente CLI-00253,user_l-01243@empresa.com,2025-04-22,Churned,2025-07-21
CLI-00254,Cliente CLI-00254,user_l-01245@empresa.com,2025-05-11,Churned,2025-07-10
CLI-00255,Cliente CLI-00255,user_l-01246@empresa.com,2025-04-16,Churned,2025-07-15
CLI-00256,Cliente CLI-00256,user_l-01253@empresa.com,2025-05-05,Churned,2025-11-01
CLI-00257,Cliente CLI-00257,user_l-01254@empresa.com,2025-04-16,Churned,2025-10-13
CLI-00258,Cliente CLI-00258,user_l-01257@empresa.com,2025-04-19,Ativo,
CLI-00259,Cliente CLI-00259,user_l-01258@empresa.com,2025-04-20,Churned,2025-08-18
CLI-00260,Cliente CLI-00260,user_l-01260@empresa.com,2025-05-06,Churned,2025-10-03
CLI-00261,Cliente CLI-00261,user_l-01264@empresa.com,2025-05-03,Churned,2025-11-29
CLI-00262,Cliente CLI-00262,user_l-01275@empresa.com,2025-04-25,Churned,2025-11-21
CLI-00263,Cliente CLI-00263,user_l-01280@empresa.com,2025-05-06,Churned,2025-12-02
CLI-00264,Cliente CLI-00264,user_l-01290@empresa.com,2025-04-21,Churned,2025-11-17
CLI-00265,Cliente CLI-00265,user_l-01291@empresa.com,2025-04-16,Ativo,
CLI-00266,Cliente CLI-00266,user_l-01294@empresa.com,2025-04-15,Churned,2025-09-12
CLI-00267,Cliente CLI-00267,user_l-01296@empresa.com,2025-05-05,Churned,2025-08-03
CLI-00268,Cliente CLI-00268,user_l-01297@empresa.com,2025-04-22,Churned,2025-07-21
CLI-00269,Cliente CLI-00269,user_l-01298@empresa.com,2025-05-04,Churned,2025-08-02
CLI-00270,Cliente CLI-00270,user_l-01305@empresa.com,2025-04-29,Churned,2025-10-26
CLI-00271,Cliente CLI-00271,user_l-01307@empresa.com,2025-04-17,Churned,2025-07-16
CLI-00272,Cliente CLI-00272,user_l-01310@empresa.com,2025-05-04,Churned,2025-07-03
CLI-00273,Cliente CLI-00273,user_l-01320@empresa.com,2025-05-05,Churned,2025-12-01
CLI-00274,Cliente CLI-00274,user_l-01335@empresa.com,2025-05-08,Churned,2025-11-04
CLI-00275,Cliente CLI-00275,user_l-01337@empresa.com,2025-05-08,Churned,2025-12-04
CLI-00276,Cliente CLI-00276,user_l-01341@empresa.com,2025-05-10,Churned,2025-07-09
CLI-00277,Cliente CLI-00277,user_l-01342@empresa.com,2025-04-26,Churned,2025-09-23
CLI-00278,Cliente CLI-00278,user_l-01345@empresa.com,2025-04-17,Churned,2025-06-16
CLI-00279,Cliente CLI-00279,user_l-01351@empresa.com,2025-05-08,Churned,2025-09-05
CLI-00280,Cliente CLI-00280,user_l-01352@empresa.com,2025-05-03,Churned,2025-06-02
CLI-00281,Cliente CLI-00281,user_l-01353@empresa.com,2025-05-01,Churned,2025-06-30
CLI-00282,Cliente CLI-00282,user_l-01355@empresa.com,2025-04-28,Churned,2025-07-27
CLI-00283,Cliente CLI-00283,user_l-01368@empresa.com,2025-04-15,Churned,2025-10-12
CLI-00284,Cliente CLI-00284,user_l-01371@empresa.com,2025-04-25,Churned,2025-07-24
CLI-00285,Cliente CLI-00285,user_l-01379@empresa.com,2025-04-16,Churned,2025-11-12
CLI-00286,Cliente CLI-00286,user_l-01388@empresa.com,2025-04-21,Churned,2025-09-18
CLI-00287,Cliente CLI-00287,user_l-01390@empresa.com,2025-04-28,Ativo,
CLI-00288,Cliente CLI-00288,user_l-01391@empresa.com,2025-05-02,Churned,2025-12-28
CLI-00289,Cliente CLI-00289,user_l-01395@empresa.com,2025-04-23,Churned,2025-08-21
CLI-00290,Cliente CLI-00290,user_l-01403@empresa.com,2025-04-16,Churned,2025-07-15
CLI-00291,Cliente CLI-00291,user_l-01415@empresa.com,2025-04-23,Churned,2025-06-22
CLI-00292,Cliente CLI-00292,user_l-01419@empresa.com,2025-05-09,Ativo,
CLI-00293,Cliente CLI-00293,user_l-01424@empresa.com,2025-05-05,Churned,2025-06-04
CLI-00294,Cliente CLI-00294,user_l-01428@empresa.com,2025-05-03,Churned,2025-09-30
CLI-00295,Cliente CLI-00295,user_l-01431@empresa.com,2025-05-05,Churned,2025-12-31
CLI-00296,Cliente CLI-00296,user_l-01433@empresa.com,2025-04-18,Ativo,
CLI-00297,Cliente CLI-00297,user_l-01445@empresa.com,2025-04-25,Churned,2025-08-23
CLI-00298,Cliente CLI-00298,user_l-01450@empresa.com,2025-05-03,Churned,2025-07-02
CLI-00299,Cliente CLI-00299,user_l-01452@empresa.com,2025-04-28,Churned,2025-06-27
CLI-00300,Cliente CLI-00300,user_l-01455@empresa.com,2025-05-10,Churned,2025-08-08
CLI-00301,Cliente CLI-00301,user_l-01462@empresa.com,2025-05-05,Churned,2025-06-04
CLI-00302,Cliente CLI-00302,user_l-01464@empresa.com,2025-05-07,Churned,2025-09-04
CLI-00303,Cliente CLI-00303,user_l-01466@empresa.com,2025-04-16,Churned,2025-09-13
CLI-00304,Cliente CLI-00304,user_l-01473@empresa.com,2025-04-27,Churned,2025-05-27
CLI-00305,Cliente CLI-00305,user_l-01477@empresa.com,2025-05-09,Churned,2025-09-06
CLI-00306,Cliente CLI-00306,user_l-01492@empresa.com,2025-04-29,Churned,2025-10-26
CLI-00307,Cliente CLI-00307,user_l-01495@empresa.com,2025-05-04,Churned,2025-10-01
CLI-00308,Cliente CLI-00308,user_l-01499@empresa.com,2025-05-10,Ativo,
CLI-00309,Cliente CLI-00309,user_l-01500@empresa.com,2025-04-30,Churned,2025-05-30
CLI-00310,Cliente CLI-00310,user_l-01501@empresa.com,2025-05-11,Churned,2025-07-10
CLI-00311,Cliente CLI-00311,user_l-01502@empresa.com,2025-04-18,Churned,2025-10-15
CLI-00312,Cliente CLI-00312,user_l-01511@empresa.com,2025-04-17,Churned,2025-10-14
CLI-00313,Cliente CLI-00313,user_l-01519@empresa.com,2025-04-20,Churned,2025-09-17
CLI-00314,Cliente CLI-00314,user_l-01521@empresa.com,2025-04-26,Churned,2025-09-23
CLI-00315,Cliente CLI-00315,user_l-01525@empresa.com,2025-04-21,Churned,2025-07-20
CLI-00316,Cliente CLI-00316,user_l-01537@empresa.com,2025-04-21,Churned,2025-09-18
CLI-00317,Cliente CLI-00317,user_l-01559@empresa.com,2025-05-09,Churned,2025-09-06
CLI-00318,Cliente CLI-00318,user_l-01560@empresa.com,2025-05-10,Churned,2025-09-07
CLI-00319,Cliente CLI-00319,user_l-01561@empresa.com,2025-05-02,Churned,2025-12-28
CLI-00320,Cliente CLI-00320,user_l-01566@empresa.com,2025-05-11,Ativo,
CLI-00321,Cliente CLI-00321,user_l-01574@empresa.com,2025-04-23,Churned,2025-07-22
CLI-00322,Cliente CLI-00322,user_l-01579@empresa.com,2025-04-27,Churned,2025-06-26
CLI-00323,Cliente CLI-00323,user_l-01585@empresa.com,2025-04-20,Churned,2025-08-18
CLI-00324,Cliente CLI-00324,user_l-01586@empresa.com,2025-04-21,Churned,2025-12-17
CLI-00325,Cliente CLI-00325,user_l-01592@empresa.com,2025-05-03,Churned,2025-08-31
CLI-00326,Cliente CLI-00326,user_l-01594@empresa.com,2025-05-06,Churned,2025-12-02
CLI-00327,Cliente CLI-00327,user_l-01596@empresa.com,2025-04-29,Churned,2025-08-27
CLI-00328,Cliente CLI-00328,user_l-01597@empresa.com,2025-04-29,Churned,2025-12-25
CLI-00329,Cliente CLI-00329,user_l-01600@empresa.com,2025-05-01,Churned,2025-10-28
CLI-00330,Cliente CLI-00330,user_l-01603@empresa.com,2025-05-28,Churned,2025-11-24
CLI-00331,Cliente CLI-00331,user_l-01604@empresa.com,2025-05-21,Churned,2025-11-17
CLI-00332,Cliente CLI-00332,user_l-01607@empresa.com,2025-06-08,Ativo,
CLI-00333,Cliente CLI-00333,user_l-01609@empresa.com,2025-05-24,Churned,2025-08-22
CLI-00334,Cliente CLI-00334,user_l-01616@empresa.com,2025-05-17,Churned,2025-08-15
CLI-00335,Cliente CLI-00335,user_l-01620@empresa.com,2025-05-31,Churned,2025-09-28
CLI-00336,Cliente CLI-00336,user_l-01628@empresa.com,2025-06-11,Churned,2025-08-10
CLI-00337,Cliente CLI-00337,user_l-01635@empresa.com,2025-06-02,Churned,2025-11-29
CLI-00338,Cliente CLI-00338,user_l-01636@empresa.com,2025-06-06,Churned,2025-12-03
CLI-00339,Cliente CLI-00339,user_l-01637@empresa.com,2025-06-07,Churned,2025-09-05
CLI-00340,Cliente CLI-00340,user_l-01645@empresa.com,2025-05-17,Churned,2025-08-15
CLI-00341,Cliente CLI-00341,user_l-01653@empresa.com,2025-05-20,Ativo,
CLI-00342,Cliente CLI-00342,user_l-01658@empresa.com,2025-06-06,Ativo,
CLI-00343,Cliente CLI-00343,user_l-01683@empresa.com,2025-05-24,Churned,2025-07-23
CLI-00344,Cliente CLI-00344,user_l-01690@empresa.com,2025-06-02,Churned,2025-08-01
CLI-00345,Cliente CLI-00345,user_l-01691@empresa.com,2025-06-07,Churned,2025-09-05
CLI-00346,Cliente CLI-00346,user_l-01696@empresa.com,2025-05-17,Churned,2025-12-13
CLI-00347,Cliente CLI-00347,user_l-01699@empresa.com,2025-06-10,Churned,2025-08-09
CLI-00348,Cliente CLI-00348,user_l-01709@empresa.com,2025-06-06,Ativo,
CLI-00349,Cliente CLI-00349,user_l-01713@empresa.com,2025-05-28,Churned,2025-09-25
CLI-00350,Cliente CLI-00350,user_l-01714@empresa.com,2025-06-02,Churned,2025-08-31
CLI-00351,Cliente CLI-00351,user_l-01715@empresa.com,2025-05-25,Churned,2025-10-22
CLI-00352,Cliente CLI-00352,user_l-01722@empresa.com,2025-05-30,Churned,2025-07-29
CLI-00353,Cliente CLI-00353,user_l-01726@empresa.com,2025-05-27,Churned,2025-08-25
CLI-00354,Cliente CLI-00354,user_l-01735@empresa.com,2025-06-04,Churned,2025-08-03
CLI-00355,Cliente CLI-00355,user_l-01738@empresa.com,2025-06-11,Churned,2025-09-09
CLI-00356,Cliente CLI-00356,user_l-01739@empresa.com,2025-05-18,Ativo,
CLI-00357,Cliente CLI-00357,user_l-01744@empresa.com,2025-06-03,Churned,2025-11-30
CLI-00358,Cliente CLI-00358,user_l-01746@empresa.com,2025-05-20,Ativo,
CLI-00359,Cliente CLI-00359,user_l-01752@empresa.com,2025-06-09,Ativo,
CLI-00360,Cliente CLI-00360,user_l-01753@empresa.com,2025-05-21,Churned,2025-12-17
CLI-00361,Cliente CLI-00361,user_l-01755@empresa.com,2025-05-18,Churned,2025-12-14
CLI-00362,Cliente CLI-00362,user_l-01757@empresa.com,2025-05-21,Churned,2025-10-18
CLI-00363,Cliente CLI-00363,user_l-01760@empresa.com,2025-05-22,Churned,2025-11-18
CLI-00364,Cliente CLI-00364,user_l-01761@empresa.com,2025-06-05,Churned,2025-09-03
CLI-00365,Cliente CLI-00365,user_l-01762@empresa.com,2025-05-25,Churned,2025-09-22
CLI-00366,Cliente CLI-00366,user_l-01763@empresa.com,2025-06-10,Churned,2025-10-08
CLI-00367,Cliente CLI-00367,user_l-01767@empresa.com,2025-05-27,Churned,2025-09-24
CLI-00368,Cliente CLI-00368,user_l-01770@empresa.com,2025-06-03,Churned,2025-08-02
CLI-00369,Cliente CLI-00369,user_l-01779@empresa.com,2025-05-20,Ativo,
CLI-00370,Cliente CLI-00370,user_l-01785@empresa.com,2025-05-27,Ativo,
CLI-00371,Cliente CLI-00371,user_l-01786@empresa.com,2025-05-22,Ativo,
CLI-00372,Cliente CLI-00372,user_l-01787@empresa.com,2025-05-31,Churned,2025-08-29
CLI-00373,Cliente CLI-00373,user_l-01789@empresa.com,2025-05-17,Churned,2025-09-14
CLI-00374,Cliente CLI-00374,user_l-01796@empresa.com,2025-06-09,Churned,2025-09-07
CLI-00375,Cliente CLI-00375,user_l-01798@empresa.com,2025-06-05,Ativo,
CLI-00376,Cliente CLI-00376,user_l-01803@empresa.com,2025-05-22,Churned,2025-08-20
CLI-00377,Cliente CLI-00377,user_l-01806@empresa.com,2025-05-21,Ativo,
CLI-00378,Cliente CLI-00378,user_l-01814@empresa.com,2025-06-06,Churned,2025-11-03
CLI-00379,Cliente CLI-00379,user_l-01815@empresa.com,2025-06-04,Churned,2025-10-02
CLI-00380,Cliente CLI-00380,user_l-01838@empresa.com,2025-05-18,Churned,2025-07-17
CLI-00381,Cliente CLI-00381,user_l-01841@empresa.com,2025-05-29,Churned,2025-07-28
CLI-00382,Cliente CLI-00382,user_l-01842@empresa.com,2025-05-31,Churned,2025-09-28
CLI-00383,Cliente CLI-00383,user_l-01852@empresa.com,2025-05-29,Churned,2025-10-26
CLI-00384,Cliente CLI-00384,user_l-01853@empresa.com,2025-05-18,Churned,2025-12-14
CLI-00385,Cliente CLI-00385,user_l-01856@empresa.com,2025-06-09,Churned,2025-08-08
CLI-00386,Cliente CLI-00386,user_l-01860@empresa.com,2025-06-01,Churned,2025-10-29
CLI-00387,Cliente CLI-00387,user_l-01862@empresa.com,2025-06-04,Churned,2025-09-02
CLI-00388,Cliente CLI-00388,user_l-01863@empresa.com,2025-05-30,Churned,2025-11-26
CLI-00389,Cliente CLI-00389,user_l-01867@empresa.com,2025-06-05,Ativo,
CLI-00390,Cliente CLI-00390,user_l-01876@empresa.com,2025-06-10,Ativo,
CLI-00391,Cliente CLI-00391,user_l-01887@empresa.com,2025-06-04,Churned,2025-07-04
CLI-00392,Cliente CLI-00392,user_l-01892@empresa.com,2025-06-02,Ativo,
CLI-00393,Cliente CLI-00393,user_l-01894@empresa.com,2025-05-23,Churned,2025-10-20
CLI-00394,Cliente CLI-00394,user_l-01900@empresa.com,2025-05-20,Churned,2025-07-19
CLI-00395,Cliente CLI-00395,user_l-01902@empresa.com,2025-06-10,Ativo,
CLI-00396,Cliente CLI-00396,user_l-01910@empresa.com,2025-06-04,Churned,2025-09-02
CLI-00397,Cliente CLI-00397,user_l-01923@empresa.com,2025-06-05,Churned,2025-09-03
CLI-00398,Cliente CLI-00398,user_l-01924@empresa.com,2025-05-21,Churned,2025-07-20
CLI-00399,Cliente CLI-00399,user_l-01938@empresa.com,2025-05-25,Ativo,
CLI-00400,Cliente CLI-00400,user_l-01943@empresa.com,2025-05-25,Churned,2025-08-23
CLI-00401,Cliente CLI-00401,user_l-01945@empresa.com,2025-05-19,Churned,2025-11-15
CLI-00402,Cliente CLI-00402,user_l-01946@empresa.com,2025-05-31,Churned,2025-07-30
CLI-00403,Cliente CLI-00403,user_l-01950@empresa.com,2025-05-16,Churned,2025-08-14
CLI-00404,Cliente CLI-00404,user_l-01953@empresa.com,2025-06-05,Churned,2025-10-03
CLI-00405,Cliente CLI-00405,user_l-01966@empresa.com,2025-05-16,Ativo,
CLI-00406,Cliente CLI-00406,user_l-01971@empresa.com,2025-06-06,Churned,2025-09-04
CLI-00407,Cliente CLI-00407,user_l-01974@empresa.com,2025-05-31,Churned,2025-09-28
CLI-00408,Cliente CLI-00408,user_l-01979@empresa.com,2025-05-27,Churned,2025-06-26
CLI-00409,Cliente CLI-00409,user_l-01980@empresa.com,2025-05-26,Ativo,
CLI-00410,Cliente CLI-00410,user_l-01982@empresa.com,2025-05-17,Churned,2025-08-15
CLI-00411,Cliente CLI-00411,user_l-02015@empresa.com,2025-07-06,Churned,2025-12-03
CLI-00412,Cliente CLI-00412,user_l-02025@empresa.com,2025-06-25,Churned,2025-09-23
CLI-00413,Cliente CLI-00413,user_l-02028@empresa.com,2025-07-06,Churned,2025-08-05
CLI-00414,Cliente CLI-00414,user_l-02034@empresa.com,2025-06-22,Churned,2025-07-22
CLI-00415,Cliente CLI-00415,user_l-02058@empresa.com,2025-06-29,Churned,2025-09-27
CLI-00416,Cliente CLI-00416,user_l-02061@empresa.com,2025-07-08,Churned,2025-08-07
CLI-00417,Cliente CLI-00417,user_l-02078@empresa.com,2025-06-20,Churned,2025-09-18
CLI-00418,Cliente CLI-00418,user_l-02083@empresa.com,2025-06-27,Churned,2025-07-27
CLI-00419,Cliente CLI-00419,user_l-02087@empresa.com,2025-06-30,Churned,2025-08-29
CLI-00420,Cliente CLI-00420,user_l-02094@empresa.com,2025-07-02,Churned,2025-08-01
CLI-00421,Cliente CLI-00421,user_l-02102@empresa.com,2025-06-29,Churned,2025-09-27
CLI-00422,Cliente CLI-00422,user_l-02115@empresa.com,2025-06-28,Churned,2025-09-26
CLI-00423,Cliente CLI-00423,user_l-02160@empresa.com,2025-07-01,Churned,2025-11-28
CLI-00424,Cliente CLI-00424,user_l-02162@empresa.com,2025-06-21,Churned,2025-07-21
CLI-00425,Cliente CLI-00425,user_l-02194@empresa.com,2025-06-25,Ativo,
CLI-00426,Cliente CLI-00426,user_l-02197@empresa.com,2025-06-18,Ativo,
CLI-00427,Cliente CLI-00427,user_l-02206@empresa.com,2025-06-30,Churned,2025-12-27
CLI-00428,Cliente CLI-00428,user_l-02217@empresa.com,2025-06-17,Churned,2025-07-17
CLI-00429,Cliente CLI-00429,user_l-02223@empresa.com,2025-06-24,Ativo,
CLI-00430,Cliente CLI-00430,user_l-02245@empresa.com,2025-07-11,Churned,2025-09-09
CLI-00431,Cliente CLI-00431,user_l-02249@empresa.com,2025-07-08,Churned,2025-08-07
CLI-00432,Cliente CLI-00432,user_l-02254@empresa.com,2025-06-21,Churned,2025-11-18
CLI-00433,Cliente CLI-00433,user_l-02255@empresa.com,2025-07-02,Churned,2025-08-31
CLI-00434,Cliente CLI-00434,user_l-02262@empresa.com,2025-07-10,Churned,2025-08-09
CLI-00435,Cliente CLI-00435,user_l-02264@empresa.com,2025-06-20,Churned,2025-07-20
CLI-00436,Cliente CLI-00436,user_l-02276@empresa.com,2025-07-10,Churned,2025-08-09
CLI-00437,Cliente CLI-00437,user_l-02288@empresa.com,2025-06-25,Churned,2025-07-25
CLI-00438,Cliente CLI-00438,user_l-02292@empresa.com,2025-07-08,Ativo,
CLI-00439,Cliente CLI-00439,user_l-02304@empresa.com,2025-06-21,Churned,2025-08-20
CLI-00440,Cliente CLI-00440,user_l-02318@empresa.com,2025-07-10,Churned,2025-08-09
CLI-00441,Cliente CLI-00441,user_l-02339@empresa.com,2025-07-05,Churned,2025-10-03
CLI-00442,Cliente CLI-00442,user_l-02386@empresa.com,2025-07-09,Churned,2025-08-08
CLI-00443,Cliente CLI-00443,user_l-02388@empresa.com,2025-07-10,Churned,2025-10-08
CLI-00444,Cliente CLI-00444,user_l-02389@empresa.com,2025-06-17,Churned,2025-07-17
CLI-00445,Cliente CLI-00445,user_l-02394@empresa.com,2025-06-20,Ativo,
CLI-00446,Cliente CLI-00446,user_l-02399@empresa.com,2025-07-06,Churned,2025-10-04
CLI-00447,Cliente CLI-00447,user_l-02408@empresa.com,2025-06-16,Churned,2025-07-16
CLI-00448,Cliente CLI-00448,user_l-02416@empresa.com,2025-06-29,Churned,2025-07-29
CLI-00449,Cliente CLI-00449,user_l-02418@empresa.com,2025-06-29,Churned,2025-08-28
CLI-00450,Cliente CLI-00450,user_l-02431@empresa.com,2025-07-01,Ativo,
CLI-00451,Cliente CLI-00451,user_l-02436@empresa.com,2025-07-11,Ativo,
CLI-00452,Cliente CLI-00452,user_l-02448@empresa.com,2025-06-17,Churned,2025-07-17
CLI-00453,Cliente CLI-00453,user_l-02451@empresa.com,2025-06-19,Churned,2025-08-18
CLI-00454,Cliente CLI-00454,user_l-02452@empresa.com,2025-06-22,Churned,2025-07-22
CLI-00455,Cliente CLI-00455,user_l-02457@empresa.com,2025-06-24,Churned,2025-07-24
CLI-00456,Cliente CLI-00456,user_l-02458@empresa.com,2025-07-02,Churned,2025-12-29
CLI-00457,Cliente CLI-00457,user_l-02463@empresa.com,2025-07-07,Churned,2025-08-06
CLI-00458,Cliente CLI-00458,user_l-02464@empresa.com,2025-07-03,Churned,2025-08-02
CLI-00459,Cliente CLI-00459,user_l-02466@empresa.com,2025-06-19,Churned,2025-09-17
CLI-00460,Cliente CLI-00460,user_l-02479@empresa.com,2025-06-27,Churned,2025-09-25
CLI-00461,Cliente CLI-00461,user_l-02502@empresa.com,2025-07-09,Churned,2025-10-07
CLI-00462,Cliente CLI-00462,user_l-02508@empresa.com,2025-06-19,Churned,2025-07-19
CLI-00463,Cliente CLI-00463,user_l-02509@empresa.com,2025-06-24,Churned,2025-11-21
CLI-00464,Cliente CLI-00464,user_l-02520@empresa.com,2025-07-09,Churned,2025-08-08
CLI-00465,Cliente CLI-00465,user_l-02526@empresa.com,2025-07-11,Churned,2025-09-09
CLI-00466,Cliente CLI-00466,user_l-02536@empresa.com,2025-06-29,Churned,2025-09-27
CLI-00467,Cliente CLI-00467,user_l-02550@empresa.com,2025-07-04,Churned,2025-09-02
CLI-00468,Cliente CLI-00468,user_l-02558@empresa.com,2025-06-26,Churned,2025-08-25
CLI-00469,Cliente CLI-00469,user_l-02567@empresa.com,2025-07-08,Ativo,
CLI-00470,Cliente CLI-00470,user_l-02598@empresa.com,2025-07-10,Churned,2025-08-09
CLI-00471,Cliente CLI-00471,user_l-02607@empresa.com,2025-06-21,Ativo,
CLI-00472,Cliente CLI-00472,user_l-02611@empresa.com,2025-06-21,Churned,2025-07-21
CLI-00473,Cliente CLI-00473,user_l-02613@empresa.com,2025-06-16,Churned,2025-08-15
CLI-00474,Cliente CLI-00474,user_l-02618@empresa.com,2025-06-16,Churned,2025-09-14
CLI-00475,Cliente CLI-00475,user_l-02619@empresa.com,2025-06-25,Churned,2025-07-25
CLI-00476,Cliente CLI-00476,user_l-02620@empresa.com,2025-06-15,Churned,2025-08-14
CLI-00477,Cliente CLI-00477,user_l-02621@empresa.com,2025-06-17,Churned,2025-07-17
CLI-00478,Cliente CLI-00478,user_l-02625@empresa.com,2025-06-15,Churned,2025-07-15
CLI-00479,Cliente CLI-00479,user_l-02626@empresa.com,2025-07-11,Churned,2025-08-10
CLI-00480,Cliente CLI-00480,user_l-02650@empresa.com,2025-06-22,Churned,2025-07-22
CLI-00481,Cliente CLI-00481,user_l-02656@empresa.com,2025-07-06,Churned,2025-08-05
CLI-00482,Cliente CLI-00482,user_l-02672@empresa.com,2025-06-16,Ativo,
CLI-00483,Cliente CLI-00483,user_l-02677@empresa.com,2025-06-28,Churned,2025-10-26
CLI-00484,Cliente CLI-00484,user_l-02692@empresa.com,2025-07-01,Churned,2025-07-31
CLI-00485,Cliente CLI-00485,user_l-02695@empresa.com,2025-06-26,Churned,2025-12-23
CLI-00486,Cliente CLI-00486,user_l-02715@empresa.com,2025-07-11,Churned,2025-08-10
CLI-00487,Cliente CLI-00487,user_l-02726@empresa.com,2025-06-27,Churned,2025-07-27
CLI-00488,Cliente CLI-00488,user_l-02730@empresa.com,2025-06-17,Churned,2025-07-17
CLI-00489,Cliente CLI-00489,user_l-02753@empresa.com,2025-07-08,Ativo,
CLI-00490,Cliente CLI-00490,user_l-02757@empresa.com,2025-06-18,Churned,2025-07-18
CLI-00491,Cliente CLI-00491,user_l-02758@empresa.com,2025-06-25,Churned,2025-07-25
CLI-00492,Cliente CLI-00492,user_l-02760@empresa.com,2025-06-23,Ativo,
CLI-00493,Cliente CLI-00493,user_l-02782@empresa.com,2025-06-21,Churned,2025-07-21
CLI-00494,Cliente CLI-00494,user_l-02795@empresa.com,2025-06-25,Churned,2025-07-25
CLI-00495,Cliente CLI-00495,user_l-02801@empresa.com,2025-07-07,Ativo,
CLI-00496,Cliente CLI-00496,user_l-02803@empresa.com,2025-06-29,Churned,2025-10-27
CLI-00497,Cliente CLI-00497,user_l-02816@empresa.com,2025-06-26,Churned,2025-07-26
CLI-00498,Cliente CLI-00498,user_l-02837@empresa.com,2025-06-20,Churned,2025-10-18
CLI-00499,Cliente CLI-00499,user_l-02845@empresa.com,2025-06-21,Churned,2025-09-19
CLI-00500,Cliente CLI-00500,user_l-02850@empresa.com,2025-07-07,Churned,2025-09-05
CLI-00501,Cliente CLI-00501,user_l-02853@empresa.com,2025-06-27,Churned,2025-07-27
CLI-00502,Cliente CLI-00502,user_l-02862@empresa.com,2025-06-21,Churned,2025-07-21
CLI-00503,Cliente CLI-00503,user_l-02869@empresa.com,2025-06-16,Churned,2025-11-13
CLI-00504,Cliente CLI-00504,user_l-02898@empresa.com,2025-07-11,Churned,2025-08-10
CLI-00505,Cliente CLI-00505,user_l-02907@empresa.com,2025-06-26,Churned,2025-07-26
CLI-00506,Cliente CLI-00506,user_l-02936@empresa.com,2025-06-29,Churned,2025-07-29
CLI-00507,Cliente CLI-00507,user_l-02944@empresa.com,2025-07-04,Churned,2025-11-01
CLI-00508,Cliente CLI-00508,user_l-02946@empresa.com,2025-07-08,Churned,2025-11-05
CLI-00509,Cliente CLI-00509,user_l-02949@empresa.com,2025-06-19,Churned,2025-07-19
CLI-00510,Cliente CLI-00510,user_l-02982@empresa.com,2025-07-11,Ativo,
CLI-00511,Cliente CLI-00511,user_l-02985@empresa.com,2025-06-17,Churned,2025-08-16
CLI-00512,Cliente CLI-00512,user_l-02989@empresa.com,2025-06-18,Churned,2025-08-17
CLI-00513,Cliente CLI-00513,user_l-03003@empresa.com,2025-07-11,Churned,2025-08-10
CLI-00514,Cliente CLI-00514,user_l-03029@empresa.com,2025-06-20,Churned,2025-07-20
CLI-00515,Cliente CLI-00515,user_l-03030@empresa.com,2025-06-15,Churned,2025-07-15
CLI-00516,Cliente CLI-00516,user_l-03039@empresa.com,2025-07-06,Churned,2025-08-05
CLI-00517,Cliente CLI-00517,user_l-03040@empresa.com,2025-06-15,Churned,2025-08-14
CLI-00518,Cliente CLI-00518,user_l-03044@empresa.com,2025-06-17,Churned,2025-07-17
CLI-00519,Cliente CLI-00519,user_l-03049@empresa.com,2025-07-11,Churned,2025-08-10
CLI-00520,Cliente CLI-00520,user_l-03053@empresa.com,2025-06-27,Churned,2025-07-27
CLI-00521,Cliente CLI-00521,user_l-03054@empresa.com,2025-06-28,Churned,2025-12-25
CLI-00522,Cliente CLI-00522,user_l-03064@empresa.com,2025-06-20,Churned,2025-07-20
CLI-00523,Cliente CLI-00523,user_l-03067@empresa.com,2025-06-24,Ativo,
CLI-00524,Cliente CLI-00524,user_l-03073@empresa.com,2025-06-26,Churned,2025-07-26
CLI-00525,Cliente CLI-00525,user_l-03084@empresa.com,2025-06-18,Churned,2025-07-18
CLI-00526,Cliente CLI-00526,user_l-03085@empresa.com,2025-06-20,Churned,2025-07-20
CLI-00527,Cliente CLI-00527,user_l-03093@empresa.com,2025-07-05,Churned,2025-09-03
CLI-00528,Cliente CLI-00528,user_l-03108@empresa.com,2025-06-27,Churned,2025-12-24
CLI-00529,Cliente CLI-00529,user_l-03109@empresa.com,2025-07-05,Churned,2025-09-03
CLI-00530,Cliente CLI-00530,user_l-03110@empresa.com,2025-07-05,Churned,2025-10-03
CLI-00531,Cliente CLI-00531,user_l-03112@empresa.com,2025-06-17,Churned,2025-11-14
CLI-00532,Cliente CLI-00532,user_l-03127@empresa.com,2025-06-20,Ativo,
CLI-00533,Cliente CLI-00533,user_l-03128@empresa.com,2025-07-10,Churned,2025-08-09
CLI-00534,Cliente CLI-00534,user_l-03134@empresa.com,2025-07-10,Churned,2025-09-08
CLI-00535,Cliente CLI-00535,user_l-03152@empresa.com,2025-06-23,Churned,2025-08-22
CLI-00536,Cliente CLI-00536,user_l-03161@empresa.com,2025-07-10,Churned,2025-09-08
CLI-00537,Cliente CLI-00537,user_l-03166@empresa.com,2025-07-02,Churned,2025-11-29
CLI-00538,Cliente CLI-00538,user_l-03171@empresa.com,2025-06-20,Churned,2025-07-20
CLI-00539,Cliente CLI-00539,user_l-03187@empresa.com,2025-06-28,Churned,2025-09-26
CLI-00540,Cliente CLI-00540,user_l-03206@empresa.com,2025-06-15,Churned,2025-08-14
CLI-00541,Cliente CLI-00541,user_l-03227@empresa.com,2025-07-05,Churned,2025-08-04
CLI-00542,Cliente CLI-00542,user_l-03269@empresa.com,2025-07-30,Churned,2025-08-29
CLI-00543,Cliente CLI-00543,user_l-03281@empresa.com,2025-08-02,Churned,2025-10-31
CLI-00544,Cliente CLI-00544,user_l-03290@empresa.com,2025-07-17,Churned,2025-10-15
CLI-00545,Cliente CLI-00545,user_l-03303@empresa.com,2025-07-29,Churned,2025-08-28
CLI-00546,Cliente CLI-00546,user_l-03306@empresa.com,2025-08-08,Churned,2025-12-06
CLI-00547,Cliente CLI-00547,user_l-03309@empresa.com,2025-08-09,Churned,2025-09-08
CLI-00548,Cliente CLI-00548,user_l-03328@empresa.com,2025-08-09,Churned,2025-09-08
CLI-00549,Cliente CLI-00549,user_l-03330@empresa.com,2025-07-20,Churned,2025-11-17
CLI-00550,Cliente CLI-00550,user_l-03331@empresa.com,2025-07-28,Churned,2025-09-26
CLI-00551,Cliente CLI-00551,user_l-03346@empresa.com,2025-07-21,Churned,2025-10-19
CLI-00552,Cliente CLI-00552,user_l-03350@empresa.com,2025-08-11,Churned,2025-12-09
CLI-00553,Cliente CLI-00553,user_l-03394@empresa.com,2025-08-05,Churned,2025-10-04
CLI-00554,Cliente CLI-00554,user_l-03411@empresa.com,2025-08-03,Churned,2025-09-02
CLI-00555,Cliente CLI-00555,user_l-03417@empresa.com,2025-08-02,Churned,2025-11-30
CLI-00556,Cliente CLI-00556,user_l-03458@empresa.com,2025-08-09,Churned,2025-09-08
CLI-00557,Cliente CLI-00557,user_l-03461@empresa.com,2025-08-06,Churned,2025-09-05
CLI-00558,Cliente CLI-00558,user_l-03470@empresa.com,2025-07-23,Churned,2025-08-22
CLI-00559,Cliente CLI-00559,user_l-03478@empresa.com,2025-07-25,Churned,2025-08-24
CLI-00560,Cliente CLI-00560,user_l-03480@empresa.com,2025-07-22,Churned,2025-08-21
CLI-00561,Cliente CLI-00561,user_l-03485@empresa.com,2025-07-31,Churned,2025-08-30
CLI-00562,Cliente CLI-00562,user_l-03494@empresa.com,2025-08-09,Churned,2025-12-07
CLI-00563,Cliente CLI-00563,user_l-03496@empresa.com,2025-08-11,Ativo,
CLI-00564,Cliente CLI-00564,user_l-03509@empresa.com,2025-07-17,Churned,2025-09-15
CLI-00565,Cliente CLI-00565,user_l-03513@empresa.com,2025-07-21,Ativo,
CLI-00566,Cliente CLI-00566,user_l-03520@empresa.com,2025-08-02,Churned,2025-10-01
CLI-00567,Cliente CLI-00567,user_l-03523@empresa.com,2025-08-01,Churned,2025-08-31
CLI-00568,Cliente CLI-00568,user_l-03529@empresa.com,2025-07-17,Churned,2025-08-16
CLI-00569,Cliente CLI-00569,user_l-03535@empresa.com,2025-07-17,Churned,2025-08-16
CLI-00570,Cliente CLI-00570,user_l-03536@empresa.com,2025-07-22,Churned,2025-10-20
CLI-00571,Cliente CLI-00571,user_l-03540@empresa.com,2025-08-05,Churned,2025-09-04
CLI-00572,Cliente CLI-00572,user_l-03549@empresa.com,2025-08-01,Ativo,
CLI-00573,Cliente CLI-00573,user_l-03550@empresa.com,2025-08-06,Churned,2025-09-05
CLI-00574,Cliente CLI-00574,user_l-03555@empresa.com,2025-08-08,Churned,2025-10-07
CLI-00575,Cliente CLI-00575,user_l-03565@empresa.com,2025-08-06,Churned,2025-09-05
CLI-00576,Cliente CLI-00576,user_l-03568@empresa.com,2025-07-16,Churned,2025-09-14
CLI-00577,Cliente CLI-00577,user_l-03575@empresa.com,2025-08-10,Churned,2025-09-09
CLI-00578,Cliente CLI-00578,user_l-03583@empresa.com,2025-07-26,Churned,2025-11-23
CLI-00579,Cliente CLI-00579,user_l-03585@empresa.com,2025-08-11,Ativo,
CLI-00580,Cliente CLI-00580,user_l-03588@empresa.com,2025-07-19,Churned,2025-12-16
CLI-00581,Cliente CLI-00581,user_l-03592@empresa.com,2025-07-26,Churned,2025-08-25
CLI-00582,Cliente CLI-00582,user_l-03595@empresa.com,2025-07-21,Ativo,
CLI-00583,Cliente CLI-00583,user_l-03601@empresa.com,2025-08-05,Churned,2025-11-03
CLI-00584,Cliente CLI-00584,user_l-03602@empresa.com,2025-07-31,Churned,2025-11-28
CLI-00585,Cliente CLI-00585,user_l-03615@empresa.com,2025-07-16,Churned,2025-08-15
CLI-00586,Cliente CLI-00586,user_l-03619@empresa.com,2025-07-22,Churned,2025-09-20
CLI-00587,Cliente CLI-00587,user_l-03627@empresa.com,2025-07-25,Churned,2025-08-24
CLI-00588,Cliente CLI-00588,user_l-03629@empresa.com,2025-07-21,Churned,2025-08-20
CLI-00589,Cliente CLI-00589,user_l-03630@empresa.com,2025-08-07,Churned,2025-09-06
CLI-00590,Cliente CLI-00590,user_l-03633@empresa.com,2025-07-20,Churned,2025-10-18
CLI-00591,Cliente CLI-00591,user_l-03650@empresa.com,2025-08-02,Churned,2025-09-01
CLI-00592,Cliente CLI-00592,user_l-03675@empresa.com,2025-08-03,Churned,2025-11-01
CLI-00593,Cliente CLI-00593,user_l-03678@empresa.com,2025-08-02,Churned,2025-10-31
CLI-00594,Cliente CLI-00594,user_l-03680@empresa.com,2025-07-17,Churned,2025-08-16
CLI-00595,Cliente CLI-00595,user_l-03705@empresa.com,2025-07-25,Churned,2025-08-24
CLI-00596,Cliente CLI-00596,user_l-03720@empresa.com,2025-07-29,Churned,2025-10-27
CLI-00597,Cliente CLI-00597,user_l-03736@empresa.com,2025-07-26,Churned,2025-08-25
CLI-00598,Cliente CLI-00598,user_l-03823@empresa.com,2025-07-30,Ativo,
CLI-00599,Cliente CLI-00599,user_l-03839@empresa.com,2025-08-06,Churned,2025-09-05
CLI-00600,Cliente CLI-00600,user_l-03842@empresa.com,2025-08-09,Churned,2025-09-08
CLI-00601,Cliente CLI-00601,user_l-03879@empresa.com,2025-07-23,Churned,2025-08-22
CLI-00602,Cliente CLI-00602,user_l-03886@empresa.com,2025-07-29,Churned,2025-08-28
CLI-00603,Cliente CLI-00603,user_l-03887@empresa.com,2025-08-11,Churned,2025-09-10
CLI-00604,Cliente CLI-00604,user_l-03893@empresa.com,2025-08-03,Churned,2025-09-02
CLI-00605,Cliente CLI-00605,user_l-03896@empresa.com,2025-08-09,Churned,2025-09-08
CLI-00606,Cliente CLI-00606,user_l-03905@empresa.com,2025-07-16,Churned,2025-11-13
CLI-00607,Cliente CLI-00607,user_l-03935@empresa.com,2025-08-03,Churned,2025-12-01
CLI-00608,Cliente CLI-00608,user_l-03941@empresa.com,2025-07-19,Churned,2025-09-17
CLI-00609,Cliente CLI-00609,user_l-03962@empresa.com,2025-08-05,Churned,2025-10-04
CLI-00610,Cliente CLI-00610,user_l-03968@empresa.com,2025-07-24,Ativo,
CLI-00611,Cliente CLI-00611,user_l-03974@empresa.com,2025-08-01,Churned,2025-09-30
CLI-00612,Cliente CLI-00612,user_l-03984@empresa.com,2025-08-04,Ativo,
CLI-00613,Cliente CLI-00613,user_l-03986@empresa.com,2025-07-22,Churned,2025-10-20
CLI-00614,Cliente CLI-00614,user_l-04000@empresa.com,2025-07-22,Churned,2025-10-20
CLI-00615,Cliente CLI-00615,user_l-04008@empresa.com,2025-07-22,Churned,2025-10-20
CLI-00616,Cliente CLI-00616,user_l-04014@empresa.com,2025-08-08,Churned,2025-09-07
CLI-00617,Cliente CLI-00617,user_l-04033@empresa.com,2025-08-01,Churned,2025-11-29
CLI-00618,Cliente CLI-00618,user_l-04034@empresa.com,2025-07-20,Churned,2025-11-17
CLI-00619,Cliente CLI-00619,user_l-04049@empresa.com,2025-07-31,Ativo,
CLI-00620,Cliente CLI-00620,user_l-04061@empresa.com,2025-07-30,Churned,2025-09-28
CLI-00621,Cliente CLI-00621,user_l-04069@empresa.com,2025-07-30,Churned,2025-08-29
CLI-00622,Cliente CLI-00622,user_l-04077@empresa.com,2025-08-05,Churned,2025-10-04
CLI-00623,Cliente CLI-00623,user_l-04089@empresa.com,2025-07-17,Churned,2025-08-16
CLI-00624,Cliente CLI-00624,user_l-04107@empresa.com,2025-07-17,Churned,2025-11-14
CLI-00625,Cliente CLI-00625,user_l-04112@empresa.com,2025-07-23,Churned,2025-09-21
CLI-00626,Cliente CLI-00626,user_l-04139@empresa.com,2025-08-02,Churned,2025-09-01
CLI-00627,Cliente CLI-00627,user_l-04149@empresa.com,2025-08-01,Churned,2025-09-30
CLI-00628,Cliente CLI-00628,user_l-04160@empresa.com,2025-07-18,Churned,2025-08-17
CLI-00629,Cliente CLI-00629,user_l-04180@empresa.com,2025-08-04,Churned,2025-09-03
CLI-00630,Cliente CLI-00630,user_l-04185@empresa.com,2025-08-01,Churned,2025-11-29
CLI-00631,Cliente CLI-00631,user_l-04187@empresa.com,2025-07-31,Churned,2025-10-29
CLI-00632,Cliente CLI-00632,user_l-04192@empresa.com,2025-07-26,Churned,2025-09-24
CLI-00633,Cliente CLI-00633,user_l-04196@empresa.com,2025-08-05,Ativo,
CLI-00634,Cliente CLI-00634,user_l-04212@empresa.com,2025-07-17,Churned,2025-11-14
CLI-00635,Cliente CLI-00635,user_l-04218@empresa.com,2025-07-20,Churned,2025-08-19
CLI-00636,Cliente CLI-00636,user_l-04224@empresa.com,2025-07-26,Churned,2025-09-24
CLI-00637,Cliente CLI-00637,user_l-04225@empresa.com,2025-07-19,Churned,2025-08-18
CLI-00638,Cliente CLI-00638,user_l-04226@empresa.com,2025-07-25,Churned,2025-08-24
CLI-00639,Cliente CLI-00639,user_l-04241@empresa.com,2025-08-07,Ativo,
CLI-00640,Cliente CLI-00640,user_l-04250@empresa.com,2025-08-05,Churned,2025-12-03
CLI-00641,Cliente CLI-00641,user_l-04265@empresa.com,2025-07-20,Churned,2025-11-17
CLI-00642,Cliente CLI-00642,user_l-04269@empresa.com,2025-07-25,Churned,2025-08-24
CLI-00643,Cliente CLI-00643,user_l-04276@empresa.com,2025-07-21,Churned,2025-08-20
CLI-00644,Cliente CLI-00644,user_l-04284@empresa.com,2025-07-24,Churned,2025-09-22
CLI-00645,Cliente CLI-00645,user_l-04296@empresa.com,2025-07-28,Churned,2025-11-25
CLI-00646,Cliente CLI-00646,user_l-04300@empresa.com,2025-07-30,Churned,2025-08-29
CLI-00647,Cliente CLI-00647,user_l-04310@empresa.com,2025-07-28,Churned,2025-09-26
CLI-00648,Cliente CLI-00648,user_l-04313@empresa.com,2025-07-31,Churned,2025-12-28
CLI-00649,Cliente CLI-00649,user_l-04315@empresa.com,2025-08-08,Churned,2025-09-07
CLI-00650,Cliente CLI-00650,user_l-04316@empresa.com,2025-07-27,Churned,2025-08-26
CLI-00651,Cliente CLI-00651,user_l-04318@empresa.com,2025-07-17,Churned,2025-09-15
CLI-00652,Cliente CLI-00652,user_l-04324@empresa.com,2025-07-31,Churned,2025-08-30
CLI-00653,Cliente CLI-00653,user_l-04329@empresa.com,2025-08-07,Churned,2025-09-06
CLI-00654,Cliente CLI-00654,user_l-04330@empresa.com,2025-08-06,Churned,2025-10-05
CLI-00655,Cliente CLI-00655,user_l-04331@empresa.com,2025-08-01,Churned,2025-08-31
CLI-00656,Cliente CLI-00656,user_l-04338@empresa.com,2025-08-04,Churned,2025-09-03
CLI-00657,Cliente CLI-00657,user_l-04358@empresa.com,2025-07-20,Churned,2025-11-17
CLI-00658,Cliente CLI-00658,user_l-04366@empresa.com,2025-08-01,Churned,2025-10-30
CLI-00659,Cliente CLI-00659,user_l-04367@empresa.com,2025-07-27,Churned,2025-09-25
CLI-00660,Cliente CLI-00660,user_l-04372@empresa.com,2025-08-11,Churned,2025-10-10
CLI-00661,Cliente CLI-00661,user_l-04377@empresa.com,2025-07-18,Churned,2025-09-16
CLI-00662,Cliente CLI-00662,user_l-04398@empresa.com,2025-07-28,Churned,2025-10-26
CLI-00663,Cliente CLI-00663,user_l-04410@empresa.com,2025-08-11,Churned,2025-09-10
CLI-00664,Cliente CLI-00664,user_l-04411@empresa.com,2025-07-16,Churned,2025-08-15
CLI-00665,Cliente CLI-00665,user_l-04424@empresa.com,2025-08-02,Churned,2025-09-01
CLI-00666,Cliente CLI-00666,user_l-04428@empresa.com,2025-07-27,Churned,2025-08-26
CLI-00667,Cliente CLI-00667,user_l-04440@empresa.com,2025-07-26,Churned,2025-08-25
CLI-00668,Cliente CLI-00668,user_l-04466@empresa.com,2025-08-04,Churned,2025-10-03
CLI-00669,Cliente CLI-00669,user_l-04477@empresa.com,2025-07-27,Ativo,
CLI-00670,Cliente CLI-00670,user_l-04494@empresa.com,2025-08-11,Churned,2025-09-10
CLI-00671,Cliente CLI-00671,user_l-04504@empresa.com,2025-07-19,Ativo,
CLI-00672,Cliente CLI-00672,user_l-04528@empresa.com,2025-07-27,Churned,2025-09-25
CLI-00673,Cliente CLI-00673,user_l-04535@empresa.com,2025-07-30,Churned,2025-12-27
CLI-00674,Cliente CLI-00674,user_l-04539@empresa.com,2025-08-02,Churned,2025-10-01
CLI-00675,Cliente CLI-00675,user_l-04566@empresa.com,2025-08-08,Churned,2025-10-07
CLI-00676,Cliente CLI-00676,user_l-04568@empresa.com,2025-07-25,Churned,2025-12-22
CLI-00677,Cliente CLI-00677,user_l-04583@empresa.com,2025-07-24,Churned,2025-09-22
CLI-00678,Cliente CLI-00678,user_l-04596@empresa.com,2025-07-30,Ativo,
CLI-00679,Cliente CLI-00679,user_l-04601@empresa.com,2025-08-02,Churned,2025-09-01
CLI-00680,Cliente CLI-00680,user_l-04614@empresa.com,2025-07-31,Churned,2025-08-30
CLI-00681,Cliente CLI-00681,user_l-04615@empresa.com,2025-08-03,Churned,2025-12-01
CLI-00682,Cliente CLI-00682,user_l-04625@empresa.com,2025-07-30,Churned,2025-11-27
CLI-00683,Cliente CLI-00683,user_l-04645@empresa.com,2025-08-21,Ativo,
CLI-00684,Cliente CLI-00684,user_l-04654@empresa.com,2025-08-16,Ativo,
CLI-00685,Cliente CLI-00685,user_l-04655@empresa.com,2025-09-01,Ativo,
CLI-00686,Cliente CLI-00686,user_l-04659@empresa.com,2025-09-08,Ativo,
CLI-00687,Cliente CLI-00687,user_l-04663@empresa.com,2025-09-03,Ativo,
CLI-00688,Cliente CLI-00688,user_l-04671@empresa.com,2025-08-18,Ativo,
CLI-00689,Cliente CLI-00689,user_l-04680@empresa.com,2025-09-05,Ativo,
CLI-00690,Cliente CLI-00690,user_l-04681@empresa.com,2025-08-22,Ativo,
CLI-00691,Cliente CLI-00691,user_l-04701@empresa.com,2025-08-18,Churned,2025-12-16
CLI-00692,Cliente CLI-00692,user_l-04717@empresa.com,2025-08-24,Ativo,
CLI-00693,Cliente CLI-00693,user_l-04722@empresa.com,2025-08-16,Churned,2025-12-14
CLI-00694,Cliente CLI-00694,user_l-04723@empresa.com,2025-09-10,Ativo,
CLI-00695,Cliente CLI-00695,user_l-04724@empresa.com,2025-08-31,Ativo,
CLI-00696,Cliente CLI-00696,user_l-04727@empresa.com,2025-09-05,Ativo,
CLI-00697,Cliente CLI-00697,user_l-04730@empresa.com,2025-08-22,Churned,2025-11-20
CLI-00698,Cliente CLI-00698,user_l-04737@empresa.com,2025-08-20,Churned,2025-11-18
CLI-00699,Cliente CLI-00699,user_l-04739@empresa.com,2025-08-26,Ativo,
CLI-00700,Cliente CLI-00700,user_l-04742@empresa.com,2025-09-05,Churned,2025-11-04
CLI-00701,Cliente CLI-00701,user_l-04756@empresa.com,2025-08-16,Ativo,
CLI-00702,Cliente CLI-00702,user_l-04760@empresa.com,2025-08-21,Churned,2025-09-20
CLI-00703,Cliente CLI-00703,user_l-04765@empresa.com,2025-08-29,Ativo,
CLI-00704,Cliente CLI-00704,user_l-04767@empresa.com,2025-08-23,Ativo,
CLI-00705,Cliente CLI-00705,user_l-04772@empresa.com,2025-09-02,Ativo,
CLI-00706,Cliente CLI-00706,user_l-04811@empresa.com,2025-09-04,Churned,2025-10-04
CLI-00707,Cliente CLI-00707,user_l-04812@empresa.com,2025-08-19,Ativo,
CLI-00708,Cliente CLI-00708,user_l-04813@empresa.com,2025-08-22,Ativo,
CLI-00709,Cliente CLI-00709,user_l-04826@empresa.com,2025-09-01,Churned,2025-11-30
CLI-00710,Cliente CLI-00710,user_l-04831@empresa.com,2025-08-16,Ativo,
CLI-00711,Cliente CLI-00711,user_l-04843@empresa.com,2025-09-05,Churned,2025-11-04
CLI-00712,Cliente CLI-00712,user_l-04852@empresa.com,2025-09-02,Churned,2025-10-02
CLI-00713,Cliente CLI-00713,user_l-04853@empresa.com,2025-08-28,Churned,2025-11-26
CLI-00714,Cliente CLI-00714,user_l-04855@empresa.com,2025-09-02,Ativo,
CLI-00715,Cliente CLI-00715,user_l-04865@empresa.com,2025-08-16,Churned,2025-10-15
CLI-00716,Cliente CLI-00716,user_l-04869@empresa.com,2025-08-21,Churned,2025-11-19
CLI-00717,Cliente CLI-00717,user_l-04875@empresa.com,2025-09-01,Ativo,
CLI-00718,Cliente CLI-00718,user_l-04884@empresa.com,2025-08-20,Ativo,
CLI-00719,Cliente CLI-00719,user_l-04889@empresa.com,2025-09-07,Churned,2025-11-06
CLI-00720,Cliente CLI-00720,user_l-04890@empresa.com,2025-09-05,Churned,2025-11-04
CLI-00721,Cliente CLI-00721,user_l-04891@empresa.com,2025-08-20,Ativo,
CLI-00722,Cliente CLI-00722,user_l-04894@empresa.com,2025-08-27,Churned,2025-11-25
CLI-00723,Cliente CLI-00723,user_l-04899@empresa.com,2025-08-30,Churned,2025-11-28
CLI-00724,Cliente CLI-00724,user_l-04902@empresa.com,2025-09-09,Churned,2025-12-08
CLI-00725,Cliente CLI-00725,user_l-04916@empresa.com,2025-09-09,Ativo,
CLI-00726,Cliente CLI-00726,user_l-04923@empresa.com,2025-09-02,Ativo,
CLI-00727,Cliente CLI-00727,user_l-04954@empresa.com,2025-08-26,Churned,2025-12-24
CLI-00728,Cliente CLI-00728,user_l-04956@empresa.com,2025-09-09,Ativo,
CLI-00729,Cliente CLI-00729,user_l-04966@empresa.com,2025-09-04,Churned,2025-10-04
CLI-00730,Cliente CLI-00730,user_l-04970@empresa.com,2025-08-19,Ativo,
CLI-00731,Cliente CLI-00731,user_l-04973@empresa.com,2025-08-26,Ativo,
CLI-00732,Cliente CLI-00732,user_l-04979@empresa.com,2025-08-27,Ativo,
CLI-00733,Cliente CLI-00733,user_l-04980@empresa.com,2025-09-01,Ativo,
CLI-00734,Cliente CLI-00734,user_l-04984@empresa.com,2025-08-31,Ativo,
CLI-00735,Cliente CLI-00735,user_l-04986@empresa.com,2025-09-07,Ativo,
CLI-00736,Cliente CLI-00736,user_l-04991@empresa.com,2025-08-18,Ativo,
CLI-00737,Cliente CLI-00737,user_l-05001@empresa.com,2025-09-10,Ativo,
CLI-00738,Cliente CLI-00738,user_l-05013@empresa.com,2025-09-21,Churned,2025-12-20
CLI-00739,Cliente CLI-00739,user_l-05014@empresa.com,2025-10-10,Ativo,
CLI-00740,Cliente CLI-00740,user_l-05021@empresa.com,2025-09-18,Ativo,
CLI-00741,Cliente CLI-00741,user_l-05024@empresa.com,2025-10-01,Churned,2025-10-31
CLI-00742,Cliente CLI-00742,user_l-05032@empresa.com,2025-10-05,Ativo,
CLI-00743,Cliente CLI-00743,user_l-05043@empresa.com,2025-09-30,Churned,2025-11-29
CLI-00744,Cliente CLI-00744,user_l-05047@empresa.com,2025-10-02,Ativo,
CLI-00745,Cliente CLI-00745,user_l-05054@empresa.com,2025-09-21,Ativo,
CLI-00746,Cliente CLI-00746,user_l-05061@empresa.com,2025-10-06,Ativo,
CLI-00747,Cliente CLI-00747,user_l-05063@empresa.com,2025-09-17,Churned,2025-11-16
CLI-00748,Cliente CLI-00748,user_l-05069@empresa.com,2025-10-04,Ativo,
CLI-00749,Cliente CLI-00749,user_l-05074@empresa.com,2025-09-29,Churned,2025-11-28
CLI-00750,Cliente CLI-00750,user_l-05078@empresa.com,2025-10-04,Ativo,
CLI-00751,Cliente CLI-00751,user_l-05096@empresa.com,2025-09-16,Churned,2025-11-15
CLI-00752,Cliente CLI-00752,user_l-05098@empresa.com,2025-10-03,Ativo,
CLI-00753,Cliente CLI-00753,user_l-05101@empresa.com,2025-09-17,Churned,2025-11-16
CLI-00754,Cliente CLI-00754,user_l-05107@empresa.com,2025-10-04,Churned,2025-11-03
CLI-00755,Cliente CLI-00755,user_l-05109@empresa.com,2025-10-10,Ativo,
CLI-00756,Cliente CLI-00756,user_l-05110@empresa.com,2025-09-29,Ativo,
CLI-00757,Cliente CLI-00757,user_l-05116@empresa.com,2025-10-11,Ativo,
CLI-00758,Cliente CLI-00758,user_l-05118@empresa.com,2025-09-17,Ativo,
CLI-00759,Cliente CLI-00759,user_l-05129@empresa.com,2025-10-10,Ativo,
CLI-00760,Cliente CLI-00760,user_l-05132@empresa.com,2025-10-01,Churned,2025-11-30
CLI-00761,Cliente CLI-00761,user_l-05140@empresa.com,2025-10-02,Churned,2025-11-01
CLI-00762,Cliente CLI-00762,user_l-05141@empresa.com,2025-09-21,Ativo,
CLI-00763,Cliente CLI-00763,user_l-05155@empresa.com,2025-09-23,Churned,2025-10-23
CLI-00764,Cliente CLI-00764,user_l-05157@empresa.com,2025-09-20,Churned,2025-12-19
CLI-00765,Cliente CLI-00765,user_l-05166@empresa.com,2025-09-25,Churned,2025-12-24
CLI-00766,Cliente CLI-00766,user_l-05174@empresa.com,2025-09-15,Ativo,
CLI-00767,Cliente CLI-00767,user_l-05175@empresa.com,2025-10-01,Churned,2025-10-31
CLI-00768,Cliente CLI-00768,user_l-05176@empresa.com,2025-10-04,Ativo,
CLI-00769,Cliente CLI-00769,user_l-05187@empresa.com,2025-10-04,Ativo,
CLI-00770,Cliente CLI-00770,user_l-05191@empresa.com,2025-09-25,Ativo,
CLI-00771,Cliente CLI-00771,user_l-05192@empresa.com,2025-09-22,Ativo,
CLI-00772,Cliente CLI-00772,user_l-05197@empresa.com,2025-10-04,Churned,2025-11-03
CLI-00773,Cliente CLI-00773,user_l-05208@empresa.com,2025-09-22,Churned,2025-12-21
CLI-00774,Cliente CLI-00774,user_l-05210@empresa.com,2025-10-07,Ativo,
CLI-00775,Cliente CLI-00775,user_l-05211@empresa.com,2025-09-29,Ativo,
CLI-00776,Cliente CLI-00776,user_l-05214@empresa.com,2025-09-20,Ativo,
CLI-00777,Cliente CLI-00777,user_l-05218@empresa.com,2025-10-02,Churned,2025-11-01
CLI-00778,Cliente CLI-00778,user_l-05221@empresa.com,2025-09-28,Ativo,
CLI-00779,Cliente CLI-00779,user_l-05222@empresa.com,2025-10-05,Churned,2025-11-04
CLI-00780,Cliente CLI-00780,user_l-05225@empresa.com,2025-09-15,Ativo,
CLI-00781,Cliente CLI-00781,user_l-05228@empresa.com,2025-10-10,Ativo,
CLI-00782,Cliente CLI-00782,user_l-05240@empresa.com,2025-09-19,Churned,2025-11-18
CLI-00783,Cliente CLI-00783,user_l-05260@empresa.com,2025-09-18,Ativo,
CLI-00784,Cliente CLI-00784,user_l-05267@empresa.com,2025-09-18,Churned,2025-12-17
CLI-00785,Cliente CLI-00785,user_l-05271@empresa.com,2025-09-28,Ativo,
CLI-00786,Cliente CLI-00786,user_l-05274@empresa.com,2025-09-22,Ativo,
CLI-00787,Cliente CLI-00787,user_l-05275@empresa.com,2025-10-09,Ativo,
CLI-00788,Cliente CLI-00788,user_l-05276@empresa.com,2025-09-25,Churned,2025-11-24
CLI-00789,Cliente CLI-00789,user_l-05277@empresa.com,2025-09-20,Ativo,
CLI-00790,Cliente CLI-00790,user_l-05283@empresa.com,2025-10-04,Ativo,
CLI-00791,Cliente CLI-00791,user_l-05284@empresa.com,2025-10-05,Ativo,
CLI-00792,Cliente CLI-00792,user_l-05290@empresa.com,2025-09-26,Churned,2025-12-25
CLI-00793,Cliente CLI-00793,user_l-05292@empresa.com,2025-09-21,Ativo,
CLI-00794,Cliente CLI-00794,user_l-05299@empresa.com,2025-10-01,Ativo,
CLI-00795,Cliente CLI-00795,user_l-05304@empresa.com,2025-10-07,Ativo,
CLI-00796,Cliente CLI-00796,user_l-05306@empresa.com,2025-09-29,Ativo,
CLI-00797,Cliente CLI-00797,user_l-05310@empresa.com,2025-10-07,Ativo,
CLI-00798,Cliente CLI-00798,user_l-05312@empresa.com,2025-09-24,Ativo,
CLI-00799,Cliente CLI-00799,user_l-05319@empresa.com,2025-10-07,Ativo,
CLI-00800,Cliente CLI-00800,user_l-05320@empresa.com,2025-09-30,Churned,2025-10-30
CLI-00801,Cliente CLI-00801,user_l-05324@empresa.com,2025-09-18,Ativo,
CLI-00802,Cliente CLI-00802,user_l-05328@empresa.com,2025-10-06,Churned,2025-11-05
CLI-00803,Cliente CLI-00803,user_l-05332@empresa.com,2025-09-16,Ativo,
CLI-00804,Cliente CLI-00804,user_l-05341@empresa.com,2025-09-26,Ativo,
CLI-00805,Cliente CLI-00805,user_l-05342@empresa.com,2025-10-07,Ativo,
CLI-00806,Cliente CLI-00806,user_l-05357@empresa.com,2025-09-27,Ativo,
CLI-00807,Cliente CLI-00807,user_l-05362@empresa.com,2025-09-30,Ativo,
CLI-00808,Cliente CLI-00808,user_l-05368@empresa.com,2025-09-19,Churned,2025-11-18
CLI-00809,Cliente CLI-00809,user_l-05370@empresa.com,2025-09-25,Ativo,
CLI-00810,Cliente CLI-00810,user_l-05377@empresa.com,2025-09-27,Ativo,
CLI-00811,Cliente CLI-00811,user_l-05387@empresa.com,2025-09-28,Churned,2025-10-28
CLI-00812,Cliente CLI-00812,user_l-05398@empresa.com,2025-09-17,Churned,2025-12-16
CLI-00813,Cliente CLI-00813,user_l-05404@empresa.com,2025-10-04,Churned,2025-12-03
CLI-00814,Cliente CLI-00814,user_l-05417@empresa.com,2025-09-27,Ativo,
CLI-00815,Cliente CLI-00815,user_l-05419@empresa.com,2025-09-26,Ativo,
CLI-00816,Cliente CLI-00816,user_l-05424@empresa.com,2025-09-21,Churned,2025-11-20
CLI-00817,Cliente CLI-00817,user_l-05429@empresa.com,2025-09-18,Ativo,
CLI-00818,Cliente CLI-00818,user_l-05431@empresa.com,2025-10-01,Ativo,
CLI-00819,Cliente CLI-00819,user_l-05440@empresa.com,2025-10-08,Ativo,
CLI-00820,Cliente CLI-00820,user_l-05441@empresa.com,2025-10-09,Ativo,
CLI-00821,Cliente CLI-00821,user_l-05442@empresa.com,2025-10-06,Ativo,
CLI-00822,Cliente CLI-00822,user_l-05444@empresa.com,2025-09-15,Ativo,
CLI-00823,Cliente CLI-00823,user_l-05463@empresa.com,2025-09-28,Ativo,
CLI-00824,Cliente CLI-00824,user_l-05464@empresa.com,2025-10-02,Ativo,
CLI-00825,Cliente CLI-00825,user_l-05471@empresa.com,2025-11-11,Ativo,
CLI-00826,Cliente CLI-00826,user_l-05473@empresa.com,2025-10-29,Ativo,
CLI-00827,Cliente CLI-00827,user_l-05475@empresa.com,2025-10-24,Ativo,
CLI-00828,Cliente CLI-00828,user_l-05477@empresa.com,2025-11-01,Ativo,
CLI-00829,Cliente CLI-00829,user_l-05479@empresa.com,2025-10-30,Ativo,
CLI-00830,Cliente CLI-00830,user_l-05480@empresa.com,2025-11-09,Ativo,
CLI-00831,Cliente CLI-00831,user_l-05483@empresa.com,2025-11-04,Ativo,
CLI-00832,Cliente CLI-00832,user_l-05486@empresa.com,2025-11-03,Ativo,
CLI-00833,Cliente CLI-00833,user_l-05492@empresa.com,2025-10-19,Churned,2025-12-18
CLI-00834,Cliente CLI-00834,user_l-05498@empresa.com,2025-11-11,Ativo,
CLI-00835,Cliente CLI-00835,user_l-05499@empresa.com,2025-10-30,Churned,2025-12-29
CLI-00836,Cliente CLI-00836,user_l-05513@empresa.com,2025-11-06,Ativo,
CLI-00837,Cliente CLI-00837,user_l-05529@empresa.com,2025-10-23,Ativo,
CLI-00838,Cliente CLI-00838,user_l-05537@empresa.com,2025-10-20,Ativo,
CLI-00839,Cliente CLI-00839,user_l-05542@empresa.com,2025-11-09,Ativo,
CLI-00840,Cliente CLI-00840,user_l-05543@empresa.com,2025-11-03,Ativo,
CLI-00841,Cliente CLI-00841,user_l-05552@empresa.com,2025-11-04,Ativo,
CLI-00842,Cliente CLI-00842,user_l-05553@empresa.com,2025-10-29,Ativo,
CLI-00843,Cliente CLI-00843,user_l-05556@empresa.com,2025-10-26,Ativo,
CLI-00844,Cliente CLI-00844,user_l-05558@empresa.com,2025-11-05,Ativo,
CLI-00845,Cliente CLI-00845,user_l-05561@empresa.com,2025-11-03,Ativo,
CLI-00846,Cliente CLI-00846,user_l-05562@empresa.com,2025-10-23,Ativo,
CLI-00847,Cliente CLI-00847,user_l-05576@empresa.com,2025-10-24,Ativo,
CLI-00848,Cliente CLI-00848,user_l-05578@empresa.com,2025-10-23,Ativo,
CLI-00849,Cliente CLI-00849,user_l-05580@empresa.com,2025-10-23,Ativo,
CLI-00850,Cliente CLI-00850,user_l-05586@empresa.com,2025-10-28,Ativo,
CLI-00851,Cliente CLI-00851,user_l-05591@empresa.com,2025-10-28,Ativo,
CLI-00852,Cliente CLI-00852,user_l-05592@empresa.com,2025-10-21,Ativo,
CLI-00853,Cliente CLI-00853,user_l-05595@empresa.com,2025-11-05,Ativo,
CLI-00854,Cliente CLI-00854,user_l-05604@empresa.com,2025-10-17,Ativo,
CLI-00855,Cliente CLI-00855,user_l-05605@empresa.com,2025-10-30,Ativo,
CLI-00856,Cliente CLI-00856,user_l-05606@empresa.com,2025-11-05,Ativo,
CLI-00857,Cliente CLI-00857,user_l-05607@empresa.com,2025-11-05,Ativo,
CLI-00858,Cliente CLI-00858,user_l-05609@empresa.com,2025-10-31,Churned,2025-12-30
CLI-00859,Cliente CLI-00859,user_l-05610@empresa.com,2025-10-16,Ativo,
CLI-00860,Cliente CLI-00860,user_l-05616@empresa.com,2025-10-21,Churned,2025-12-20
CLI-00861,Cliente CLI-00861,user_l-05629@empresa.com,2025-10-25,Churned,2025-11-24
CLI-00862,Cliente CLI-00862,user_l-05641@empresa.com,2025-10-25,Ativo,
CLI-00863,Cliente CLI-00863,user_l-05645@empresa.com,2025-10-29,Ativo,
CLI-00864,Cliente CLI-00864,user_l-05653@empresa.com,2025-11-10,Ativo,
CLI-00865,Cliente CLI-00865,user_l-05654@empresa.com,2025-11-11,Ativo,
CLI-00866,Cliente CLI-00866,user_l-05658@empresa.com,2025-10-18,Churned,2025-11-17
CLI-00867,Cliente CLI-00867,user_l-05661@empresa.com,2025-10-23,Ativo,
CLI-00868,Cliente CLI-00868,user_l-05664@empresa.com,2025-11-04,Ativo,
CLI-00869,Cliente CLI-00869,user_l-05666@empresa.com,2025-10-22,Ativo,
CLI-00870,Cliente CLI-00870,user_l-05668@empresa.com,2025-11-11,Ativo,
CLI-00871,Cliente CLI-00871,user_l-05671@empresa.com,2025-10-22,Ativo,
CLI-00872,Cliente CLI-00872,user_l-05672@empresa.com,2025-10-26,Ativo,
CLI-00873,Cliente CLI-00873,user_l-05676@empresa.com,2025-10-27,Ativo,
CLI-00874,Cliente CLI-00874,user_l-05687@empresa.com,2025-11-03,Ativo,
CLI-00875,Cliente CLI-00875,user_l-05689@empresa.com,2025-11-03,Ativo,
CLI-00876,Cliente CLI-00876,user_l-05693@empresa.com,2025-11-01,Churned,2025-12-31
CLI-00877,Cliente CLI-00877,user_l-05697@empresa.com,2025-11-07,Ativo,
CLI-00878,Cliente CLI-00878,user_l-05708@empresa.com,2025-10-27,Churned,2025-12-26
CLI-00879,Cliente CLI-00879,user_l-05709@empresa.com,2025-10-17,Ativo,
CLI-00880,Cliente CLI-00880,user_l-05715@empresa.com,2025-11-02,Ativo,
CLI-00881,Cliente CLI-00881,user_l-05717@empresa.com,2025-11-03,Ativo,
CLI-00882,Cliente CLI-00882,user_l-05721@empresa.com,2025-10-22,Ativo,
CLI-00883,Cliente CLI-00883,user_l-05734@empresa.com,2025-11-10,Ativo,
CLI-00884,Cliente CLI-00884,user_l-05742@empresa.com,2025-10-25,Ativo,
CLI-00885,Cliente CLI-00885,user_l-05743@empresa.com,2025-11-01,Ativo,
CLI-00886,Cliente CLI-00886,user_l-05746@empresa.com,2025-10-24,Churned,2025-12-23
CLI-00887,Cliente CLI-00887,user_l-05754@empresa.com,2025-10-30,Ativo,
CLI-00888,Cliente CLI-00888,user_l-05755@empresa.com,2025-10-31,Ativo,
CLI-00889,Cliente CLI-00889,user_l-05756@empresa.com,2025-11-06,Ativo,
CLI-00890,Cliente CLI-00890,user_l-05757@empresa.com,2025-11-09,Ativo,
CLI-00891,Cliente CLI-00891,user_l-05774@empresa.com,2025-11-11,Ativo,
CLI-00892,Cliente CLI-00892,user_l-05779@empresa.com,2025-11-03,Ativo,
CLI-00893,Cliente CLI-00893,user_l-05790@empresa.com,2025-11-01,Ativo,
CLI-00894,Cliente CLI-00894,user_l-05795@empresa.com,2025-11-05,Ativo,
CLI-00895,Cliente CLI-00895,user_l-05803@empresa.com,2025-10-25,Churned,2025-12-24
CLI-00896,Cliente CLI-00896,user_l-05807@empresa.com,2025-10-20,Ativo,
CLI-00897,Cliente CLI-00897,user_l-05808@empresa.com,2025-10-22,Churned,2025-11-21
CLI-00898,Cliente CLI-00898,user_l-05815@empresa.com,2025-11-03,Ativo,
CLI-00899,Cliente CLI-00899,user_l-05819@empresa.com,2025-10-16,Ativo,
CLI-00900,Cliente CLI-00900,user_l-05823@empresa.com,2025-11-01,Ativo,
CLI-00901,Cliente CLI-00901,user_l-05827@empresa.com,2025-10-30,Ativo,
CLI-00902,Cliente CLI-00902,user_l-05828@empresa.com,2025-10-17,Ativo,
CLI-00903,Cliente CLI-00903,user_l-05829@empresa.com,2025-10-21,Ativo,
CLI-00904,Cliente CLI-00904,user_l-05835@empresa.com,2025-10-17,Ativo,
CLI-00905,Cliente CLI-00905,user_l-05836@empresa.com,2025-11-04,Ativo,
CLI-00906,Cliente CLI-00906,user_l-05837@empresa.com,2025-10-18,Ativo,
CLI-00907,Cliente CLI-00907,user_l-05851@empresa.com,2025-10-18,Ativo,
CLI-00908,Cliente CLI-00908,user_l-05865@empresa.com,2025-11-21,Churned,2025-12-21
CLI-00909,Cliente CLI-00909,user_l-05868@empresa.com,2025-11-27,Ativo,
CLI-00910,Cliente CLI-00910,user_l-05871@empresa.com,2025-11-21,Ativo,
CLI-00911,Cliente CLI-00911,user_l-05873@empresa.com,2025-12-06,Ativo,
CLI-00912,Cliente CLI-00912,user_l-05880@empresa.com,2025-11-30,Ativo,
CLI-00913,Cliente CLI-00913,user_l-05882@empresa.com,2025-11-22,Ativo,
CLI-00914,Cliente CLI-00914,user_l-05883@empresa.com,2025-11-18,Ativo,
CLI-00915,Cliente CLI-00915,user_l-05884@empresa.com,2025-12-07,Ativo,
CLI-00916,Cliente CLI-00916,user_l-05885@empresa.com,2025-12-04,Ativo,
CLI-00917,Cliente CLI-00917,user_l-05886@empresa.com,2025-12-11,Ativo,
CLI-00918,Cliente CLI-00918,user_l-05888@empresa.com,2025-12-02,Ativo,
CLI-00919,Cliente CLI-00919,user_l-05889@empresa.com,2025-11-19,Ativo,
CLI-00920,Cliente CLI-00920,user_l-05890@empresa.com,2025-12-05,Ativo,
CLI-00921,Cliente CLI-00921,user_l-05892@empresa.com,2025-11-27,Ativo,
CLI-00922,Cliente CLI-00922,user_l-05894@empresa.com,2025-11-19,Ativo,
CLI-00923,Cliente CLI-00923,user_l-05904@empresa.com,2025-12-10,Ativo,
CLI-00924,Cliente CLI-00924,user_l-05907@empresa.com,2025-11-15,Ativo,
CLI-00925,Cliente CLI-00925,user_l-05910@empresa.com,2025-11-29,Ativo,
CLI-00926,Cliente CLI-00926,user_l-05911@empresa.com,2025-12-10,Ativo,
CLI-00927,Cliente CLI-00927,user_l-05915@empresa.com,2025-12-05,Ativo,
CLI-00928,Cliente CLI-00928,user_l-05918@empresa.com,2025-11-27,Ativo,
CLI-00929,Cliente CLI-00929,user_l-05919@empresa.com,2025-12-04,Ativo,
CLI-00930,Cliente CLI-00930,user_l-05935@empresa.com,2025-11-24,Ativo,
CLI-00931,Cliente CLI-00931,user_l-05941@empresa.com,2025-11-30,Ativo,
CLI-00932,Cliente CLI-00932,user_l-05947@empresa.com,2025-11-27,Ativo,
CLI-00933,Cliente CLI-00933,user_l-05948@empresa.com,2025-12-01,Ativo,
CLI-00934,Cliente CLI-00934,user_l-05953@empresa.com,2025-11-20,Ativo,
CLI-00935,Cliente CLI-00935,user_l-05956@empresa.com,2025-11-22,Ativo,
CLI-00936,Cliente CLI-00936,user_l-05957@empresa.com,2025-12-02,Ativo,
CLI-00937,Cliente CLI-00937,user_l-05958@empresa.com,2025-11-19,Ativo,
CLI-00938,Cliente CLI-00938,user_l-05964@empresa.com,2025-11-20,Ativo,
CLI-00939,Cliente CLI-00939,user_l-05977@empresa.com,2025-12-08,Ativo,
CLI-00940,Cliente CLI-00940,user_l-05983@empresa.com,2025-12-02,Ativo,
CLI-00941,Cliente CLI-00941,user_l-05985@empresa.com,2025-11-25,Ativo,
CLI-00942,Cliente CLI-00942,user_l-05988@empresa.com,2025-11-18,Ativo,
CLI-00943,Cliente CLI-00943,user_l-05990@empresa.com,2025-11-22,Ativo,
CLI-00944,Cliente CLI-00944,user_l-05995@empresa.com,2025-12-03,Ativo,
CLI-00945,Cliente CLI-00945,user_l-05996@empresa.com,2025-11-20,Churned,2025-12-20
CLI-00946,Cliente CLI-00946,user_l-05998@empresa.com,2025-11-23,Ativo,
CLI-00947,Cliente CLI-00947,user_l-06000@empresa.com,2025-11-16,Ativo,
CLI-00948,Cliente CLI-00948,user_l-06004@empresa.com,2025-12-06,Ativo,
CLI-00949,Cliente CLI-00949,user_l-06015@empresa.com,2025-11-20,Ativo,
CLI-00950,Cliente CLI-00950,user_l-06017@empresa.com,2025-11-17,Ativo,
CLI-00951,Cliente CLI-00951,user_l-06021@empresa.com,2025-11-19,Ativo,
CLI-00952,Cliente CLI-00952,user_l-06028@empresa.com,2025-11-25,Ativo,
CLI-00953,Cliente CLI-00953,user_l-06039@empresa.com,2025-11-15,Ativo,
CLI-00954,Cliente CLI-00954,user_l-06049@empresa.com,2025-12-09,Ativo,
CLI-00955,Cliente CLI-00955,user_l-06051@empresa.com,2025-11-15,Ativo,
CLI-00956,Cliente CLI-00956,user_l-06052@empresa.com,2025-11-15,Churned,2025-12-15
CLI-00957,Cliente CLI-00957,user_l-06056@empresa.com,2025-11-27,Ativo,
CLI-00958,Cliente CLI-00958,user_l-06057@empresa.com,2025-11-21,Ativo,
CLI-00959,Cliente CLI-00959,user_l-06067@empresa.com,2025-12-08,Ativo,
CLI-00960,Cliente CLI-00960,user_l-06070@empresa.com,2025-12-07,Ativo,
CLI-00961,Cliente CLI-00961,user_l-06071@empresa.com,2025-12-05,Ativo,
CLI-00962,Cliente CLI-00962,user_l-06072@empresa.com,2025-11-26,Ativo,
CLI-00963,Cliente CLI-00963,user_l-06073@empresa.com,2025-11-29,Ativo,
CLI-00964,Cliente CLI-00964,user_l-06082@empresa.com,2025-12-04,Ativo,
CLI-00965,Cliente CLI-00965,user_l-06087@empresa.com,2025-11-22,Churned,2025-12-22
CLI-00966,Cliente CLI-00966,user_l-06088@empresa.com,2025-11-21,Ativo,
CLI-00967,Cliente CLI-00967,user_l-06089@empresa.com,2025-11-19,Ativo,
CLI-00968,Cliente CLI-00968,user_l-06100@empresa.com,2025-11-24,Ativo,
CLI-00969,Cliente CLI-00969,user_l-06102@empresa.com,2025-12-04,Ativo,
CLI-00970,Cliente CLI-00970,user_l-06108@empresa.com,2025-12-04,Ativo,
CLI-00971,Cliente CLI-00971,user_l-06112@empresa.com,2025-11-25,Ativo,
CLI-00972,Cliente CLI-00972,user_l-06114@empresa.com,2025-12-10,Ativo,
CLI-00973,Cliente CLI-00973,user_l-06120@empresa.com,2025-11-23,Ativo,
CLI-00974,Cliente CLI-00974,user_l-06125@empresa.com,2025-11-26,Ativo,
CLI-00975,Cliente CLI-00975,user_l-06136@empresa.com,2025-12-02,Ativo,
CLI-00976,Cliente CLI-00976,user_l-06147@empresa.com,2025-11-21,Ativo,
CLI-00977,Cliente CLI-00977,user_l-06153@empresa.com,2025-11-19,Churned,2025-12-19
CLI-00978,Cliente CLI-00978,user_l-06164@empresa.com,2025-11-20,Ativo,
CLI-00979,Cliente CLI-00979,user_l-06165@empresa.com,2025-11-28,Ativo,
CLI-00980,Cliente CLI-00980,user_l-06166@empresa.com,2025-11-26,Ativo,
CLI-00981,Cliente CLI-00981,user_l-06167@empresa.com,2025-11-30,Ativo,
CLI-00982,Cliente CLI-00982,user_l-06168@empresa.com,2025-11-30,Ativo,
CLI-00983,Cliente CLI-00983,user_l-06176@empresa.com,2025-12-11,Ativo,
CLI-00984,Cliente CLI-00984,user_l-06179@empresa.com,2025-12-10,Ativo,
CLI-00985,Cliente CLI-00985,user_l-06186@empresa.com,2025-11-27,Churned,2025-12-27
CLI-00986,Cliente CLI-00986,user_l-06187@empresa.com,2025-11-22,Ativo,
CLI-00987,Cliente CLI-00987,user_l-06188@empresa.com,2025-12-04,Ativo,
CLI-00988,Cliente CLI-00988,user_l-06193@empresa.com,2025-11-16,Ativo,
CLI-00989,Cliente CLI-00989,user_l-06194@empresa.com,2025-11-22,Ativo,
CLI-00990,Cliente CLI-00990,user_l-06196@empresa.com,2025-12-03,Ativo,
CLI-00991,Cliente CLI-00991,user_l-06205@empresa.com,2025-11-21,Ativo,
CLI-00992,Cliente CLI-00992,user_l-06206@empresa.com,2025-11-15,Ativo,
CLI-00993,Cliente CLI-00993,user_l-06209@empresa.com,2025-11-15,Ativo,
CLI-00994,Cliente CLI-00994,user_l-06211@empresa.com,2025-12-03,Ativo,
CLI-00995,Cliente CLI-00995,user_l-06212@empresa.com,2025-11-25,Ativo,
CLI-00996,Cliente CLI-00996,user_l-06218@empresa.com,2025-11-20,Churned,2025-12-20
CLI-00997,Cliente CLI-00997,user_l-06228@empresa.com,2025-11-18,Ativo,
CLI-00998,Cliente CLI-00998,user_l-06243@empresa.com,2025-12-18,Ativo,
CLI-00999,Cliente CLI-00999,user_l-06244@empresa.com,2025-12-26,Ativo,
CLI-01000,Cliente CLI-01000,user_l-06248@empresa.com,2026-01-06,Ativo,
CLI-01001,Cliente CLI-01001,user_l-06252@empresa.com,2025-12-23,Ativo,
CLI-01002,Cliente CLI-01002,user_l-06253@empresa.com,2026-01-03,Ativo,
CLI-01003,Cliente CLI-01003,user_l-06254@empresa.com,2025-12-28,Ativo,
CLI-01004,Cliente CLI-01004,user_l-06261@empresa.com,2025-12-30,Ativo,
CLI-01005,Cliente CLI-01005,user_l-06264@empresa.com,2025-12-29,Ativo,
CLI-01006,Cliente CLI-01006,user_l-06269@empresa.com,2025-12-16,Ativo,
CLI-01007,Cliente CLI-01007,user_l-06274@empresa.com,2025-12-18,Ativo,
CLI-01008,Cliente CLI-01008,user_l-06278@empresa.com,2025-12-31,Ativo,
CLI-01009,Cliente CLI-01009,user_l-06282@empresa.com,2025-12-21,Ativo,
CLI-01010,Cliente CLI-01010,user_l-06284@empresa.com,2025-12-23,Ativo,
CLI-01011,Cliente CLI-01011,user_l-06285@empresa.com,2025-12-28,Ativo,
CLI-01012,Cliente CLI-01012,user_l-06289@empresa.com,2026-01-11,Ativo,
CLI-01013,Cliente CLI-01013,user_l-06292@empresa.com,2025-12-16,Ativo,
CLI-01014,Cliente CLI-01014,user_l-06304@empresa.com,2026-01-08,Ativo,
CLI-01015,Cliente CLI-01015,user_l-06305@empresa.com,2025-12-20,Ativo,
CLI-01016,Cliente CLI-01016,user_l-06311@empresa.com,2026-01-10,Ativo,
CLI-01017,Cliente CLI-01017,user_l-06314@empresa.com,2025-12-25,Ativo,
CLI-01018,Cliente CLI-01018,user_l-06318@empresa.com,2025-12-28,Ativo,
CLI-01019,Cliente CLI-01019,user_l-06328@empresa.com,2026-01-08,Ativo,
CLI-01020,Cliente CLI-01020,user_l-06334@empresa.com,2025-12-19,Ativo,
CLI-01021,Cliente CLI-01021,user_l-06342@empresa.com,2025-12-23,Ativo,
CLI-01022,Cliente CLI-01022,user_l-06349@empresa.com,2026-01-05,Ativo,
CLI-01023,Cliente CLI-01023,user_l-06359@empresa.com,2026-01-03,Ativo,
CLI-01024,Cliente CLI-01024,user_l-06363@empresa.com,2025-12-22,Ativo,
CLI-01025,Cliente CLI-01025,user_l-06366@empresa.com,2025-12-18,Ativo,
CLI-01026,Cliente CLI-01026,user_l-06371@empresa.com,2026-01-01,Ativo,
CLI-01027,Cliente CLI-01027,user_l-06372@empresa.com,2026-01-02,Ativo,
CLI-01028,Cliente CLI-01028,user_l-06375@empresa.com,2025-12-31,Ativo,
CLI-01029,Cliente CLI-01029,user_l-06389@empresa.com,2025-12-23,Ativo,
CLI-01030,Cliente CLI-01030,user_l-06395@empresa.com,2026-01-09,Ativo,
CLI-01031,Cliente CLI-01031,user_l-06396@empresa.com,2025-12-25,Ativo,
CLI-01032,Cliente CLI-01032,user_l-06405@empresa.com,2026-01-04,Ativo,
CLI-01033,Cliente CLI-01033,user_l-06408@empresa.com,2026-01-07,Ativo,
CLI-01034,Cliente CLI-01034,user_l-06410@empresa.com,2026-01-08,Ativo,
CLI-01035,Cliente CLI-01035,user_l-06416@empresa.com,2026-01-06,Ativo,
CLI-01036,Cliente CLI-01036,user_l-06417@empresa.com,2025-12-20,Ativo,
CLI-01037,Cliente CLI-01037,user_l-06426@empresa.com,2025-12-16,Ativo,
CLI-01038,Cliente CLI-01038,user_l-06427@empresa.com,2025-12-21,Ativo,
CLI-01039,Cliente CLI-01039,user_l-06429@empresa.com,2026-01-09,Ativo,
CLI-01040,Cliente CLI-01040,user_l-06430@empresa.com,2026-01-06,Ativo,
CLI-01041,Cliente CLI-01041,user_l-06431@empresa.com,2026-01-02,Ativo,
CLI-01042,Cliente CLI-01042,user_l-06444@empresa.com,2026-01-08,Ativo,
CLI-01043,Cliente CLI-01043,user_l-06449@empresa.com,2025-12-30,Ativo,
CLI-01044,Cliente CLI-01044,user_l-06454@empresa.com,2025-12-25,Ativo,
CLI-01045,Cliente CLI-01045,user_l-06459@empresa.com,2026-01-11,Ativo,
CLI-01046,Cliente CLI-01046,user_l-06460@empresa.com,2025-12-31,Ativo,
CLI-01047,Cliente CLI-01047,user_l-06462@empresa.com,2025-12-17,Ativo,
CLI-01048,Cliente CLI-01048,user_l-06464@empresa.com,2025-12-21,Ativo,
CLI-01049,Cliente CLI-01049,user_l-06466@empresa.com,2025-12-29,Ativo,
CLI-01050,Cliente CLI-01050,user_l-06471@empresa.com,2025-12-18,Ativo,
CLI-01051,Cliente CLI-01051,user_l-06474@empresa.com,2025-12-24,Ativo,
CLI-01052,Cliente CLI-01052,user_l-06480@empresa.com,2025-12-26,Ativo,
CLI-01053,Cliente CLI-01053,user_l-06481@empresa.com,2026-01-03,Ativo,
CLI-01054,Cliente CLI-01054,user_l-06483@empresa.com,2025-12-31,Ativo,
CLI-01055,Cliente CLI-01055,user_l-06493@empresa.com,2025-12-23,Ativo,
CLI-01056,Cliente CLI-01056,user_l-06494@empresa.com,2025-12-29,Ativo,
CLI-01057,Cliente CLI-01057,user_l-06498@empresa.com,2025-12-26,Ativo,
CLI-01058,Cliente CLI-01058,user_l-06506@empresa.com,2025-12-18,Ativo,
CLI-01059,Cliente CLI-01059,user_l-06507@empresa.com,2025-12-17,Ativo,
CLI-01060,Cliente CLI-01060,user_l-06515@empresa.com,2025-12-18,Ativo,
CLI-01061,Cliente CLI-01061,user_l-06520@empresa.com,2025-12-27,Ativo,
CLI-01062,Cliente CLI-01062,user_l-06526@empresa.com,2025-12-24,Ativo,
CLI-01063,Cliente CLI-01063,user_l-06532@empresa.com,2026-01-05,Ativo,
CLI-01064,Cliente CLI-01064,user_l-06542@empresa.com,2025-12-20,Ativo,
CLI-01065,Cliente CLI-01065,user_l-06546@empresa.com,2025-12-29,Ativo,
CLI-01066,Cliente CLI-01066,user_l-06547@empresa.com,2025-12-18,Ativo,
CLI-01067,Cliente CLI-01067,user_l-06551@empresa.com,2025-12-22,Ativo,
CLI-01068,Cliente CLI-01068,user_l-06552@empresa.com,2025-12-31,Ativo,
CLI-01069,Cliente CLI-01069,user_l-06553@empresa.com,2026-01-09,Ativo,
CLI-01070,Cliente CLI-01070,user_l-06557@empresa.com,2025-12-25,Ativo,
CLI-01071,Cliente CLI-01071,user_l-06559@empresa.com,2025-12-16,Ativo,
CLI-01072,Cliente CLI-01072,user_l-06565@empresa.com,2025-12-23,Ativo,
CLI-01073,Cliente CLI-01073,user_l-06571@empresa.com,2025-12-30,Ativo,
CLI-01074,Cliente CLI-01074,user_l-06576@empresa.com,2025-12-24,Ativo,
CLI-01075,Cliente CLI-01075,user_l-06577@empresa.com,2025-12-24,Ativo,
CLI-01076,Cliente CLI-01076,user_l-06578@empresa.com,2025-12-26,Ativo,
CLI-01077,Cliente CLI-01077,user_l-06581@empresa.com,2025-12-27,Ativo,
CLI-01078,Cliente CLI-01078,user_l-06583@empresa.com,2025-12-31,Ativo,
CLI-01079,Cliente CLI-01079,user_l-06610@empresa.com,2025-12-26,Ativo,
CLI-01080,Cliente CLI-01080,user_l-06623@empresa.com,2025-12-28,Ativo,
CLI-01081,Cliente CLI-01081,user_l-06626@empresa.com,2025-12-22,Ativo,
CLI-01082,Cliente CLI-01082,user_l-06632@empresa.com,2025-12-31,Ativo,
CLI-01083,Cliente CLI-01083,user_l-06633@empresa.com,2025-12-31,Ativo,
CLI-01084,Cliente CLI-01084,user_l-06642@empresa.com,2025-12-24,Ativo,
CLI-01085,Cliente CLI-01085,user_l-06644@empresa.com,2025-12-31,Ativo,
CLI-01086,Cliente CLI-01086,user_l-06649@empresa.com,2025-12-26,Ativo,
CLI-01087,Cliente CLI-01087,user_l-06651@empresa.com,2025-12-29,Ativo,
CLI-01088,Cliente CLI-01088,user_l-06656@empresa.com,2026-01-08,Ativo,
CLI-01089,Cliente CLI-01089,user_l-06666@empresa.com,2025-12-23,Ativo,
CLI-01090,Cliente CLI-01090,user_l-06667@empresa.com,2025-12-30,Ativo,
CLI-01091,Cliente CLI-01091,user_l-06669@empresa.com,2025-12-27,Ativo,
