id_ticket,id_cliente,id_pedido,data_abertura,data_primeira_resposta,data_resolucao,canal,categoria,prioridade,status,agente,descricao_ticket,resolvido_primeiro_contato,tempo_primeira_resposta_min,tempo_resolucao_horas,satisfacao_csat,comentario_csat,sentimento_label
TKT-000001,CLI-00001,,2025-12-31 00:00:00,2025-12-31 06:12:00,2025-12-31 17:51:36,Chat,Cancelamento,Urgente,Fechado,Pedro Rocha,"Quero cancelar minha assinatura, preço muito alto",0,372,17.86,3,Péssima experiência,Negativo
TKT-000002,CLI-00001,,2025-12-31 00:00:00,2025-12-31 00:16:00,2025-12-31 04:53:24,Email,Cancelamento,Urgente,Fechado,Pedro Rocha,"Empresa passou por reestruturação, preciso cancelar",1,16,4.89,5,Excelente atendimento!,Positivo
TKT-000003,CLI-00001,,2025-12-31 00:00:00,2025-12-31 01:03:00,2025-12-31 02:11:24,Chat,Cancelamento,Alta,Fechado,Pedro Rocha,Vou pausar a assinatura temporariamente,1,63,2.19,4,Demorou um pouco mas ok,Neutro
TKT-000004,CLI-00002,PED-000002,2025-10-20 00:00:00,2025-10-20 00:43:00,2025-10-20 01:55:12,Chat,Bug,Alta,Fechado,Pedro Rocha,"Bug no relatório foi corrigido no mesmo dia, ótimo suporte",1,43,1.92,4,"Resolvido rapidinho, obrigado",Positivo
TKT-000005,CLI-00002,PED-000002,2025-07-19 00:00:00,2025-07-19 00:20:00,2025-07-19 01:18:00,Telefone,Acesso,Baixa,Fechado,Aline Costa,"Perdi a senha, suporte ajudou em minutos",1,20,1.3,4,Atenção e agilidade impecáveis,Positivo
TKT-000006,CLI-00002,PED-000002,2025-08-08 00:00:00,2025-08-08 04:05:00,2025-08-08 11:51:36,Telefone,Acesso,Média,Fechado,Carla Santos,Sistema trava toda vez que tento entrar! Inaceitável,0,245,11.86,3,Demorou demais para resolver,Negativo
TKT-000007,CLI-00003,PED-000003,2025-12-07 00:00:00,2025-12-07 06:03:00,2025-12-08 15:19:48,Chat,Cobrança,Média,Fechado,Marcos Oliveira,Reembolso prometido há 30 dias e não veio,0,363,39.33,1,Péssima experiência,Negativo
TKT-000008,CLI-00003,PED-000003,2025-10-07 00:00:00,2025-10-07 01:11:00,2025-10-07 10:26:24,Telefone,Dúvida,Alta,Fechado,Carla Santos,É possível integrar com Google Sheets?,0,71,10.44,4,Atendimento razoável,Neutro
TKT-000009,CLI-00003,PED-000003,2025-04-19 00:00:00,2025-04-19 00:47:00,2025-04-19 00:31:12,Email,Cobrança,Média,Fechado,Aline Costa,Fui cobrado mas o estorno foi rápido e eficiente,1,47,0.52,4,Muito profissional e eficiente,Positivo
TKT-000010,CLI-00003,PED-000003,2025-08-18 00:00:00,2025-08-18 04:41:00,2025-08-19 07:12:36,WhatsApp,Dúvida,Alta,Fechado,Fernanda Lima,"Só respostas automáticas, ninguém realmente ajuda",0,281,31.21,3,Problema não foi totalmente resolvido,Negativo
TKT-000011,CLI-00004,,2025-12-31 00:00:00,2025-12-31 00:57:00,2025-12-31 02:46:12,Chat,Dúvida,Média,Fechado,Marcos Oliveira,Suporte muito atencioso e paciente,1,57,2.77,4,"Resolvido rapidinho, obrigado",Positivo
TKT-000012,CLI-00004,,2025-12-31 00:00:00,2025-12-31 06:51:00,2025-12-31 12:10:12,Chat,Dúvida,Urgente,Fechado,Pedro Rocha,Esperei 2 horas no chat sem resposta,0,411,12.17,2,Demorou demais para resolver,Negativo
TKT-000013,CLI-00004,,2025-12-31 00:00:00,2025-12-31 02:19:00,2025-12-31 19:52:12,Telefone,Bug,Alta,Fechado,Marcos Oliveira,"Sistema com muitos erros, estou pensando em cancelar",0,139,19.87,1,Problema não foi totalmente resolvido,Negativo
TKT-000014,CLI-00004,,2025-12-31 00:00:00,2025-12-31 07:02:00,2026-01-01 20:01:48,Chat,Acesso,Média,Fechado,Marcos Oliveira,Sistema trava toda vez que tento entrar! Inaceitável,0,422,44.03,1,Demorou demais para resolver,Negativo
TKT-000015,CLI-00004,,2025-12-31 00:00:00,2025-12-31 02:38:00,2026-01-01 22:55:48,Email,Acesso,Baixa,Fechado,Marcos Oliveira,Sistema trava toda vez que tento entrar! Inaceitável,0,158,46.93,1,Precisei ligar 3 vezes,Negativo
TKT-000016,CLI-00004,,2025-12-31 00:00:00,2025-12-31 06:38:00,2025-12-31 15:04:12,Chat,Dúvida,Baixa,Fechado,Aline Costa,"Só respostas automáticas, ninguém realmente ajuda",0,398,15.07,2,Precisei ligar 3 vezes,Negativo
TKT-000017,CLI-00005,PED-000006,2025-12-31 00:00:00,2025-12-31 00:25:00,2025-12-31 01:38:24,Chat,Cancelamento,Urgente,Fechado,Carla Santos,"Empresa passou por reestruturação, preciso cancelar",0,25,1.64,4,Melhor suporte que já tive,Positivo
TKT-000018,CLI-00006,PED-000008,2025-12-31 00:00:00,2025-12-31 00:43:00,2025-12-31 04:12:36,Telefone,Bug,Baixa,Fechado,Marcos Oliveira,"Bug no relatório foi corrigido no mesmo dia, ótimo suporte",1,43,4.21,4,"Resolvido rapidinho, obrigado",Positivo
TKT-000019,CLI-00006,PED-000008,2025-12-31 00:00:00,2025-12-31 01:00:00,2025-12-31 01:55:48,Chat,Bug,Média,Fechado,Carla Santos,"Bug no relatório foi corrigido no mesmo dia, ótimo suporte",0,60,1.93,4,Muito profissional e eficiente,Positivo
TKT-000020,CLI-00007,PED-000010,2025-12-31 00:00:00,2025-12-31 00:34:00,2025-12-31 05:58:48,WhatsApp,Dúvida,Média,Fechado,Aline Costa,Como faço para criar um dashboard compartilhável?,0,34,5.98,4,"Ok, resolvido",Neutro
TKT-000021,CLI-00008,PED-000012,2025-12-31 00:00:00,2025-12-31 01:43:00,2025-12-31 11:32:24,Telefone,Cancelamento,Alta,Fechado,Marcos Oliveira,"Empresa passou por reestruturação, preciso cancelar",0,103,11.54,3,Poderia ser mais rápido,Neutro
TKT-000022,CLI-00008,PED-000012,2025-12-31 00:00:00,2025-12-31 00:51:00,2025-12-31 02:48:00,Telefone,Bug,Baixa,Fechado,Fernanda Lima,"Bug no relatório foi corrigido no mesmo dia, ótimo suporte",1,51,2.8,4,"Resolvido rapidinho, obrigado",Positivo
TKT-000023,CLI-00009,,2025-12-31 00:00:00,2025-12-31 00:57:00,2025-12-31 00:33:36,Telefone,Dúvida,Alta,Fechado,Fernanda Lima,Suporte muito atencioso e paciente,1,57,0.56,4,Melhor suporte que já tive,Positivo
TKT-000024,CLI-00009,,2025-12-31 00:00:00,2025-12-31 00:35:00,2025-12-31 00:31:12,Chat,Acesso,Média,Fechado,Fernanda Lima,"Perdi a senha, suporte ajudou em minutos",1,35,0.52,5,"Resolvido rapidinho, obrigado",Positivo
TKT-000025,CLI-00009,,2025-12-31 00:00:00,2025-12-31 01:00:00,2026-01-01 10:31:12,Telefone,Cobrança,Alta,Fechado,Marcos Oliveira,Reembolso prometido há 30 dias e não veio,0,60,34.52,2,Péssima experiência,Negativo
TKT-000026,CLI-00009,,2025-12-31 00:00:00,2025-12-31 00:15:00,2025-12-31 03:52:12,Telefone,Dúvida,Urgente,Fechado,Pedro Rocha,Suporte muito atencioso e paciente,1,15,3.87,4,Atenção e agilidade impecáveis,Positivo
TKT-000027,CLI-00010,PED-000015,2025-12-31 00:00:00,2025-12-31 00:05:00,2025-12-31 05:23:24,WhatsApp,Bug,Média,Fechado,Carla Santos,"Bug no relatório foi corrigido no mesmo dia, ótimo suporte",0,5,5.39,4,"Resolvido rapidinho, obrigado",Positivo
TKT-000028,CLI-00010,PED-000015,2025-12-31 00:00:00,2025-12-31 00:21:00,2025-12-31 02:39:00,WhatsApp,Cobrança,Urgente,Fechado,Marcos Oliveira,Fui cobrado mas o estorno foi rápido e eficiente,1,21,2.65,4,Atenção e agilidade impecáveis,Positivo
TKT-000029,CLI-00010,PED-000015,2025-11-10 00:00:00,2025-11-10 04:13:00,2025-11-11 03:04:12,WhatsApp,Bug,Baixa,Fechado,Pedro Rocha,"Dashboard não carrega há uma semana, perdi reunião por isso",0,253,27.07,2,Problema não foi totalmente resolvido,Negativo
TKT-000030,CLI-00010,PED-000015,2025-11-14 00:00:00,2025-11-14 00:47:00,2025-11-14 04:38:24,Chat,Cancelamento,Alta,Fechado,Pedro Rocha,"Empresa passou por reestruturação, preciso cancelar",1,47,4.64,5,Excelente atendimento!,Positivo
TKT-000031,CLI-00011,PED-000017,2025-09-30 00:00:00,2025-09-30 01:59:00,2025-10-01 21:37:12,Telefone,Cancelamento,Alta,Fechado,Pedro Rocha,"Quero cancelar minha assinatura, preço muito alto",0,119,45.62,1,Péssima experiência,Negativo
TKT-000032,CLI-00011,PED-000017,2025-08-25 00:00:00,2025-08-25 01:49:00,2025-08-25 07:47:24,Telefone,Acesso,Baixa,Fechado,Pedro Rocha,Usuário novo não consegue acessar,0,109,7.79,4,Demorou um pouco mas ok,Neutro
TKT-000033,CLI-00011,PED-000017,2025-09-28 00:00:00,2025-09-28 03:51:00,2025-09-29 12:30:36,WhatsApp,Cancelamento,Alta,Fechado,Marcos Oliveira,"Quero cancelar minha assinatura, preço muito alto",0,231,36.51,3,Problema não foi totalmente resolvido,Negativo
TKT-000034,CLI-00011,PED-000017,2025-10-09 00:00:00,2025-10-09 04:56:00,2025-10-10 16:30:00,WhatsApp,Cancelamento,Alta,Fechado,Marcos Oliveira,"Quero cancelar minha assinatura, preço muito alto",0,296,40.5,2,Precisei ligar 3 vezes,Negativo
TKT-000035,CLI-00012,PED-000020,2025-05-29 00:00:00,2025-05-29 04:37:00,2025-05-30 10:37:12,WhatsApp,Bug,Média,Fechado,Aline Costa,"Dashboard não carrega há uma semana, perdi reunião por isso",0,277,34.62,3,Não fiquei satisfeito,Negativo
TKT-000036,CLI-00012,PED-000020,2025-07-03 00:00:00,2025-07-03 06:10:00,2025-07-04 06:57:00,Chat,Cancelamento,Alta,Fechado,Aline Costa,"Quero cancelar minha assinatura, preço muito alto",0,370,30.95,2,Precisei ligar 3 vezes,Negativo
TKT-000037,CLI-00012,PED-000020,2025-07-10 00:00:00,2025-07-10 00:58:00,2025-07-10 02:51:00,WhatsApp,Bug,Baixa,Fechado,Marcos Oliveira,Exportação de PDF com formatação errada,0,58,2.85,3,"Ok, resolvido",Neutro
TKT-000038,CLI-00013,PED-000022,2025-11-03 00:00:00,2025-11-03 05:56:00,2025-11-04 00:03:36,Chat,Bug,Urgente,Fechado,Carla Santos,"Dashboard não carrega há uma semana, perdi reunião por isso",0,356,24.06,2,Não fiquei satisfeito,Negativo
TKT-000039,CLI-00013,PED-000022,2025-09-23 00:00:00,2025-09-23 07:38:00,2025-09-23 22:48:00,Telefone,Bug,Baixa,Fechado,Pedro Rocha,"Dashboard não carrega há uma semana, perdi reunião por isso",0,458,22.8,3,Demorou demais para resolver,Negativo
TKT-000040,CLI-00013,PED-000022,2025-10-30 00:00:00,2025-10-30 01:25:00,2025-10-31 22:35:24,Telefone,Bug,Média,Fechado,Aline Costa,"Dashboard não carrega há uma semana, perdi reunião por isso",0,85,46.59,3,Péssima experiência,Negativo
TKT-000041,CLI-00013,PED-000022,2025-11-02 00:00:00,2025-11-02 07:32:00,2025-11-03 16:40:48,WhatsApp,Acesso,Baixa,Fechado,Fernanda Lima,Sistema trava toda vez que tento entrar! Inaceitável,0,452,40.68,1,Problema não foi totalmente resolvido,Negativo
TKT-000042,CLI-00013,PED-000022,2025-10-01 00:00:00,2025-10-01 00:51:00,2025-10-01 00:43:48,Telefone,Acesso,Baixa,Fechado,Fernanda Lima,"Perdi a senha, suporte ajudou em minutos",1,51,0.73,4,Atenção e agilidade impecáveis,Positivo
TKT-000043,CLI-00014,PED-000023,2025-12-31 00:00:00,2025-12-31 07:27:00,2026-01-01 12:00:00,Email,Cancelamento,Alta,Fechado,Fernanda Lima,"Quero cancelar minha assinatura, preço muito alto",0,447,36.0,3,Não fiquei satisfeito,Negativo
TKT-000044,CLI-00014,PED-000023,2025-12-31 00:00:00,2025-12-31 00:48:00,2025-12-31 05:03:36,WhatsApp,Cancelamento,Alta,Fechado,Carla Santos,"Empresa passou por reestruturação, preciso cancelar",1,48,5.06,4,Muito profissional e eficiente,Positivo
TKT-000045,CLI-00015,PED-000026,2025-12-31 00:00:00,2025-12-31 01:02:00,2025-12-31 08:07:48,Telefone,Acesso,Média,Fechado,Carla Santos,Preciso redefinir minha senha,0,62,8.13,4,Poderia ser mais rápido,Neutro
TKT-000046,CLI-00015,PED-000026,2025-12-31 00:00:00,2025-12-31 00:55:00,2025-12-31 04:06:36,Telefone,Dúvida,Baixa,Fechado,Carla Santos,Como faço para criar um dashboard compartilhável?,0,55,4.11,4,"Ok, resolvido",Neutro
TKT-000047,CLI-00016,PED-000028,2025-08-28 00:00:00,2025-08-28 03:30:00,2025-08-28 11:34:12,Email,Acesso,Média,Fechado,Pedro Rocha,Estou sem acesso há 3 dias e ninguém resolve,0,210,11.57,1,Demorou demais para resolver,Negativo
TKT-000048,CLI-00017,PED-000029,2025-10-23 00:00:00,2025-10-23 00:45:00,2025-10-23 04:35:24,Email,Bug,Alta,Fechado,Pedro Rocha,"Bug no relatório foi corrigido no mesmo dia, ótimo suporte",1,45,4.59,5,Melhor suporte que já tive,Positivo
TKT-000049,CLI-00017,PED-000029,2025-09-23 00:00:00,2025-09-23 02:00:00,2025-09-23 08:18:00,Email,Acesso,Baixa,Fechado,Aline Costa,Preciso redefinir minha senha,0,120,8.3,4,Demorou um pouco mas ok,Neutro
TKT-000050,CLI-00017,PED-000029,2025-12-31 00:00:00,2025-12-31 04:42:00,2026-01-01 10:36:36,Chat,Cobrança,Baixa,Fechado,Marcos Oliveira,Fui cobrado duas vezes e ninguém me deu retorno,0,282,34.61,3,Demorou demais para resolver,Negativo
TKT-000051,CLI-00017,PED-000029,2025-12-20 00:00:00,2025-12-20 01:39:00,2025-12-20 10:01:12,Chat,Cancelamento,Alta,Fechado,Aline Costa,Vou pausar a assinatura temporariamente,0,99,10.02,3,Demorou um pouco mas ok,Neutro
TKT-000052,CLI-00018,PED-000030,2025-08-29 00:00:00,2025-08-29 04:50:00,2025-08-30 08:19:48,Chat,Cancelamento,Alta,Fechado,Carla Santos,"O produto não entregou o que promete, quero reembolso",0,290,32.33,2,Problema não foi totalmente resolvido,Negativo
TKT-000053,CLI-00018,PED-000030,2025-09-24 00:00:00,2025-09-24 03:58:00,2025-09-24 19:40:48,Chat,Bug,Alta,Fechado,Aline Costa,"Dashboard não carrega há uma semana, perdi reunião por isso",0,238,19.68,2,Problema não foi totalmente resolvido,Negativo
TKT-000054,CLI-00018,PED-000030,2025-09-04 00:00:00,2025-09-04 06:39:00,2025-09-04 14:16:12,WhatsApp,Acesso,Média,Fechado,Aline Costa,Estou sem acesso há 3 dias e ninguém resolve,0,399,14.27,3,Não fiquei satisfeito,Negativo
TKT-000055,CLI-00018,PED-000030,2025-09-27 00:00:00,2025-09-27 01:05:00,2025-09-28 08:17:24,Email,Acesso,Baixa,Fechado,Marcos Oliveira,Sistema trava toda vez que tento entrar! Inaceitável,0,65,32.29,3,Péssima experiência,Negativo
TKT-000056,CLI-00018,PED-000030,2025-08-23 00:00:00,2025-08-23 01:43:00,2025-08-23 11:30:36,Email,Acesso,Alta,Fechado,Pedro Rocha,Preciso redefinir minha senha,0,103,11.51,3,Atendimento razoável,Neutro
TKT-000057,CLI-00018,PED-000030,2025-09-27 00:00:00,2025-09-27 07:59:00,2025-09-27 16:39:36,Email,Acesso,Baixa,Fechado,Marcos Oliveira,Sistema trava toda vez que tento entrar! Inaceitável,0,479,16.66,2,Precisei ligar 3 vezes,Negativo
TKT-000058,CLI-00019,PED-000036,2025-12-31 00:00:00,2025-12-31 00:40:00,2025-12-31 02:24:00,Email,Dúvida,Média,Fechado,Fernanda Lima,Suporte muito atencioso e paciente,1,40,2.4,4,Excelente atendimento!,Positivo
TKT-000059,CLI-00019,PED-000036,2025-12-13 00:00:00,2025-12-13 00:40:00,2025-12-13 05:10:12,Email,Cobrança,Média,Fechado,Pedro Rocha,Ajuste de fatura feito sem burocracia,1,40,5.17,4,Muito profissional e eficiente,Positivo
TKT-000060,CLI-00019,PED-000036,2025-12-14 00:00:00,2025-12-14 00:31:00,2025-12-14 11:44:24,Email,Cobrança,Baixa,Fechado,Pedro Rocha,Dúvida sobre próximo vencimento,0,31,11.74,3,Atendimento razoável,Neutro
TKT-000061,CLI-00019,PED-000036,2025-07-07 00:00:00,2025-07-07 05:53:00,2025-07-07 10:58:48,Chat,Bug,Baixa,Fechado,Fernanda Lima,"Dashboard não carrega há uma semana, perdi reunião por isso",0,353,10.98,1,Precisei ligar 3 vezes,Negativo
TKT-000062,CLI-00020,PED-000040,2025-09-14 00:00:00,2025-09-14 00:08:00,2025-09-14 05:55:48,Chat,Cobrança,Média,Fechado,Aline Costa,Fui cobrado mas o estorno foi rápido e eficiente,0,8,5.93,5,Muito profissional e eficiente,Positivo
TKT-000063,CLI-00021,PED-000041,2025-11-05 00:00:00,2025-11-05 00:18:00,2025-11-05 03:03:00,Telefone,Bug,Alta,Fechado,Marcos Oliveira,"Bug no relatório foi corrigido no mesmo dia, ótimo suporte",1,18,3.05,5,"Resolvido rapidinho, obrigado",Positivo
TKT-000064,CLI-00021,PED-000041,2025-08-07 00:00:00,2025-08-07 00:32:00,2025-08-07 02:54:00,Email,Cobrança,Baixa,Fechado,Marcos Oliveira,Ajuste de fatura feito sem burocracia,1,32,2.9,4,Melhor suporte que já tive,Positivo
TKT-000065,CLI-00021,PED-000041,2025-12-06 00:00:00,2025-12-06 03:35:00,2025-12-06 22:34:48,WhatsApp,Bug,Baixa,Fechado,Aline Costa,"Dashboard não carrega há uma semana, perdi reunião por isso",0,215,22.58,3,Não fiquei satisfeito,Negativo
TKT-000066,CLI-00021,PED-000041,2025-11-11 00:00:00,2025-11-11 00:42:00,2025-11-11 05:45:00,Email,Cancelamento,Urgente,Fechado,Aline Costa,Vou pausar a assinatura temporariamente,1,42,5.75,5,Atenção e agilidade impecáveis,Positivo
TKT-000067,CLI-00022,PED-000042,2025-08-03 00:00:00,2025-08-03 07:29:00,2025-08-04 01:33:36,Telefone,Bug,Média,Fechado,Aline Costa,"Dashboard não carrega há uma semana, perdi reunião por isso",0,449,25.56,1,Não fiquei satisfeito,Negativo
TKT-000068,CLI-00022,PED-000042,2025-07-12 00:00:00,2025-07-12 05:38:00,2025-07-13 01:08:24,Telefone,Bug,Alta,Fechado,Pedro Rocha,"Sistema com muitos erros, estou pensando em cancelar",0,338,25.14,2,Problema não foi totalmente resolvido,Negativo
TKT-000069,CLI-00022,PED-000042,2025-07-16 00:00:00,2025-07-16 07:10:00,2025-07-16 08:10:48,Telefone,Cancelamento,Urgente,Fechado,Carla Santos,"O produto não entregou o que promete, quero reembolso",0,430,8.18,1,Demorou demais para resolver,Negativo
TKT-000070,CLI-00022,PED-000042,2025-07-09 00:00:00,2025-07-09 03:52:00,2025-07-09 10:39:36,Email,Dúvida,Alta,Fechado,Carla Santos,Esperei 2 horas no chat sem resposta,0,232,10.66,2,Péssima experiência,Negativo
TKT-000071,CLI-00022,PED-000042,2025-06-13 00:00:00,2025-06-13 03:38:00,2025-06-14 18:54:00,WhatsApp,Acesso,Baixa,Fechado,Pedro Rocha,Estou sem acesso há 3 dias e ninguém resolve,0,218,42.9,2,Péssima experiência,Negativo
TKT-000072,CLI-00023,PED-000044,2025-12-31 00:00:00,2025-12-31 06:52:00,2025-12-31 23:54:00,Telefone,Cancelamento,Alta,Fechado,Marcos Oliveira,"O produto não entregou o que promete, quero reembolso",0,412,23.9,1,Péssima experiência,Negativo
TKT-000073,CLI-00023,PED-000044,2025-12-31 00:00:00,2025-12-31 01:23:00,2025-12-31 03:25:12,Chat,Acesso,Média,Fechado,Fernanda Lima,Preciso redefinir minha senha,0,83,3.42,3,Demorou um pouco mas ok,Neutro
TKT-000074,CLI-00023,PED-000044,2025-12-31 00:00:00,2025-12-31 00:40:00,2025-12-31 00:34:12,WhatsApp,Acesso,Baixa,Fechado,Pedro Rocha,Não consigo logar mas foi resolvido rápido,1,40,0.57,5,"Resolvido rapidinho, obrigado",Positivo
TKT-000075,CLI-00023,PED-000044,2025-12-31 00:00:00,2025-12-31 00:37:00,2025-12-31 03:03:00,Email,Dúvida,Baixa,Fechado,Carla Santos,Suporte muito atencioso e paciente,1,37,3.05,5,Excelente atendimento!,Positivo
TKT-000076,CLI-00024,PED-000046,2025-12-31 00:00:00,2025-12-31 00:58:00,2025-12-31 10:58:48,WhatsApp,Cancelamento,Alta,Fechado,Aline Costa,"Empresa passou por reestruturação, preciso cancelar",0,58,10.98,3,Poderia ser mais rápido,Neutro
TKT-000077,CLI-00024,PED-000046,2025-12-31 00:00:00,2025-12-31 00:53:00,2025-12-31 04:03:00,Chat,Cancelamento,Urgente,Fechado,Marcos Oliveira,"Empresa passou por reestruturação, preciso cancelar",1,53,4.05,5,Atenção e agilidade impecáveis,Positivo
TKT-000078,CLI-00025,,2025-12-31 00:00:00,2025-12-31 05:52:00,2026-01-01 11:43:12,Email,Bug,Baixa,Fechado,Pedro Rocha,"Dashboard não carrega há uma semana, perdi reunião por isso",0,352,35.72,1,Precisei ligar 3 vezes,Negativo
TKT-000079,CLI-00025,,2025-12-31 00:00:00,2025-12-31 01:40:00,2025-12-31 19:29:24,Telefone,Cancelamento,Alta,Fechado,Marcos Oliveira,"Quero cancelar minha assinatura, preço muito alto",0,100,19.49,3,Não fiquei satisfeito,Negativo
TKT-000080,CLI-00025,,2025-12-31 00:00:00,2025-12-31 00:47:00,2025-12-31 00:31:12,Telefone,Dúvida,Média,Fechado,Fernanda Lima,Suporte muito atencioso e paciente,1,47,0.52,5,Atenção e agilidade impecáveis,Positivo
TKT-000081,CLI-00025,,2025-12-31 00:00:00,2025-12-31 01:36:00,2025-12-31 04:04:48,WhatsApp,Dúvida,Baixa,Fechado,Aline Costa,É possível integrar com Google Sheets?,0,96,4.08,4,Poderia ser mais rápido,Neutro
TKT-000082,CLI-00025,,2025-12-31 00:00:00,2025-12-31 06:46:00,2026-01-01 04:21:36,Email,Acesso,Baixa,Fechado,Aline Costa,Estou sem acesso há 3 dias e ninguém resolve,0,406,28.36,2,Não fiquei satisfeito,Negativo
TKT-000083,CLI-00025,,2025-12-31 00:00:00,2025-12-31 05:40:00,2026-01-01 01:43:12,WhatsApp,Cancelamento,Alta,Fechado,Fernanda Lima,"O produto não entregou o que promete, quero reembolso",0,340,25.72,2,Precisei ligar 3 vezes,Negativo
TKT-000084,CLI-00026,,2025-12-31 00:00:00,2025-12-31 00:41:00,2025-12-31 01:37:48,Telefone,Cobrança,Urgente,Fechado,Fernanda Lima,Fui cobrado mas o estorno foi rápido e eficiente,1,41,1.63,5,Melhor suporte que já tive,Positivo
TKT-000085,CLI-00026,,2025-12-31 00:00:00,2025-12-31 01:47:00,2026-01-01 20:19:48,WhatsApp,Cancelamento,Alta,Fechado,Fernanda Lima,"O produto não entregou o que promete, quero reembolso",0,107,44.33,2,Não fiquei satisfeito,Negativo
TKT-000086,CLI-00026,,2025-12-31 00:00:00,2025-12-31 01:18:00,2025-12-31 10:28:48,WhatsApp,Bug,Baixa,Fechado,Aline Costa,Gráfico não está exibindo corretamente,1,78,10.48,4,Demorou um pouco mas ok,Neutro
TKT-000087,CLI-00027,PED-000050,2025-03-15 00:00:00,2025-03-15 02:09:00,2025-03-16 00:37:48,Email,Bug,Média,Fechado,Carla Santos,"Dashboard não carrega há uma semana, perdi reunião por isso",0,129,24.63,3,Problema não foi totalmente resolvido,Negativo
TKT-000088,CLI-00027,PED-000050,2025-03-19 00:00:00,2025-03-19 01:10:00,2025-03-20 18:02:24,Chat,Cancelamento,Alta,Fechado,Pedro Rocha,"O produto não entregou o que promete, quero reembolso",0,70,42.04,3,Problema não foi totalmente resolvido,Negativo
TKT-000089,CLI-00027,PED-000050,2025-04-30 00:00:00,2025-04-30 01:49:00,2025-04-30 09:37:48,Email,Acesso,Baixa,Fechado,Carla Santos,Preciso redefinir minha senha,1,109,9.63,4,Atendimento razoável,Neutro
TKT-000090,CLI-00027,PED-000050,2025-03-17 00:00:00,2025-03-17 06:25:00,2025-03-18 10:25:12,Chat,Bug,Alta,Fechado,Pedro Rocha,"Sistema com muitos erros, estou pensando em cancelar",0,385,34.42,1,Precisei ligar 3 vezes,Negativo
TKT-000091,CLI-00027,PED-000050,2025-03-07 00:00:00,2025-03-07 07:14:00,2025-03-08 05:37:12,Telefone,Cancelamento,Alta,Fechado,Fernanda Lima,"Quero cancelar minha assinatura, preço muito alto",0,434,29.62,2,Demorou demais para resolver,Negativo
TKT-000092,CLI-00027,PED-000050,2025-03-29 00:00:00,2025-03-29 00:19:00,2025-03-29 04:52:48,Chat,Acesso,Média,Fechado,Marcos Oliveira,Não consigo logar mas foi resolvido rápido,1,19,4.88,4,Excelente atendimento!,Positivo
TKT-000093,CLI-00028,PED-000051,2025-05-30 00:00:00,2025-05-30 00:31:00,2025-05-30 08:41:24,Chat,Acesso,Baixa,Fechado,Pedro Rocha,Usuário novo não consegue acessar,0,31,8.69,3,Atendimento razoável,Neutro
TKT-000094,CLI-00028,PED-000051,2025-10-05 00:00:00,2025-10-05 05:22:00,2025-10-06 12:59:24,Chat,Cancelamento,Urgente,Fechado,Marcos Oliveira,"Quero cancelar minha assinatura, preço muito alto",0,322,36.99,1,Demorou demais para resolver,Negativo
TKT-000095,CLI-00028,PED-000051,2025-05-17 00:00:00,2025-05-17 00:47:00,2025-05-17 04:58:48,Email,Cancelamento,Alta,Fechado,Aline Costa,"Empresa passou por reestruturação, preciso cancelar",1,47,4.98,5,Melhor suporte que já tive,Positivo
TKT-000096,CLI-00029,PED-000053,2025-11-28 00:00:00,2025-11-28 00:14:00,2025-11-28 04:10:48,Email,Dúvida,Média,Fechado,Marcos Oliveira,Suporte muito atencioso e paciente,1,14,4.18,4,Atenção e agilidade impecáveis,Positivo
TKT-000097,CLI-00030,PED-000055,2025-12-08 00:00:00,2025-12-08 00:50:00,2025-12-08 01:10:48,Email,Acesso,Baixa,Fechado,Marcos Oliveira,Não consigo logar mas foi resolvido rápido,0,50,1.18,4,Melhor suporte que já tive,Positivo
TKT-000098,CLI-00030,PED-000055,2025-12-31 00:00:00,2025-12-31 00:52:00,2025-12-31 04:10:12,Email,Dúvida,Baixa,Fechado,Pedro Rocha,Suporte muito atencioso e paciente,1,52,4.17,5,"Resolvido rapidinho, obrigado",Positivo
TKT-000099,CLI-00030,PED-000055,2025-12-31 00:00:00,2025-12-31 01:22:00,2025-12-31 07:00:36,Email,Acesso,Alta,Fechado,Carla Santos,Preciso redefinir minha senha,0,82,7.01,3,Demorou um pouco mas ok,Neutro
TKT-000100,CLI-00031,PED-000059,2025-12-31 00:00:00,2025-12-31 00:10:00,2025-12-31 02:37:12,Telefone,Cancelamento,Urgente,Fechado,Marcos Oliveira,Vou pausar a assinatura temporariamente,1,10,2.62,4,Excelente atendimento!,Positivo
TKT-000101,CLI-00031,PED-000059,2025-11-13 00:00:00,2025-11-13 00:58:00,2025-11-13 04:45:36,WhatsApp,Cancelamento,Alta,Fechado,Marcos Oliveira,"Empresa passou por reestruturação, preciso cancelar",1,58,4.76,5,Melhor suporte que já tive,Positivo
TKT-000102,CLI-00031,PED-000059,2025-12-31 00:00:00,2025-12-31 07:10:00,2025-12-31 21:18:36,Email,Acesso,Baixa,Fechado,Fernanda Lima,Estou sem acesso há 3 dias e ninguém resolve,0,430,21.31,3,Não fiquei satisfeito,Negativo
TKT-000103,CLI-00031,PED-000059,2025-12-31 00:00:00,2025-12-31 00:06:00,2025-12-31 03:44:24,WhatsApp,Bug,Alta,Fechado,Aline Costa,"Bug no relatório foi corrigido no mesmo dia, ótimo suporte",0,6,3.74,4,Atenção e agilidade impecáveis,Positivo
TKT-000104,CLI-00032,PED-000061,2025-12-31 00:00:00,2025-12-31 01:46:00,2025-12-31 06:23:24,Chat,Bug,Média,Fechado,Fernanda Lima,Exportação de PDF com formatação errada,1,106,6.39,4,Poderia ser mais rápido,Neutro
TKT-000105,CLI-00032,PED-000061,2025-12-31 00:00:00,2025-12-31 00:33:00,2025-12-31 05:06:00,Email,Dúvida,Alta,Fechado,Carla Santos,"Explicação clara e objetiva, resolvi em 5 minutos",1,33,5.1,5,Melhor suporte que já tive,Positivo
TKT-000106,CLI-00032,PED-000061,2025-12-31 00:00:00,2025-12-31 00:31:00,2025-12-31 04:19:12,Email,Bug,Alta,Fechado,Carla Santos,"Bug no relatório foi corrigido no mesmo dia, ótimo suporte",1,31,4.32,5,Muito profissional e eficiente,Positivo
TKT-000107,CLI-00033,PED-000066,2025-08-11 00:00:00,2025-08-11 01:08:00,2025-08-11 05:47:24,Email,Bug,Média,Fechado,Carla Santos,Exportação de PDF com formatação errada,0,68,5.79,3,Demorou um pouco mas ok,Neutro
TKT-000108,CLI-00033,PED-000066,2025-12-31 00:00:00,2025-12-31 00:20:00,2025-12-31 05:40:12,Telefone,Cobrança,Alta,Fechado,Carla Santos,Fui cobrado mas o estorno foi rápido e eficiente,1,20,5.67,5,Muito profissional e eficiente,Positivo
TKT-000109,CLI-00034,PED-000070,2025-09-18 00:00:00,2025-09-18 07:23:00,2025-09-19 15:05:24,Email,Cancelamento,Urgente,Fechado,Carla Santos,"Quero cancelar minha assinatura, preço muito alto",0,443,39.09,2,Precisei ligar 3 vezes,Negativo
TKT-000110,CLI-00034,PED-000070,2025-08-23 00:00:00,2025-08-23 00:53:00,2025-08-23 05:56:24,Chat,Acesso,Baixa,Fechado,Carla Santos,"Perdi a senha, suporte ajudou em minutos",1,53,5.94,4,Excelente atendimento!,Positivo
TKT-000111,CLI-00035,,2025-12-31 00:00:00,2025-12-31 00:14:00,2025-12-31 00:44:24,Telefone,Bug,Baixa,Fechado,Carla Santos,"Bug no relatório foi corrigido no mesmo dia, ótimo suporte",1,14,0.74,4,"Resolvido rapidinho, obrigado",Positivo
TKT-000112,CLI-00035,,2025-12-31 00:00:00,2025-12-31 00:50:00,2025-12-31 04:21:00,Telefone,Dúvida,Urgente,Fechado,Marcos Oliveira,Como faço para criar um dashboard compartilhável?,0,50,4.35,4,Demorou um pouco mas ok,Neutro
TKT-000113,CLI-00036,PED-000072,2025-05-10 00:00:00,2025-05-10 01:51:00,2025-05-10 06:36:00,Telefone,Acesso,Urgente,Fechado,Marcos Oliveira,Preciso redefinir minha senha,1,111,6.6,3,Demorou um pouco mas ok,Neutro
TKT-000114,CLI-00036,PED-000072,2025-12-17 00:00:00,2025-12-17 01:51:00,2025-12-18 13:05:24,WhatsApp,Cobrança,Média,Fechado,Aline Costa,Reembolso prometido há 30 dias e não veio,0,111,37.09,3,Péssima experiência,Negativo
TKT-000115,CLI-00036,PED-000072,2025-12-11 00:00:00,2025-12-11 01:47:00,2025-12-11 08:12:00,Telefone,Cancelamento,Alta,Fechado,Aline Costa,Vou pausar a assinatura temporariamente,1,107,8.2,3,Demorou um pouco mas ok,Neutro
TKT-000116,CLI-00037,PED-000076,2025-03-29 00:00:00,2025-03-29 00:26:00,2025-03-29 01:31:48,WhatsApp,Acesso,Média,Fechado,Aline Costa,"Perdi a senha, suporte ajudou em minutos",1,26,1.53,4,Melhor suporte que já tive,Positivo
TKT-000117,CLI-00037,PED-000076,2025-11-10 00:00:00,2025-11-10 00:58:00,2025-11-10 05:35:24,Chat,Cobrança,Baixa,Fechado,Carla Santos,Fui cobrado mas o estorno foi rápido e eficiente,1,58,5.59,4,"Resolvido rapidinho, obrigado",Positivo
TKT-000118,CLI-00037,PED-000076,2025-07-06 00:00:00,2025-07-06 01:12:00,2025-07-07 08:31:12,Telefone,Bug,Alta,Fechado,Marcos Oliveira,"Dashboard não carrega há uma semana, perdi reunião por isso",0,72,32.52,1,Demorou demais para resolver,Negativo
TKT-000119,CLI-00038,PED-000077,2025-09-27 00:00:00,2025-09-27 01:54:00,2025-09-27 07:09:36,Chat,Acesso,Baixa,Fechado,Carla Santos,Preciso redefinir minha senha,0,114,7.16,4,Poderia ser mais rápido,Neutro
TKT-000120,CLI-00038,PED-000077,2025-12-31 00:00:00,2025-12-31 00:12:00,2025-12-31 05:25:48,WhatsApp,Dúvida,Baixa,Fechado,Pedro Rocha,Suporte muito atencioso e paciente,1,12,5.43,4,Atenção e agilidade impecáveis,Positivo
TKT-000121,CLI-00038,PED-000077,2025-12-31 00:00:00,2025-12-31 00:59:00,2025-12-31 01:06:36,Telefone,Cancelamento,Alta,Fechado,Marcos Oliveira,"Empresa passou por reestruturação, preciso cancelar",0,59,1.11,4,Muito profissional e eficiente,Positivo
TKT-000122,CLI-00038,PED-000077,2025-12-07 00:00:00,2025-12-07 00:41:00,2025-12-07 03:42:36,Chat,Bug,Baixa,Fechado,Aline Costa,"Bug no relatório foi corrigido no mesmo dia, ótimo suporte",0,41,3.71,5,"Resolvido rapidinho, obrigado",Positivo
TKT-000123,CLI-00039,PED-000080,2025-12-31 00:00:00,2025-12-31 00:43:00,2025-12-31 06:15:36,Email,Cobrança,Média,Fechado,Aline Costa,Dúvida sobre próximo vencimento,1,43,6.26,3,"Ok, resolvido",Neutro
TKT-000124,CLI-00040,PED-000083,2025-08-17 00:00:00,2025-08-17 00:34:00,2025-08-17 02:54:36,Chat,Bug,Baixa,Fechado,Fernanda Lima,"Bug no relatório foi corrigido no mesmo dia, ótimo suporte",1,34,2.91,4,Melhor suporte que já tive,Positivo
TKT-000125,CLI-00041,PED-000087,2025-12-22 00:00:00,2025-12-22 00:06:00,2025-12-22 01:41:24,Telefone,Bug,Média,Fechado,Carla Santos,"Bug no relatório foi corrigido no mesmo dia, ótimo suporte",0,6,1.69,5,"Resolvido rapidinho, obrigado",Positivo
TKT-000126,CLI-00041,PED-000087,2025-12-24 00:00:00,2025-12-24 01:51:00,2025-12-24 10:10:12,WhatsApp,Cancelamento,Alta,Fechado,Aline Costa,"Empresa passou por reestruturação, preciso cancelar",1,111,10.17,4,"Ok, resolvido",Neutro
TKT-000127,CLI-00042,PED-000089,2025-10-23 00:00:00,2025-10-23 00:39:00,2025-10-23 01:22:12,Chat,Acesso,Alta,Fechado,Carla Santos,Não consigo logar mas foi resolvido rápido,1,39,1.37,5,Excelente atendimento!,Positivo
TKT-000128,CLI-00042,PED-000089,2025-12-09 00:00:00,2025-12-09 00:56:00,2025-12-09 11:33:00,Chat,Cobrança,Média,Fechado,Pedro Rocha,Preciso de nota fiscal atualizada,0,56,11.55,3,Demorou um pouco mas ok,Neutro
TKT-000129,CLI-00042,PED-000089,2025-12-31 00:00:00,2025-12-31 00:48:00,2025-12-31 02:07:12,WhatsApp,Acesso,Baixa,Fechado,Marcos Oliveira,"Perdi a senha, suporte ajudou em minutos",1,48,2.12,4,"Resolvido rapidinho, obrigado",Positivo
TKT-000130,CLI-00042,PED-000089,2025-12-19 00:00:00,2025-12-19 00:36:00,2025-12-19 02:34:12,Email,Cancelamento,Urgente,Fechado,Carla Santos,"Empresa passou por reestruturação, preciso cancelar",0,36,2.57,5,Muito profissional e eficiente,Positivo
TKT-000131,CLI-00043,PED-000091,2025-12-31 00:00:00,2025-12-31 00:15:00,2025-12-31 05:04:48,WhatsApp,Cancelamento,Urgente,Fechado,Pedro Rocha,"Empresa passou por reestruturação, preciso cancelar",1,15,5.08,4,Melhor suporte que já tive,Positivo
TKT-000132,CLI-00043,PED-000091,2025-12-31 00:00:00,2025-12-31 01:19:00,2025-12-31 02:44:24,Email,Dúvida,Média,Fechado,Carla Santos,É possível integrar com Google Sheets?,1,79,2.74,4,Poderia ser mais rápido,Neutro
TKT-000133,CLI-00043,PED-000091,2025-12-31 00:00:00,2025-12-31 00:49:00,2025-12-31 00:44:24,WhatsApp,Bug,Alta,Fechado,Marcos Oliveira,"Bug no relatório foi corrigido no mesmo dia, ótimo suporte",1,49,0.74,5,Muito profissional e eficiente,Positivo
TKT-000134,CLI-00044,PED-000094,2025-11-05 00:00:00,2025-11-05 00:10:00,2025-11-05 03:54:00,Email,Cancelamento,Urgente,Fechado,Marcos Oliveira,"Empresa passou por reestruturação, preciso cancelar",0,10,3.9,5,Muito profissional e eficiente,Positivo
TKT-000135,CLI-00044,PED-000094,2025-11-23 00:00:00,2025-11-23 00:07:00,2025-11-23 01:10:48,Chat,Cancelamento,Alta,Fechado,Aline Costa,"Empresa passou por reestruturação, preciso cancelar",1,7,1.18,5,Atenção e agilidade impecáveis,Positivo
TKT-000136,CLI-00044,PED-000094,2025-06-22 00:00:00,2025-06-22 00:22:00,2025-06-22 04:57:36,WhatsApp,Bug,Alta,Fechado,Fernanda Lima,"Bug no relatório foi corrigido no mesmo dia, ótimo suporte",1,22,4.96,4,Muito profissional e eficiente,Positivo
TKT-000137,CLI-00045,PED-000096,2025-06-07 00:00:00,2025-06-07 00:26:00,2025-06-07 03:24:00,Chat,Dúvida,Média,Fechado,Pedro Rocha,"Explicação clara e objetiva, resolvi em 5 minutos",1,26,3.4,5,Muito profissional e eficiente,Positivo
TKT-000138,CLI-00045,PED-000096,2025-09-18 00:00:00,2025-09-18 00:41:00,2025-09-18 03:36:36,WhatsApp,Bug,Média,Fechado,Marcos Oliveira,"Bug no relatório foi corrigido no mesmo dia, ótimo suporte",0,41,3.61,5,Muito profissional e eficiente,Positivo
TKT-000139,CLI-00046,,2025-12-31 00:00:00,2025-12-31 04:16:00,2026-01-01 05:12:36,WhatsApp,Acesso,Média,Fechado,Pedro Rocha,Estou sem acesso há 3 dias e ninguém resolve,0,256,29.21,2,Péssima experiência,Negativo
TKT-000140,CLI-00046,,2025-12-31 00:00:00,2025-12-31 01:58:00,2025-12-31 10:54:00,Telefone,Bug,Alta,Fechado,Marcos Oliveira,Gráfico não está exibindo corretamente,0,118,10.9,4,Poderia ser mais rápido,Neutro
TKT-000141,CLI-00046,,2025-12-31 00:00:00,2025-12-31 00:39:00,2025-12-31 05:13:12,WhatsApp,Acesso,Alta,Fechado,Fernanda Lima,Não consigo logar mas foi resolvido rápido,0,39,5.22,5,Excelente atendimento!,Positivo
TKT-000142,CLI-00047,PED-000100,2025-07-22 00:00:00,2025-07-22 00:34:00,2025-07-22 02:21:00,Email,Acesso,Média,Fechado,Fernanda Lima,Não consigo logar mas foi resolvido rápido,1,34,2.35,4,"Resolvido rapidinho, obrigado",Positivo
TKT-000143,CLI-00047,PED-000100,2025-09-03 00:00:00,2025-09-03 00:56:00,2025-09-03 04:43:12,Telefone,Cancelamento,Urgente,Fechado,Fernanda Lima,Vou pausar a assinatura temporariamente,0,56,4.72,5,Muito profissional e eficiente,Positivo
TKT-000144,CLI-00048,PED-000102,2025-09-20 00:00:00,2025-09-20 01:33:00,2025-09-20 19:32:24,WhatsApp,Acesso,Baixa,Fechado,Fernanda Lima,Estou sem acesso há 3 dias e ninguém resolve,0,93,19.54,2,Péssima experiência,Negativo
TKT-000145,CLI-00048,PED-000102,2025-09-12 00:00:00,2025-09-12 00:32:00,2025-09-12 03:12:36,Telefone,Dúvida,Alta,Fechado,Aline Costa,"Explicação clara e objetiva, resolvi em 5 minutos",1,32,3.21,4,"Resolvido rapidinho, obrigado",Positivo
TKT-000146,CLI-00048,PED-000102,2025-08-08 00:00:00,2025-08-08 01:20:00,2025-08-08 10:49:48,Telefone,Acesso,Alta,Fechado,Fernanda Lima,Sistema trava toda vez que tento entrar! Inaceitável,0,80,10.83,1,Não fiquei satisfeito,Negativo
TKT-000147,CLI-00048,PED-000102,2025-08-05 00:00:00,2025-08-05 00:31:00,2025-08-05 05:04:48,Telefone,Acesso,Média,Fechado,Marcos Oliveira,"Perdi a senha, suporte ajudou em minutos",1,31,5.08,5,Melhor suporte que já tive,Positivo
TKT-000148,CLI-00049,PED-000104,2025-12-30 00:00:00,2025-12-30 03:56:00,2025-12-31 08:22:48,WhatsApp,Cobrança,Alta,Fechado,Pedro Rocha,Reembolso prometido há 30 dias e não veio,0,236,32.38,2,Demorou demais para resolver,Negativo
TKT-000149,CLI-00049,PED-000104,2025-06-22 00:00:00,2025-06-22 00:35:00,2025-06-22 02:06:36,Email,Cobrança,Baixa,Fechado,Fernanda Lima,Ajuste de fatura feito sem burocracia,1,35,2.11,5,Atenção e agilidade impecáveis,Positivo
TKT-000150,CLI-00050,,2025-12-31 00:00:00,2025-12-31 01:18:00,2025-12-31 09:26:24,Telefone,Acesso,Média,Fechado,Fernanda Lima,Usuário novo não consegue acessar,1,78,9.44,3,"Ok, resolvido",Neutro
TKT-000151,CLI-00050,,2025-12-31 00:00:00,2025-12-31 00:08:00,2025-12-31 05:03:36,Chat,Cancelamento,Urgente,Fechado,Marcos Oliveira,"Empresa passou por reestruturação, preciso cancelar",1,8,5.06,4,Excelente atendimento!,Positivo
TKT-000152,CLI-00051,PED-000107,2025-12-31 00:00:00,2025-12-31 03:43:00,2025-12-31 11:49:48,Email,Dúvida,Alta,Fechado,Fernanda Lima,"Só respostas automáticas, ninguém realmente ajuda",0,223,11.83,3,Demorou demais para resolver,Negativo
TKT-000153,CLI-00051,PED-000107,2025-12-12 00:00:00,2025-12-12 01:02:00,2025-12-13 15:19:12,Telefone,Cancelamento,Alta,Fechado,Aline Costa,"Quero cancelar minha assinatura, preço muito alto",0,62,39.32,2,Péssima experiência,Negativo
TKT-000154,CLI-00052,PED-000109,2025-11-25 00:00:00,2025-11-25 00:19:00,2025-11-25 05:06:00,WhatsApp,Cobrança,Baixa,Fechado,Fernanda Lima,Ajuste de fatura feito sem burocracia,1,19,5.1,4,Atenção e agilidade impecáveis,Positivo
TKT-000155,CLI-00052,PED-000109,2025-11-11 00:00:00,2025-11-11 00:45:00,2025-11-11 06:19:48,Telefone,Dúvida,Alta,Fechado,Fernanda Lima,É possível integrar com Google Sheets?,1,45,6.33,3,Demorou um pouco mas ok,Neutro
TKT-000156,CLI-00052,PED-000109,2025-11-11 00:00:00,2025-11-11 03:41:00,2025-11-11 21:04:12,WhatsApp,Bug,Alta,Fechado,Marcos Oliveira,"Sistema com muitos erros, estou pensando em cancelar",0,221,21.07,1,Demorou demais para resolver,Negativo
TKT-000157,CLI-00052,PED-000109,2025-10-16 00:00:00,2025-10-16 06:25:00,2025-10-17 04:59:24,Telefone,Cancelamento,Urgente,Fechado,Carla Santos,"O produto não entregou o que promete, quero reembolso",0,385,28.99,2,Péssima experiência,Negativo
TKT-000158,CLI-00052,PED-000109,2025-11-27 00:00:00,2025-11-27 03:08:00,2025-11-28 10:01:48,Telefone,Bug,Baixa,Fechado,Marcos Oliveira,"Dashboard não carrega há uma semana, perdi reunião por isso",0,188,34.03,1,Não fiquei satisfeito,Negativo
TKT-000159,CLI-00052,PED-000109,2025-11-16 00:00:00,2025-11-16 05:14:00,2025-11-17 21:43:12,Chat,Acesso,Média,Fechado,Marcos Oliveira,Sistema trava toda vez que tento entrar! Inaceitável,0,314,45.72,3,Demorou demais para resolver,Negativo
TKT-000160,CLI-00053,PED-000111,2025-10-18 00:00:00,2025-10-18 03:00:00,2025-10-18 12:13:48,Telefone,Cancelamento,Alta,Fechado,Pedro Rocha,"Quero cancelar minha assinatura, preço muito alto",0,180,12.23,3,Problema não foi totalmente resolvido,Negativo
TKT-000161,CLI-00053,PED-000111,2025-10-26 00:00:00,2025-10-26 05:15:00,2025-10-27 20:28:48,Email,Cancelamento,Urgente,Fechado,Fernanda Lima,"Quero cancelar minha assinatura, preço muito alto",0,315,44.48,3,Precisei ligar 3 vezes,Negativo
TKT-000162,CLI-00053,PED-000111,2025-10-16 00:00:00,2025-10-16 04:49:00,2025-10-17 14:18:36,Chat,Acesso,Média,Fechado,Aline Costa,Sistema trava toda vez que tento entrar! Inaceitável,0,289,38.31,2,Problema não foi totalmente resolvido,Negativo
TKT-000163,CLI-00053,PED-000111,2025-10-03 00:00:00,2025-10-03 06:12:00,2025-10-04 07:55:48,Email,Acesso,Média,Fechado,Carla Santos,Sistema trava toda vez que tento entrar! Inaceitável,0,372,31.93,3,Problema não foi totalmente resolvido,Negativo
TKT-000164,CLI-00054,PED-000112,2025-12-10 00:00:00,2025-12-10 01:51:00,2025-12-10 07:01:12,Telefone,Dúvida,Alta,Fechado,Carla Santos,É possível integrar com Google Sheets?,1,111,7.02,4,Atendimento razoável,Neutro
TKT-000165,CLI-00055,PED-000113,2025-12-31 00:00:00,2025-12-31 01:56:00,2025-12-31 21:46:48,Chat,Cobrança,Média,Fechado,Pedro Rocha,Reembolso prometido há 30 dias e não veio,0,116,21.78,2,Péssima experiência,Negativo
TKT-000166,CLI-00055,PED-000113,2025-12-31 00:00:00,2025-12-31 00:57:00,2025-12-31 03:27:36,Telefone,Cancelamento,Alta,Fechado,Pedro Rocha,"Empresa passou por reestruturação, preciso cancelar",0,57,3.46,3,Atendimento razoável,Neutro
TKT-000167,CLI-00055,PED-000113,2025-12-31 00:00:00,2025-12-31 00:46:00,2025-12-31 07:00:00,Telefone,Bug,Alta,Fechado,Carla Santos,Exportação de PDF com formatação errada,1,46,7.0,4,Poderia ser mais rápido,Neutro
TKT-000168,CLI-00055,PED-000113,2025-12-31 00:00:00,2025-12-31 00:49:00,2025-12-31 08:25:48,Telefone,Bug,Baixa,Fechado,Pedro Rocha,Gráfico não está exibindo corretamente,0,49,8.43,3,Poderia ser mais rápido,Neutro
TKT-000169,CLI-00056,PED-000118,2025-10-15 00:00:00,2025-10-15 00:47:00,2025-10-15 11:48:00,Chat,Bug,Média,Fechado,Marcos Oliveira,Gráfico não está exibindo corretamente,1,47,11.8,4,Poderia ser mais rápido,Neutro
TKT-000170,CLI-00056,PED-000118,2025-12-31 00:00:00,2025-12-31 00:57:00,2025-12-31 02:30:36,WhatsApp,Dúvida,Média,Fechado,Aline Costa,Suporte muito atencioso e paciente,1,57,2.51,5,"Resolvido rapidinho, obrigado",Positivo
TKT-000171,CLI-00056,PED-000118,2025-10-25 00:00:00,2025-10-25 00:44:00,2025-10-25 04:01:12,Telefone,Cobrança,Alta,Fechado,Fernanda Lima,Preciso de nota fiscal atualizada,0,44,4.02,4,"Ok, resolvido",Neutro
TKT-000172,CLI-00057,PED-000120,2025-12-31 00:00:00,2025-12-31 00:44:00,2025-12-31 11:15:00,Telefone,Dúvida,Urgente,Fechado,Marcos Oliveira,Como faço para criar um dashboard compartilhável?,1,44,11.25,3,Demorou um pouco mas ok,Neutro
TKT-000173,CLI-00057,PED-000120,2025-12-31 00:00:00,2025-12-31 00:12:00,2025-12-31 02:28:12,WhatsApp,Cobrança,Baixa,Fechado,Fernanda Lima,Fui cobrado mas o estorno foi rápido e eficiente,1,12,2.47,5,Atenção e agilidade impecáveis,Positivo
TKT-000174,CLI-00057,PED-000120,2025-12-31 00:00:00,2025-12-31 00:32:00,2025-12-31 05:41:24,Email,Cobrança,Baixa,Fechado,Carla Santos,Dúvida sobre próximo vencimento,1,32,5.69,3,"Ok, resolvido",Neutro
TKT-000175,CLI-00058,PED-000122,2025-12-31 00:00:00,2025-12-31 00:23:00,2025-12-31 01:43:12,Telefone,Cancelamento,Alta,Fechado,Marcos Oliveira,"Empresa passou por reestruturação, preciso cancelar",1,23,1.72,5,"Resolvido rapidinho, obrigado",Positivo
TKT-000176,CLI-00059,PED-000124,2025-08-05 00:00:00,2025-08-05 06:21:00,2025-08-05 15:33:00,Chat,Bug,Baixa,Fechado,Pedro Rocha,"Sistema com muitos erros, estou pensando em cancelar",0,381,15.55,1,Não fiquei satisfeito,Negativo
TKT-000177,CLI-00059,PED-000124,2025-07-02 00:00:00,2025-07-02 06:55:00,2025-07-03 09:39:00,WhatsApp,Bug,Média,Fechado,Marcos Oliveira,"Dashboard não carrega há uma semana, perdi reunião por isso",0,415,33.65,1,Demorou demais para resolver,Negativo
TKT-000178,CLI-00059,PED-000124,2025-07-28 00:00:00,2025-07-28 03:21:00,2025-07-28 12:21:00,Telefone,Acesso,Média,Fechado,Carla Santos,Estou sem acesso há 3 dias e ninguém resolve,0,201,12.35,1,Não fiquei satisfeito,Negativo
TKT-000179,CLI-00060,PED-000125,2025-09-13 00:00:00,2025-09-13 01:06:00,2025-09-13 11:24:00,Email,Acesso,Média,Fechado,Pedro Rocha,Preciso redefinir minha senha,0,66,11.4,3,Atendimento razoável,Neutro
TKT-000180,CLI-00060,PED-000125,2025-07-31 00:00:00,2025-07-31 03:39:00,2025-08-01 18:52:48,WhatsApp,Bug,Média,Fechado,Pedro Rocha,"Sistema com muitos erros, estou pensando em cancelar",0,219,42.88,2,Precisei ligar 3 vezes,Negativo
TKT-000181,CLI-00060,PED-000125,2025-08-10 00:00:00,2025-08-10 00:56:00,2025-08-10 05:01:48,Telefone,Acesso,Baixa,Fechado,Aline Costa,"Perdi a senha, suporte ajudou em minutos",1,56,5.03,5,Atenção e agilidade impecáveis,Positivo
TKT-000182,CLI-00060,PED-000125,2025-08-11 00:00:00,2025-08-11 01:13:00,2025-08-12 13:07:12,Chat,Bug,Baixa,Fechado,Fernanda Lima,"Sistema com muitos erros, estou pensando em cancelar",0,73,37.12,2,Demorou demais para resolver,Negativo
TKT-000183,CLI-00060,PED-000125,2025-09-07 00:00:00,2025-09-07 04:48:00,2025-09-08 05:04:12,WhatsApp,Acesso,Média,Fechado,Marcos Oliveira,Sistema trava toda vez que tento entrar! Inaceitável,0,288,29.07,2,Péssima experiência,Negativo
TKT-000184,CLI-00060,PED-000125,2025-07-30 00:00:00,2025-07-30 07:20:00,2025-07-31 01:14:24,Chat,Acesso,Média,Fechado,Marcos Oliveira,Estou sem acesso há 3 dias e ninguém resolve,0,440,25.24,1,Péssima experiência,Negativo
TKT-000185,CLI-00060,PED-000125,2025-07-25 00:00:00,2025-07-25 06:35:00,2025-07-25 21:51:36,Chat,Acesso,Alta,Fechado,Aline Costa,Estou sem acesso há 3 dias e ninguém resolve,0,395,21.86,2,Precisei ligar 3 vezes,Negativo
TKT-000186,CLI-00061,PED-000127,2025-12-31 00:00:00,2025-12-31 01:55:00,2025-12-31 09:27:36,Chat,Bug,Média,Fechado,Carla Santos,Exportação de PDF com formatação errada,1,115,9.46,4,Poderia ser mais rápido,Neutro
TKT-000187,CLI-00061,PED-000127,2025-12-31 00:00:00,2025-12-31 00:52:00,2025-12-31 04:58:48,Email,Cancelamento,Alta,Fechado,Pedro Rocha,Vou pausar a assinatura temporariamente,1,52,4.98,5,"Resolvido rapidinho, obrigado",Positivo
TKT-000188,CLI-00062,PED-000130,2025-12-31 00:00:00,2025-12-31 00:58:00,2025-12-31 03:36:00,Email,Bug,Baixa,Fechado,Carla Santos,"Bug no relatório foi corrigido no mesmo dia, ótimo suporte",1,58,3.6,5,Melhor suporte que já tive,Positivo
TKT-000189,CLI-00062,PED-000130,2025-10-29 00:00:00,2025-10-29 01:35:00,2025-10-30 02:18:00,Chat,Cancelamento,Urgente,Fechado,Carla Santos,"O produto não entregou o que promete, quero reembolso",0,95,26.3,1,Péssima experiência,Negativo
TKT-000190,CLI-00063,PED-000131,2025-12-31 00:00:00,2025-12-31 00:27:00,2025-12-31 04:48:36,WhatsApp,Bug,Média,Fechado,Pedro Rocha,"Bug no relatório foi corrigido no mesmo dia, ótimo suporte",1,27,4.81,4,"Resolvido rapidinho, obrigado",Positivo
TKT-000191,CLI-00063,PED-000131,2025-12-31 00:00:00,2025-12-31 00:59:00,2025-12-31 01:11:24,Email,Dúvida,Média,Fechado,Aline Costa,"Explicação clara e objetiva, resolvi em 5 minutos",1,59,1.19,4,Atenção e agilidade impecáveis,Positivo
TKT-000192,CLI-00064,PED-000132,2025-11-03 00:00:00,2025-11-03 01:55:00,2025-11-03 08:57:00,WhatsApp,Cancelamento,Urgente,Fechado,Marcos Oliveira,Vou pausar a assinatura temporariamente,0,115,8.95,3,Atendimento razoável,Neutro
TKT-000193,CLI-00064,PED-000132,2025-06-11 00:00:00,2025-06-11 01:19:00,2025-06-11 05:45:36,WhatsApp,Dúvida,Baixa,Fechado,Pedro Rocha,Como faço para criar um dashboard compartilhável?,0,79,5.76,3,Poderia ser mais rápido,Neutro
TKT-000194,CLI-00065,PED-000135,2025-07-25 00:00:00,2025-07-25 02:45:00,2025-07-25 11:58:12,Email,Bug,Média,Fechado,Carla Santos,"Dashboard não carrega há uma semana, perdi reunião por isso",0,165,11.97,1,Problema não foi totalmente resolvido,Negativo
TKT-000195,CLI-00065,PED-000135,2025-11-24 00:00:00,2025-11-24 00:11:00,2025-11-24 03:21:00,Chat,Cancelamento,Alta,Fechado,Pedro Rocha,Vou pausar a assinatura temporariamente,1,11,3.35,4,"Resolvido rapidinho, obrigado",Positivo
TKT-000196,CLI-00065,PED-000135,2025-10-11 00:00:00,2025-10-11 00:51:00,2025-10-11 03:27:00,WhatsApp,Acesso,Média,Fechado,Pedro Rocha,Usuário novo não consegue acessar,0,51,3.45,4,"Ok, resolvido",Neutro
TKT-000197,CLI-00066,PED-000137,2025-08-10 00:00:00,2025-08-10 06:31:00,2025-08-11 10:48:36,WhatsApp,Cancelamento,Urgente,Fechado,Carla Santos,"Quero cancelar minha assinatura, preço muito alto",0,391,34.81,3,Precisei ligar 3 vezes,Negativo
TKT-000198,CLI-00066,PED-000137,2025-08-04 00:00:00,2025-08-04 06:30:00,2025-08-04 19:41:24,Telefone,Bug,Baixa,Fechado,Pedro Rocha,"Sistema com muitos erros, estou pensando em cancelar",0,390,19.69,2,Problema não foi totalmente resolvido,Negativo
TKT-000199,CLI-00066,PED-000137,2025-09-25 00:00:00,2025-09-25 08:00:00,2025-09-26 17:37:48,Email,Bug,Baixa,Fechado,Aline Costa,"Sistema com muitos erros, estou pensando em cancelar",0,480,41.63,2,Não fiquei satisfeito,Negativo
TKT-000200,CLI-00066,PED-000137,2025-09-07 00:00:00,2025-09-07 07:01:00,2025-09-08 01:20:24,WhatsApp,Cancelamento,Alta,Fechado,Pedro Rocha,"Quero cancelar minha assinatura, preço muito alto",0,421,25.34,1,Precisei ligar 3 vezes,Negativo
TKT-000201,CLI-00067,PED-000140,2025-12-31 00:00:00,2025-12-31 00:53:00,2025-12-31 10:16:12,Telefone,Cancelamento,Alta,Fechado,Pedro Rocha,Vou pausar a assinatura temporariamente,0,53,10.27,3,Atendimento razoável,Neutro
TKT-000202,CLI-00067,PED-000140,2025-07-25 00:00:00,2025-07-25 01:35:00,2025-07-25 11:21:36,Email,Dúvida,Urgente,Fechado,Fernanda Lima,Como faço para criar um dashboard compartilhável?,0,95,11.36,4,Atendimento razoável,Neutro
TKT-000203,CLI-00067,PED-000140,2025-12-31 00:00:00,2025-12-31 00:36:00,2025-12-31 01:59:24,Email,Cancelamento,Alta,Fechado,Marcos Oliveira,"Empresa passou por reestruturação, preciso cancelar",1,36,1.99,5,Muito profissional e eficiente,Positivo
TKT-000204,CLI-00067,PED-000140,2025-11-13 00:00:00,2025-11-13 00:37:00,2025-11-13 05:08:24,Email,Cobrança,Baixa,Fechado,Fernanda Lima,Ajuste de fatura feito sem burocracia,1,37,5.14,5,Excelente atendimento!,Positivo
TKT-000205,CLI-00068,PED-000141,2025-07-28 00:00:00,2025-07-28 00:38:00,2025-07-28 05:22:48,Chat,Cancelamento,Urgente,Fechado,Pedro Rocha,Vou pausar a assinatura temporariamente,1,38,5.38,4,Excelente atendimento!,Positivo
TKT-000206,CLI-00069,PED-000142,2025-08-20 00:00:00,2025-08-20 06:12:00,2025-08-21 05:22:12,Chat,Cobrança,Alta,Fechado,Fernanda Lima,Fui cobrado duas vezes e ninguém me deu retorno,0,372,29.37,3,Problema não foi totalmente resolvido,Negativo
TKT-000207,CLI-00069,PED-000142,2025-09-21 00:00:00,2025-09-21 04:53:00,2025-09-22 00:50:24,Email,Acesso,Urgente,Fechado,Aline Costa,Sistema trava toda vez que tento entrar! Inaceitável,0,293,24.84,1,Demorou demais para resolver,Negativo
TKT-000208,CLI-00069,PED-000142,2025-08-25 00:00:00,2025-08-25 02:04:00,2025-08-26 00:27:36,Email,Cancelamento,Urgente,Fechado,Carla Santos,"Quero cancelar minha assinatura, preço muito alto",0,124,24.46,2,Não fiquei satisfeito,Negativo
TKT-000209,CLI-00069,PED-000142,2025-08-13 00:00:00,2025-08-13 03:52:00,2025-08-14 15:45:00,Telefone,Acesso,Baixa,Fechado,Pedro Rocha,Sistema trava toda vez que tento entrar! Inaceitável,0,232,39.75,1,Não fiquei satisfeito,Negativo
TKT-000210,CLI-00069,PED-000142,2025-09-08 00:00:00,2025-09-08 05:51:00,2025-09-08 17:50:24,WhatsApp,Acesso,Alta,Fechado,Marcos Oliveira,Sistema trava toda vez que tento entrar! Inaceitável,0,351,17.84,1,Problema não foi totalmente resolvido,Negativo
TKT-000211,CLI-00069,PED-000142,2025-08-01 00:00:00,2025-08-01 05:11:00,2025-08-02 00:55:12,Email,Bug,Baixa,Fechado,Fernanda Lima,"Dashboard não carrega há uma semana, perdi reunião por isso",0,311,24.92,2,Péssima experiência,Negativo
TKT-000212,CLI-00069,PED-000142,2025-09-01 00:00:00,2025-09-01 01:56:00,2025-09-01 23:19:48,Email,Bug,Média,Fechado,Pedro Rocha,"Sistema com muitos erros, estou pensando em cancelar",0,116,23.33,3,Não fiquei satisfeito,Negativo
TKT-000213,CLI-00070,PED-000143,2025-12-31 00:00:00,2025-12-31 00:52:00,2025-12-31 07:21:00,WhatsApp,Cobrança,Baixa,Fechado,Fernanda Lima,Dúvida sobre próximo vencimento,0,52,7.35,3,Demorou um pouco mas ok,Neutro
TKT-000214,CLI-00070,PED-000143,2025-11-20 00:00:00,2025-11-20 00:50:00,2025-11-20 03:06:00,Telefone,Bug,Baixa,Fechado,Carla Santos,"Bug no relatório foi corrigido no mesmo dia, ótimo suporte",0,50,3.1,5,Melhor suporte que já tive,Positivo
TKT-000215,CLI-00070,PED-000143,2025-12-31 00:00:00,2025-12-31 00:39:00,2025-12-31 01:16:48,Chat,Bug,Média,Fechado,Aline Costa,"Bug no relatório foi corrigido no mesmo dia, ótimo suporte",1,39,1.28,5,Atenção e agilidade impecáveis,Positivo
TKT-000216,CLI-00070,PED-000143,2025-12-31 00:00:00,2025-12-31 05:21:00,2026-01-01 05:43:48,Telefone,Acesso,Alta,Fechado,Carla Santos,Sistema trava toda vez que tento entrar! Inaceitável,0,321,29.73,2,Demorou demais para resolver,Negativo
TKT-000217,CLI-00071,PED-000145,2025-12-31 00:00:00,2025-12-31 00:24:00,2025-12-31 04:42:00,Telefone,Cobrança,Alta,Fechado,Carla Santos,Fui cobrado mas o estorno foi rápido e eficiente,1,24,4.7,4,Melhor suporte que já tive,Positivo
TKT-000218,CLI-00071,PED-000145,2025-12-31 00:00:00,2025-12-31 01:07:00,2025-12-31 06:47:24,WhatsApp,Cancelamento,Alta,Fechado,Fernanda Lima,"Empresa passou por reestruturação, preciso cancelar",0,67,6.79,3,Demorou um pouco mas ok,Neutro
TKT-000219,CLI-00071,PED-000145,2025-12-31 00:00:00,2025-12-31 01:03:00,2025-12-31 10:38:24,WhatsApp,Bug,Média,Fechado,Pedro Rocha,Gráfico não está exibindo corretamente,1,63,10.64,4,Demorou um pouco mas ok,Neutro
TKT-000220,CLI-00072,PED-000147,2025-12-31 00:00:00,2025-12-31 04:35:00,2026-01-01 16:43:12,Email,Dúvida,Média,Fechado,Marcos Oliveira,"Só respostas automáticas, ninguém realmente ajuda",0,275,40.72,3,Péssima experiência,Negativo
TKT-000221,CLI-00072,PED-000147,2025-12-31 00:00:00,2025-12-31 00:34:00,2025-12-31 01:54:36,WhatsApp,Acesso,Urgente,Fechado,Marcos Oliveira,"Perdi a senha, suporte ajudou em minutos",0,34,1.91,4,Atenção e agilidade impecáveis,Positivo
TKT-000222,CLI-00072,PED-000147,2025-12-31 00:00:00,2025-12-31 00:31:00,2025-12-31 04:10:48,Email,Dúvida,Média,Fechado,Aline Costa,Como faço para criar um dashboard compartilhável?,0,31,4.18,4,Demorou um pouco mas ok,Neutro
TKT-000223,CLI-00072,PED-000147,2025-12-31 00:00:00,2025-12-31 01:32:00,2025-12-31 03:58:48,Email,Bug,Baixa,Fechado,Marcos Oliveira,Gráfico não está exibindo corretamente,0,92,3.98,3,"Ok, resolvido",Neutro
TKT-000224,CLI-00073,PED-000153,2025-10-04 00:00:00,2025-10-04 01:34:00,2025-10-04 11:19:12,Telefone,Dúvida,Média,Fechado,Aline Costa,Como faço para criar um dashboard compartilhável?,0,94,11.32,4,Poderia ser mais rápido,Neutro
TKT-000225,CLI-00074,PED-000156,2025-12-31 00:00:00,2025-12-31 00:40:00,2025-12-31 02:59:24,Telefone,Cancelamento,Urgente,Fechado,Aline Costa,"Empresa passou por reestruturação, preciso cancelar",0,40,2.99,3,Poderia ser mais rápido,Neutro
TKT-000226,CLI-00074,PED-000156,2025-07-27 00:00:00,2025-07-27 00:58:00,2025-07-27 08:23:24,Email,Dúvida,Média,Fechado,Fernanda Lima,Como faço para criar um dashboard compartilhável?,0,58,8.39,4,Demorou um pouco mas ok,Neutro
TKT-000227,CLI-00074,PED-000156,2025-12-31 00:00:00,2025-12-31 05:26:00,2026-01-01 18:16:12,WhatsApp,Acesso,Média,Fechado,Marcos Oliveira,Sistema trava toda vez que tento entrar! Inaceitável,0,326,42.27,3,Demorou demais para resolver,Negativo
TKT-000228,CLI-00075,PED-000159,2025-05-26 00:00:00,2025-05-26 01:30:00,2025-05-27 09:39:36,WhatsApp,Acesso,Urgente,Fechado,Marcos Oliveira,Sistema trava toda vez que tento entrar! Inaceitável,0,90,33.66,1,Precisei ligar 3 vezes,Negativo
TKT-000229,CLI-00076,PED-000160,2025-10-01 00:00:00,2025-10-01 00:31:00,2025-10-01 02:33:36,Chat,Cobrança,Alta,Fechado,Carla Santos,Ajuste de fatura feito sem burocracia,1,31,2.56,4,"Resolvido rapidinho, obrigado",Positivo
TKT-000230,CLI-00077,PED-000161,2025-11-06 00:00:00,2025-11-06 01:00:00,2025-11-06 04:17:24,Chat,Cancelamento,Alta,Fechado,Aline Costa,"Empresa passou por reestruturação, preciso cancelar",0,60,4.29,5,Melhor suporte que já tive,Positivo
TKT-000231,CLI-00077,PED-000161,2025-09-30 00:00:00,2025-09-30 00:39:00,2025-09-30 02:56:24,Telefone,Cobrança,Alta,Fechado,Pedro Rocha,Ajuste de fatura feito sem burocracia,1,39,2.94,5,Melhor suporte que já tive,Positivo
TKT-000232,CLI-00077,PED-000161,2025-06-26 00:00:00,2025-06-26 03:51:00,2025-06-26 20:00:00,Telefone,Acesso,Urgente,Fechado,Fernanda Lima,Estou sem acesso há 3 dias e ninguém resolve,0,231,20.0,2,Precisei ligar 3 vezes,Negativo
TKT-000233,CLI-00078,PED-000162,2025-12-31 00:00:00,2025-12-31 06:50:00,2026-01-01 19:10:48,WhatsApp,Cobrança,Média,Fechado,Marcos Oliveira,Fui cobrado duas vezes e ninguém me deu retorno,0,410,43.18,3,Demorou demais para resolver,Negativo
TKT-000234,CLI-00078,PED-000162,2025-08-05 00:00:00,2025-08-05 03:39:00,2025-08-05 09:54:36,Chat,Acesso,Baixa,Fechado,Carla Santos,Estou sem acesso há 3 dias e ninguém resolve,0,219,9.91,1,Demorou demais para resolver,Negativo
TKT-000235,CLI-00079,PED-000165,2025-08-31 00:00:00,2025-08-31 00:56:00,2025-08-31 03:12:00,Chat,Cobrança,Média,Fechado,Carla Santos,Fui cobrado mas o estorno foi rápido e eficiente,1,56,3.2,4,"Resolvido rapidinho, obrigado",Positivo
TKT-000236,CLI-00079,PED-000165,2025-06-14 00:00:00,2025-06-14 01:35:00,2025-06-14 07:43:12,Chat,Bug,Baixa,Fechado,Fernanda Lima,Gráfico não está exibindo corretamente,0,95,7.72,4,Atendimento razoável,Neutro
TKT-000237,CLI-00079,PED-000165,2025-10-10 00:00:00,2025-10-10 00:42:00,2025-10-10 02:21:00,Telefone,Dúvida,Média,Fechado,Carla Santos,Como faço para criar um dashboard compartilhável?,1,42,2.35,3,Demorou um pouco mas ok,Neutro
TKT-000238,CLI-00079,PED-000165,2025-11-03 00:00:00,2025-11-03 01:10:00,2025-11-04 13:16:48,Telefone,Cobrança,Alta,Fechado,Marcos Oliveira,Reembolso prometido há 30 dias e não veio,0,70,37.28,2,Demorou demais para resolver,Negativo
TKT-000239,CLI-00080,PED-000169,2025-11-16 00:00:00,2025-11-16 01:45:00,2025-11-16 05:53:24,WhatsApp,Acesso,Média,Fechado,Fernanda Lima,Usuário novo não consegue acessar,1,105,5.89,4,Atendimento razoável,Neutro
TKT-000240,CLI-00080,PED-000169,2025-09-24 00:00:00,2025-09-24 01:24:00,2025-09-24 05:09:36,Telefone,Dúvida,Média,Fechado,Marcos Oliveira,Como faço para criar um dashboard compartilhável?,0,84,5.16,4,Demorou um pouco mas ok,Neutro
TKT-000241,CLI-00081,PED-000172,2025-12-31 00:00:00,2025-12-31 00:45:00,2025-12-31 03:46:48,Email,Cancelamento,Urgente,Fechado,Pedro Rocha,"Empresa passou por reestruturação, preciso cancelar",0,45,3.78,3,Atendimento razoável,Neutro
TKT-000242,CLI-00081,PED-000172,2025-11-06 00:00:00,2025-11-06 00:30:00,2025-11-06 03:16:12,Chat,Dúvida,Média,Fechado,Carla Santos,Como faço para criar um dashboard compartilhável?,0,30,3.27,4,Poderia ser mais rápido,Neutro
TKT-000243,CLI-00081,PED-000172,2025-12-31 00:00:00,2025-12-31 02:40:00,2025-12-31 08:00:00,Chat,Bug,Média,Fechado,Aline Costa,"Sistema com muitos erros, estou pensando em cancelar",0,160,8.0,1,Péssima experiência,Negativo
TKT-000244,CLI-00081,PED-000172,2025-12-31 00:00:00,2025-12-31 01:13:00,2025-12-31 10:19:48,Telefone,Dúvida,Média,Fechado,Aline Costa,É possível integrar com Google Sheets?,1,73,10.33,3,Poderia ser mais rápido,Neutro
TKT-000245,CLI-00082,PED-000175,2025-12-31 00:00:00,2025-12-31 00:15:00,2025-12-31 02:34:48,Telefone,Bug,Média,Fechado,Fernanda Lima,"Bug no relatório foi corrigido no mesmo dia, ótimo suporte",0,15,2.58,5,"Resolvido rapidinho, obrigado",Positivo
TKT-000246,CLI-00082,PED-000175,2025-12-31 00:00:00,2025-12-31 07:42:00,2026-01-01 18:20:24,Telefone,Dúvida,Média,Fechado,Pedro Rocha,Esperei 2 horas no chat sem resposta,0,462,42.34,2,Precisei ligar 3 vezes,Negativo
TKT-000247,CLI-00082,PED-000175,2025-09-28 00:00:00,2025-09-28 00:23:00,2025-09-28 01:37:48,Chat,Acesso,Média,Fechado,Marcos Oliveira,"Perdi a senha, suporte ajudou em minutos",0,23,1.63,4,"Resolvido rapidinho, obrigado",Positivo
TKT-000248,CLI-00082,PED-000175,2025-12-31 00:00:00,2025-12-31 00:09:00,2025-12-31 01:15:36,Chat,Acesso,Urgente,Fechado,Carla Santos,"Perdi a senha, suporte ajudou em minutos",1,9,1.26,5,Excelente atendimento!,Positivo
TKT-000249,CLI-00083,PED-000178,2025-12-31 00:00:00,2025-12-31 00:59:00,2025-12-31 02:58:48,Telefone,Bug,Urgente,Fechado,Pedro Rocha,Exportação de PDF com formatação errada,0,59,2.98,3,Demorou um pouco mas ok,Neutro
TKT-000250,CLI-00083,PED-000178,2025-12-31 00:00:00,2025-12-31 00:40:00,2025-12-31 01:20:24,Telefone,Acesso,Média,Fechado,Fernanda Lima,Não consigo logar mas foi resolvido rápido,1,40,1.34,4,Excelente atendimento!,Positivo
TKT-000251,CLI-00083,PED-000178,2025-11-28 00:00:00,2025-11-28 01:04:00,2025-11-28 03:07:48,Telefone,Cobrança,Baixa,Fechado,Aline Costa,Dúvida sobre próximo vencimento,0,64,3.13,3,Atendimento razoável,Neutro
TKT-000252,CLI-00084,,2025-12-31 00:00:00,2025-12-31 00:38:00,2025-12-31 02:57:00,Telefone,Acesso,Baixa,Fechado,Aline Costa,Não consigo logar mas foi resolvido rápido,1,38,2.95,4,Atenção e agilidade impecáveis,Positivo
TKT-000253,CLI-00084,,2025-12-31 00:00:00,2025-12-31 05:45:00,2026-01-01 18:49:12,Email,Cancelamento,Alta,Fechado,Pedro Rocha,"Quero cancelar minha assinatura, preço muito alto",0,345,42.82,2,Precisei ligar 3 vezes,Negativo
TKT-000254,CLI-00085,PED-000182,2025-12-31 00:00:00,2025-12-31 01:31:00,2025-12-31 07:25:48,Chat,Acesso,Baixa,Fechado,Fernanda Lima,Preciso redefinir minha senha,0,91,7.43,4,"Ok, resolvido",Neutro
TKT-000255,CLI-00085,PED-000182,2025-12-31 00:00:00,2025-12-31 00:18:00,2025-12-31 05:36:36,Email,Dúvida,Baixa,Fechado,Aline Costa,"Explicação clara e objetiva, resolvi em 5 minutos",1,18,5.61,5,Melhor suporte que já tive,Positivo
TKT-000256,CLI-00086,PED-000188,2025-06-24 00:00:00,2025-06-24 01:38:00,2025-06-24 02:52:48,Telefone,Acesso,Média,Fechado,Pedro Rocha,Preciso redefinir minha senha,1,98,2.88,4,Atendimento razoável,Neutro
TKT-000257,CLI-00086,PED-000188,2025-11-04 00:00:00,2025-11-04 00:39:00,2025-11-04 07:19:48,WhatsApp,Cancelamento,Alta,Fechado,Aline Costa,"Empresa passou por reestruturação, preciso cancelar",1,39,7.33,3,Atendimento razoável,Neutro
TKT-000258,CLI-00086,PED-000188,2025-11-13 00:00:00,2025-11-13 02:51:00,2025-11-13 09:19:12,Telefone,Bug,Média,Fechado,Carla Santos,"Dashboard não carrega há uma semana, perdi reunião por isso",0,171,9.32,1,Demorou demais para resolver,Negativo
TKT-000259,CLI-00086,PED-000188,2025-06-26 00:00:00,2025-06-26 00:50:00,2025-06-26 01:47:24,Telefone,Dúvida,Urgente,Fechado,Marcos Oliveira,"Explicação clara e objetiva, resolvi em 5 minutos",1,50,1.79,5,Melhor suporte que já tive,Positivo
TKT-000260,CLI-00087,PED-000192,2025-11-07 00:00:00,2025-11-07 06:14:00,2025-11-08 05:27:36,Telefone,Cobrança,Média,Fechado,Fernanda Lima,Fui cobrado duas vezes e ninguém me deu retorno,0,374,29.46,2,Não fiquei satisfeito,Negativo
TKT-000261,CLI-00087,PED-000192,2025-07-14 00:00:00,2025-07-14 00:35:00,2025-07-14 01:30:00,WhatsApp,Acesso,Baixa,Fechado,Pedro Rocha,"Perdi a senha, suporte ajudou em minutos",1,35,1.5,4,"Resolvido rapidinho, obrigado",Positivo
TKT-000262,CLI-00087,PED-000192,2025-11-04 00:00:00,2025-11-04 00:58:00,2025-11-04 01:45:00,Email,Dúvida,Baixa,Fechado,Fernanda Lima,Suporte muito atencioso e paciente,1,58,1.75,5,Atenção e agilidade impecáveis,Positivo
TKT-000263,CLI-00088,PED-000197,2025-12-09 00:00:00,2025-12-09 01:58:00,2025-12-09 02:09:36,Email,Dúvida,Baixa,Fechado,Carla Santos,É possível integrar com Google Sheets?,1,118,2.16,4,Atendimento razoável,Neutro
TKT-000264,CLI-00088,PED-000197,2025-08-16 00:00:00,2025-08-16 00:58:00,2025-08-16 10:21:36,Chat,Acesso,Média,Fechado,Pedro Rocha,Usuário novo não consegue acessar,0,58,10.36,4,Poderia ser mais rápido,Neutro
TKT-000265,CLI-00088,PED-000197,2025-12-07 00:00:00,2025-12-07 01:28:00,2025-12-07 03:25:12,WhatsApp,Cancelamento,Alta,Fechado,Pedro Rocha,"Empresa passou por reestruturação, preciso cancelar",1,88,3.42,4,"Ok, resolvido",Neutro
TKT-000266,CLI-00088,PED-000197,2025-06-24 00:00:00,2025-06-24 00:36:00,2025-06-24 00:33:36,Email,Bug,Baixa,Fechado,Pedro Rocha,"Bug no relatório foi corrigido no mesmo dia, ótimo suporte",1,36,0.56,5,Melhor suporte que já tive,Positivo
TKT-000267,CLI-00089,PED-000198,2025-12-31 00:00:00,2025-12-31 00:11:00,2025-12-31 01:53:24,Email,Dúvida,Baixa,Fechado,Fernanda Lima,Suporte muito atencioso e paciente,1,11,1.89,5,Melhor suporte que já tive,Positivo
TKT-000268,CLI-00089,PED-000198,2025-12-31 00:00:00,2025-12-31 00:36:00,2025-12-31 02:15:00,WhatsApp,Cancelamento,Alta,Fechado,Carla Santos,Vou pausar a assinatura temporariamente,0,36,2.25,3,Poderia ser mais rápido,Neutro
TKT-000269,CLI-00089,PED-000198,2025-12-31 00:00:00,2025-12-31 03:11:00,2025-12-31 20:45:00,WhatsApp,Cancelamento,Alta,Fechado,Marcos Oliveira,"O produto não entregou o que promete, quero reembolso",0,191,20.75,2,Não fiquei satisfeito,Negativo
TKT-000270,CLI-00089,PED-000198,2025-12-31 00:00:00,2025-12-31 01:05:00,2025-12-31 09:40:12,Email,Acesso,Baixa,Fechado,Pedro Rocha,Usuário novo não consegue acessar,1,65,9.67,4,Atendimento razoável,Neutro
TKT-000271,CLI-00090,PED-000200,2025-05-24 00:00:00,2025-05-24 04:42:00,2025-05-25 07:21:00,Email,Cancelamento,Alta,Fechado,Pedro Rocha,"O produto não entregou o que promete, quero reembolso",0,282,31.35,3,Demorou demais para resolver,Negativo
TKT-000272,CLI-00090,PED-000200,2025-04-19 00:00:00,2025-04-19 07:02:00,2025-04-19 10:36:36,Chat,Bug,Alta,Fechado,Pedro Rocha,"Sistema com muitos erros, estou pensando em cancelar",0,422,10.61,2,Demorou demais para resolver,Negativo
TKT-000273,CLI-00090,PED-000200,2025-04-15 00:00:00,2025-04-15 01:32:00,2025-04-16 02:08:24,Email,Bug,Baixa,Fechado,Pedro Rocha,"Dashboard não carrega há uma semana, perdi reunião por isso",0,92,26.14,1,Péssima experiência,Negativo
TKT-000274,CLI-00090,PED-000200,2025-05-22 00:00:00,2025-05-22 02:07:00,2025-05-23 05:48:36,Telefone,Cancelamento,Urgente,Fechado,Marcos Oliveira,"O produto não entregou o que promete, quero reembolso",0,127,29.81,3,Péssima experiência,Negativo
TKT-000275,CLI-00090,PED-000200,2025-04-06 00:00:00,2025-04-06 02:13:00,2025-04-06 10:59:24,Email,Acesso,Baixa,Fechado,Carla Santos,Sistema trava toda vez que tento entrar! Inaceitável,0,133,10.99,2,Problema não foi totalmente resolvido,Negativo
TKT-000276,CLI-00090,PED-000200,2025-05-01 00:00:00,2025-05-01 06:34:00,2025-05-02 00:20:24,WhatsApp,Cobrança,Média,Fechado,Aline Costa,Fui cobrado duas vezes e ninguém me deu retorno,0,394,24.34,2,Péssima experiência,Negativo
TKT-000277,CLI-00090,PED-000200,2025-05-16 00:00:00,2025-05-16 00:43:00,2025-05-16 05:18:36,WhatsApp,Acesso,Baixa,Fechado,Carla Santos,Não consigo logar mas foi resolvido rápido,1,43,5.31,5,Melhor suporte que já tive,Positivo
TKT-000278,CLI-00091,,2025-12-31 00:00:00,2025-12-31 01:02:00,2025-12-31 07:06:00,Email,Cancelamento,Alta,Fechado,Carla Santos,"Empresa passou por reestruturação, preciso cancelar",1,62,7.1,4,Atendimento razoável,Neutro
TKT-000279,CLI-00092,PED-000204,2025-09-02 00:00:00,2025-09-02 04:10:00,2025-09-02 23:42:00,WhatsApp,Acesso,Baixa,Fechado,Carla Santos,Estou sem acesso há 3 dias e ninguém resolve,0,250,23.7,1,Problema não foi totalmente resolvido,Negativo
TKT-000280,CLI-00092,PED-000204,2025-11-10 00:00:00,2025-11-10 00:26:00,2025-11-10 00:47:24,Telefone,Cobrança,Baixa,Fechado,Pedro Rocha,Fui cobrado mas o estorno foi rápido e eficiente,1,26,0.79,5,Excelente atendimento!,Positivo
TKT-000281,CLI-00092,PED-000204,2025-05-24 00:00:00,2025-05-24 01:52:00,2025-05-24 05:43:48,Telefone,Bug,Urgente,Fechado,Aline Costa,Exportação de PDF com formatação errada,0,112,5.73,4,Demorou um pouco mas ok,Neutro
TKT-000282,CLI-00092,PED-000204,2025-12-31 00:00:00,2025-12-31 00:36:00,2025-12-31 01:58:12,Chat,Dúvida,Média,Fechado,Carla Santos,Suporte muito atencioso e paciente,1,36,1.97,4,"Resolvido rapidinho, obrigado",Positivo
TKT-000283,CLI-00093,,2025-12-31 00:00:00,2025-12-31 01:13:00,2025-12-31 13:31:12,WhatsApp,Cancelamento,Alta,Fechado,Pedro Rocha,"Quero cancelar minha assinatura, preço muito alto",0,73,13.52,2,Demorou demais para resolver,Negativo
TKT-000284,CLI-00093,,2025-12-31 00:00:00,2025-12-31 02:26:00,2025-12-31 11:13:48,Email,Bug,Baixa,Fechado,Marcos Oliveira,"Dashboard não carrega há uma semana, perdi reunião por isso",0,146,11.23,1,Problema não foi totalmente resolvido,Negativo
TKT-000285,CLI-00093,,2025-12-31 00:00:00,2025-12-31 07:40:00,2025-12-31 16:46:12,Email,Dúvida,Baixa,Fechado,Aline Costa,"Só respostas automáticas, ninguém realmente ajuda",0,460,16.77,1,Péssima experiência,Negativo
TKT-000286,CLI-00094,PED-000208,2025-12-10 00:00:00,2025-12-10 00:39:00,2025-12-10 05:34:12,WhatsApp,Cobrança,Média,Fechado,Pedro Rocha,Ajuste de fatura feito sem burocracia,0,39,5.57,4,"Resolvido rapidinho, obrigado",Positivo
TKT-000287,CLI-00094,PED-000208,2025-10-29 00:00:00,2025-10-29 00:56:00,2025-10-29 02:30:00,Telefone,Acesso,Média,Fechado,Aline Costa,Não consigo logar mas foi resolvido rápido,1,56,2.5,5,Excelente atendimento!,Positivo
TKT-000288,CLI-00095,PED-000213,2025-05-24 00:00:00,2025-05-24 06:58:00,2025-05-25 14:09:00,Email,Cancelamento,Urgente,Fechado,Carla Santos,"O produto não entregou o que promete, quero reembolso",0,418,38.15,3,Problema não foi totalmente resolvido,Negativo
TKT-000289,CLI-00095,PED-000213,2025-05-31 00:00:00,2025-05-31 02:53:00,2025-06-01 11:22:48,WhatsApp,Bug,Alta,Fechado,Pedro Rocha,"Sistema com muitos erros, estou pensando em cancelar",0,173,35.38,3,Péssima experiência,Negativo
TKT-000290,CLI-00095,PED-000213,2025-12-31 00:00:00,2025-12-31 06:17:00,2026-01-01 22:40:12,WhatsApp,Cobrança,Média,Fechado,Aline Costa,Reembolso prometido há 30 dias e não veio,0,377,46.67,3,Demorou demais para resolver,Negativo
TKT-000291,CLI-00096,PED-000216,2025-12-17 00:00:00,2025-12-17 00:23:00,2025-12-17 01:59:24,WhatsApp,Cancelamento,Alta,Fechado,Fernanda Lima,Vou pausar a assinatura temporariamente,1,23,1.99,5,Melhor suporte que já tive,Positivo
TKT-000292,CLI-00096,PED-000216,2025-04-13 00:00:00,2025-04-13 04:32:00,2025-04-14 17:44:24,Telefone,Cobrança,Baixa,Fechado,Pedro Rocha,Reembolso prometido há 30 dias e não veio,0,272,41.74,2,Péssima experiência,Negativo
TKT-000293,CLI-00096,PED-000216,2025-09-27 00:00:00,2025-09-27 01:51:00,2025-09-27 08:51:00,Telefone,Cancelamento,Urgente,Fechado,Pedro Rocha,Vou pausar a assinatura temporariamente,1,111,8.85,4,Poderia ser mais rápido,Neutro
TKT-000294,CLI-00097,PED-000217,2025-12-16 00:00:00,2025-12-16 00:19:00,2025-12-16 05:25:12,Chat,Cancelamento,Alta,Fechado,Marcos Oliveira,Vou pausar a assinatura temporariamente,1,19,5.42,5,Melhor suporte que já tive,Positivo
TKT-000295,CLI-00097,PED-000217,2025-12-31 00:00:00,2025-12-31 00:11:00,2025-12-31 02:13:12,Telefone,Dúvida,Média,Fechado,Marcos Oliveira,Suporte muito atencioso e paciente,0,11,2.22,4,Muito profissional e eficiente,Positivo
TKT-000296,CLI-00097,PED-000217,2025-12-23 00:00:00,2025-12-23 00:10:00,2025-12-23 03:57:36,WhatsApp,Cancelamento,Alta,Fechado,Pedro Rocha,"Empresa passou por reestruturação, preciso cancelar",1,10,3.96,4,Excelente atendimento!,Positivo
TKT-000297,CLI-00098,PED-000220,2025-11-08 00:00:00,2025-11-08 01:08:00,2025-11-08 05:04:12,Telefone,Dúvida,Baixa,Fechado,Marcos Oliveira,Como faço para criar um dashboard compartilhável?,0,68,5.07,3,Demorou um pouco mas ok,Neutro
TKT-000298,CLI-00099,PED-000223,2025-05-26 00:00:00,2025-05-26 00:40:00,2025-05-26 01:22:48,WhatsApp,Cancelamento,Urgente,Fechado,Marcos Oliveira,"Empresa passou por reestruturação, preciso cancelar",1,40,1.38,5,Excelente atendimento!,Positivo
TKT-000299,CLI-00099,PED-000223,2025-09-07 00:00:00,2025-09-07 00:31:00,2025-09-07 07:16:48,Email,Acesso,Média,Fechado,Pedro Rocha,Usuário novo não consegue acessar,1,31,7.28,4,Demorou um pouco mas ok,Neutro
TKT-000300,CLI-00100,PED-000226,2025-12-31 00:00:00,2025-12-31 00:27:00,2025-12-31 02:44:24,Telefone,Acesso,Média,Fechado,Fernanda Lima,"Perdi a senha, suporte ajudou em minutos",1,27,2.74,4,Atenção e agilidade impecáveis,Positivo
TKT-000301,CLI-00100,PED-000226,2025-10-26 00:00:00,2025-10-26 00:37:00,2025-10-26 00:42:36,WhatsApp,Acesso,Baixa,Fechado,Fernanda Lima,Não consigo logar mas foi resolvido rápido,1,37,0.71,5,Atenção e agilidade impecáveis,Positivo
TKT-000302,CLI-00100,PED-000226,2025-10-26 00:00:00,2025-10-26 03:01:00,2025-10-26 20:27:00,Email,Acesso,Baixa,Fechado,Fernanda Lima,Sistema trava toda vez que tento entrar! Inaceitável,0,181,20.45,2,Problema não foi totalmente resolvido,Negativo
TKT-000303,CLI-00100,PED-000226,2025-12-31 00:00:00,2025-12-31 03:08:00,2026-01-01 08:16:12,WhatsApp,Cobrança,Baixa,Fechado,Carla Santos,Reembolso prometido há 30 dias e não veio,0,188,32.27,1,Precisei ligar 3 vezes,Negativo
TKT-000304,CLI-00101,PED-000231,2025-12-31 00:00:00,2025-12-31 00:06:00,2025-12-31 01:01:48,WhatsApp,Acesso,Média,Fechado,Pedro Rocha,Não consigo logar mas foi resolvido rápido,1,6,1.03,4,Excelente atendimento!,Positivo
TKT-000305,CLI-00101,PED-000231,2025-12-28 00:00:00,2025-12-28 00:54:00,2025-12-28 06:45:00,Email,Dúvida,Urgente,Fechado,Aline Costa,Como faço para criar um dashboard compartilhável?,0,54,6.75,4,"Ok, resolvido",Neutro
TKT-000306,CLI-00102,PED-000233,2025-12-31 00:00:00,2025-12-31 01:49:00,2025-12-31 02:03:36,Telefone,Bug,Média,Fechado,Fernanda Lima,Gráfico não está exibindo corretamente,1,109,2.06,4,Poderia ser mais rápido,Neutro
TKT-000307,CLI-00102,PED-000233,2025-12-31 00:00:00,2025-12-31 00:42:00,2025-12-31 05:12:36,Chat,Bug,Baixa,Fechado,Aline Costa,"Bug no relatório foi corrigido no mesmo dia, ótimo suporte",1,42,5.21,5,Melhor suporte que já tive,Positivo
TKT-000308,CLI-00103,PED-000234,2025-11-12 00:00:00,2025-11-12 04:38:00,2025-11-13 13:03:36,Email,Bug,Baixa,Fechado,Aline Costa,"Sistema com muitos erros, estou pensando em cancelar",0,278,37.06,3,Precisei ligar 3 vezes,Negativo
TKT-000309,CLI-00103,PED-000234,2025-10-21 00:00:00,2025-10-21 05:31:00,2025-10-21 13:36:00,Chat,Acesso,Alta,Fechado,Marcos Oliveira,Sistema trava toda vez que tento entrar! Inaceitável,0,331,13.6,2,Demorou demais para resolver,Negativo
TKT-000310,CLI-00103,PED-000234,2025-11-09 00:00:00,2025-11-09 03:08:00,2025-11-09 21:37:12,Email,Cancelamento,Urgente,Fechado,Fernanda Lima,"O produto não entregou o que promete, quero reembolso",0,188,21.62,1,Problema não foi totalmente resolvido,Negativo
TKT-000311,CLI-00103,PED-000234,2025-12-01 00:00:00,2025-12-01 00:58:00,2025-12-01 03:19:12,Email,Acesso,Baixa,Fechado,Marcos Oliveira,Não consigo logar mas foi resolvido rápido,1,58,3.32,4,Melhor suporte que já tive,Positivo
TKT-000312,CLI-00104,PED-000236,2025-10-22 00:00:00,2025-10-22 02:45:00,2025-10-23 15:17:24,Telefone,Acesso,Alta,Fechado,Aline Costa,Estou sem acesso há 3 dias e ninguém resolve,0,165,39.29,1,Precisei ligar 3 vezes,Negativo
TKT-000313,CLI-00104,PED-000236,2025-11-20 00:00:00,2025-11-20 05:59:00,2025-11-20 09:55:12,Chat,Cobrança,Baixa,Fechado,Carla Santos,Reembolso prometido há 30 dias e não veio,0,359,9.92,2,Não fiquei satisfeito,Negativo
TKT-000314,CLI-00104,PED-000236,2025-10-14 00:00:00,2025-10-14 03:13:00,2025-10-15 07:35:24,WhatsApp,Bug,Alta,Fechado,Marcos Oliveira,"Sistema com muitos erros, estou pensando em cancelar",0,193,31.59,1,Péssima experiência,Negativo
TKT-000315,CLI-00104,PED-000236,2025-10-11 00:00:00,2025-10-11 02:39:00,2025-10-12 11:04:48,Telefone,Bug,Alta,Fechado,Carla Santos,"Dashboard não carrega há uma semana, perdi reunião por isso",0,159,35.08,2,Não fiquei satisfeito,Negativo
TKT-000316,CLI-00104,PED-000236,2025-12-03 00:00:00,2025-12-03 01:29:00,2025-12-03 04:33:00,Email,Dúvida,Alta,Fechado,Carla Santos,Como faço para criar um dashboard compartilhável?,1,89,4.55,4,Demorou um pouco mas ok,Neutro
TKT-000317,CLI-00104,PED-000236,2025-10-09 00:00:00,2025-10-09 01:59:00,2025-10-09 04:00:00,Email,Cobrança,Baixa,Fechado,Marcos Oliveira,Preciso de nota fiscal atualizada,1,119,4.0,4,Poderia ser mais rápido,Neutro
TKT-000318,CLI-00105,PED-000238,2025-07-26 00:00:00,2025-07-26 02:25:00,2025-07-26 15:34:12,Chat,Bug,Baixa,Fechado,Carla Santos,"Dashboard não carrega há uma semana, perdi reunião por isso",0,145,15.57,2,Problema não foi totalmente resolvido,Negativo
TKT-000319,CLI-00105,PED-000238,2025-06-25 00:00:00,2025-06-25 04:08:00,2025-06-26 19:02:24,Chat,Cancelamento,Urgente,Fechado,Marcos Oliveira,"O produto não entregou o que promete, quero reembolso",0,248,43.04,3,Precisei ligar 3 vezes,Negativo
TKT-000320,CLI-00105,PED-000238,2025-07-12 00:00:00,2025-07-12 06:18:00,2025-07-13 01:48:36,Telefone,Bug,Baixa,Fechado,Carla Santos,"Sistema com muitos erros, estou pensando em cancelar",0,378,25.81,2,Precisei ligar 3 vezes,Negativo
TKT-000321,CLI-00105,PED-000238,2025-08-12 00:00:00,2025-08-12 04:43:00,2025-08-12 16:04:12,Telefone,Cobrança,Alta,Fechado,Pedro Rocha,Reembolso prometido há 30 dias e não veio,0,283,16.07,1,Problema não foi totalmente resolvido,Negativo
TKT-000322,CLI-00105,PED-000238,2025-07-31 00:00:00,2025-07-31 01:40:00,2025-07-31 14:42:36,Email,Dúvida,Baixa,Fechado,Marcos Oliveira,"Só respostas automáticas, ninguém realmente ajuda",0,100,14.71,3,Não fiquei satisfeito,Negativo
TKT-000323,CLI-00106,PED-000240,2025-07-31 00:00:00,2025-07-31 00:52:00,2025-07-31 02:44:24,WhatsApp,Bug,Média,Fechado,Carla Santos,Exportação de PDF com formatação errada,1,52,2.74,3,Poderia ser mais rápido,Neutro
TKT-000324,CLI-00106,PED-000240,2025-09-09 00:00:00,2025-09-09 00:38:00,2025-09-09 05:50:24,WhatsApp,Dúvida,Média,Fechado,Marcos Oliveira,Suporte muito atencioso e paciente,1,38,5.84,4,Muito profissional e eficiente,Positivo
TKT-000325,CLI-00106,PED-000240,2025-08-03 00:00:00,2025-08-03 06:52:00,2025-08-03 17:57:36,Chat,Bug,Baixa,Fechado,Fernanda Lima,"Sistema com muitos erros, estou pensando em cancelar",0,412,17.96,2,Precisei ligar 3 vezes,Negativo
TKT-000326,CLI-00106,PED-000240,2025-12-21 00:00:00,2025-12-21 04:35:00,2025-12-22 21:49:12,Telefone,Cobrança,Baixa,Fechado,Aline Costa,Reembolso prometido há 30 dias e não veio,0,275,45.82,1,Péssima experiência,Negativo
TKT-000327,CLI-00107,PED-000242,2025-12-31 00:00:00,2025-12-31 00:31:00,2025-12-31 05:24:00,Email,Bug,Baixa,Fechado,Fernanda Lima,"Bug no relatório foi corrigido no mesmo dia, ótimo suporte",1,31,5.4,4,"Resolvido rapidinho, obrigado",Positivo
TKT-000328,CLI-00107,PED-000242,2025-12-31 00:00:00,2025-12-31 00:18:00,2025-12-31 03:42:00,Chat,Cobrança,Baixa,Fechado,Fernanda Lima,Fui cobrado mas o estorno foi rápido e eficiente,0,18,3.7,4,Melhor suporte que já tive,Positivo
TKT-000329,CLI-00108,PED-000245,2025-07-24 00:00:00,2025-07-24 03:14:00,2025-07-25 23:03:00,Telefone,Cancelamento,Urgente,Fechado,Marcos Oliveira,"Quero cancelar minha assinatura, preço muito alto",0,194,47.05,1,Não fiquei satisfeito,Negativo
TKT-000330,CLI-00108,PED-000245,2025-06-21 00:00:00,2025-06-21 02:43:00,2025-06-22 20:20:24,WhatsApp,Dúvida,Baixa,Fechado,Fernanda Lima,Esperei 2 horas no chat sem resposta,0,163,44.34,1,Precisei ligar 3 vezes,Negativo
TKT-000331,CLI-00108,PED-000245,2025-07-31 00:00:00,2025-07-31 05:12:00,2025-08-01 06:01:12,Email,Bug,Média,Fechado,Fernanda Lima,"Sistema com muitos erros, estou pensando em cancelar",0,312,30.02,1,Precisei ligar 3 vezes,Negativo
TKT-000332,CLI-00108,PED-000245,2025-08-01 00:00:00,2025-08-01 02:40:00,2025-08-02 20:15:00,Telefone,Bug,Média,Fechado,Marcos Oliveira,"Dashboard não carrega há uma semana, perdi reunião por isso",0,160,44.25,3,Precisei ligar 3 vezes,Negativo
TKT-000333,CLI-00108,PED-000245,2025-06-18 00:00:00,2025-06-18 07:16:00,2025-06-19 06:30:36,Email,Acesso,Média,Fechado,Fernanda Lima,Sistema trava toda vez que tento entrar! Inaceitável,0,436,30.51,1,Precisei ligar 3 vezes,Negativo
TKT-000334,CLI-00108,PED-000245,2025-08-02 00:00:00,2025-08-02 04:01:00,2025-08-02 19:43:48,Chat,Dúvida,Baixa,Fechado,Pedro Rocha,"Só respostas automáticas, ninguém realmente ajuda",0,241,19.73,2,Péssima experiência,Negativo
TKT-000335,CLI-00108,PED-000245,2025-07-11 00:00:00,2025-07-11 02:50:00,2025-07-11 21:11:24,Email,Dúvida,Baixa,Fechado,Aline Costa,"Só respostas automáticas, ninguém realmente ajuda",0,170,21.19,2,Não fiquei satisfeito,Negativo
TKT-000336,CLI-00109,PED-000249,2025-12-31 00:00:00,2025-12-31 00:31:00,2025-12-31 06:49:12,Telefone,Cancelamento,Alta,Fechado,Aline Costa,"Empresa passou por reestruturação, preciso cancelar",0,31,6.82,4,Demorou um pouco mas ok,Neutro
TKT-000337,CLI-00110,PED-000251,2025-07-01 00:00:00,2025-07-01 01:04:00,2025-07-01 05:53:24,Email,Cancelamento,Urgente,Fechado,Fernanda Lima,"Empresa passou por reestruturação, preciso cancelar",1,64,5.89,3,Demorou um pouco mas ok,Neutro
TKT-000338,CLI-00111,PED-000255,2025-12-04 00:00:00,2025-12-04 01:36:00,2025-12-04 09:36:36,Chat,Cobrança,Baixa,Fechado,Carla Santos,Dúvida sobre próximo vencimento,0,96,9.61,4,Demorou um pouco mas ok,Neutro
TKT-000339,CLI-00111,PED-000255,2025-08-25 00:00:00,2025-08-25 00:31:00,2025-08-25 05:48:00,WhatsApp,Acesso,Alta,Fechado,Marcos Oliveira,"Perdi a senha, suporte ajudou em minutos",1,31,5.8,5,Excelente atendimento!,Positivo
TKT-000340,CLI-00111,PED-000255,2025-12-16 00:00:00,2025-12-16 00:27:00,2025-12-16 05:15:00,WhatsApp,Cobrança,Baixa,Fechado,Pedro Rocha,Ajuste de fatura feito sem burocracia,0,27,5.25,5,"Resolvido rapidinho, obrigado",Positivo
TKT-000341,CLI-00112,PED-000257,2025-09-06 00:00:00,2025-09-06 00:27:00,2025-09-06 02:54:36,Chat,Bug,Média,Fechado,Fernanda Lima,"Bug no relatório foi corrigido no mesmo dia, ótimo suporte",1,27,2.91,4,"Resolvido rapidinho, obrigado",Positivo
TKT-000342,CLI-00112,PED-000257,2025-09-27 00:00:00,2025-09-27 01:48:00,2025-09-27 06:30:36,WhatsApp,Dúvida,Média,Fechado,Marcos Oliveira,É possível integrar com Google Sheets?,1,108,6.51,4,Poderia ser mais rápido,Neutro
TKT-000343,CLI-00112,PED-000257,2025-07-16 00:00:00,2025-07-16 00:51:00,2025-07-16 09:25:12,Email,Acesso,Baixa,Fechado,Pedro Rocha,Usuário novo não consegue acessar,1,51,9.42,4,Demorou um pouco mas ok,Neutro
TKT-000344,CLI-00112,PED-000257,2025-12-29 00:00:00,2025-12-29 00:08:00,2025-12-29 04:05:24,WhatsApp,Cobrança,Baixa,Fechado,Fernanda Lima,Ajuste de fatura feito sem burocracia,0,8,4.09,4,Muito profissional e eficiente,Positivo
TKT-000345,CLI-00113,PED-000259,2025-09-03 00:00:00,2025-09-03 00:05:00,2025-09-03 04:09:36,Telefone,Bug,Média,Fechado,Carla Santos,"Bug no relatório foi corrigido no mesmo dia, ótimo suporte",1,5,4.16,5,"Resolvido rapidinho, obrigado",Positivo
TKT-000346,CLI-00114,PED-000262,2025-10-14 00:00:00,2025-10-14 02:27:00,2025-10-15 16:09:00,Telefone,Bug,Baixa,Fechado,Marcos Oliveira,"Dashboard não carrega há uma semana, perdi reunião por isso",0,147,40.15,2,Precisei ligar 3 vezes,Negativo
TKT-000347,CLI-00114,PED-000262,2025-10-28 00:00:00,2025-10-28 02:48:00,2025-10-29 07:59:24,Telefone,Acesso,Média,Fechado,Fernanda Lima,Sistema trava toda vez que tento entrar! Inaceitável,0,168,31.99,3,Precisei ligar 3 vezes,Negativo
TKT-000348,CLI-00114,PED-000262,2025-11-25 00:00:00,2025-11-25 04:08:00,2025-11-26 10:54:36,Telefone,Cancelamento,Urgente,Fechado,Aline Costa,"Quero cancelar minha assinatura, preço muito alto",0,248,34.91,3,Precisei ligar 3 vezes,Negativo
TKT-000349,CLI-00114,PED-000262,2025-11-13 00:00:00,2025-11-13 01:09:00,2025-11-14 06:44:24,Email,Acesso,Urgente,Fechado,Marcos Oliveira,Estou sem acesso há 3 dias e ninguém resolve,0,69,30.74,3,Não fiquei satisfeito,Negativo
TKT-000350,CLI-00114,PED-000262,2025-10-22 00:00:00,2025-10-22 03:12:00,2025-10-23 19:21:00,Email,Bug,Média,Fechado,Aline Costa,"Dashboard não carrega há uma semana, perdi reunião por isso",0,192,43.35,3,Problema não foi totalmente resolvido,Negativo
TKT-000351,CLI-00114,PED-000262,2025-12-01 00:00:00,2025-12-01 06:10:00,2025-12-02 01:24:36,WhatsApp,Bug,Média,Fechado,Fernanda Lima,"Dashboard não carrega há uma semana, perdi reunião por isso",0,370,25.41,1,Precisei ligar 3 vezes,Negativo
TKT-000352,CLI-00114,PED-000262,2025-12-07 00:00:00,2025-12-07 02:00:00,2025-12-08 01:35:24,WhatsApp,Bug,Média,Fechado,Marcos Oliveira,"Dashboard não carrega há uma semana, perdi reunião por isso",0,120,25.59,1,Não fiquei satisfeito,Negativo
TKT-000353,CLI-00115,PED-000263,2025-09-08 00:00:00,2025-09-08 04:59:00,2025-09-09 14:31:48,Telefone,Bug,Baixa,Fechado,Marcos Oliveira,"Dashboard não carrega há uma semana, perdi reunião por isso",0,299,38.53,2,Precisei ligar 3 vezes,Negativo
TKT-000354,CLI-00115,PED-000263,2025-09-09 00:00:00,2025-09-09 02:57:00,2025-09-09 17:36:36,Email,Cancelamento,Alta,Fechado,Marcos Oliveira,"O produto não entregou o que promete, quero reembolso",0,177,17.61,1,Não fiquei satisfeito,Negativo
TKT-000355,CLI-00115,PED-000263,2025-08-09 00:00:00,2025-08-09 01:34:00,2025-08-09 15:37:48,Email,Bug,Baixa,Fechado,Fernanda Lima,"Sistema com muitos erros, estou pensando em cancelar",0,94,15.63,1,Precisei ligar 3 vezes,Negativo
TKT-000356,CLI-00115,PED-000263,2025-08-31 00:00:00,2025-08-31 02:12:00,2025-09-01 00:29:24,Chat,Cancelamento,Urgente,Fechado,Fernanda Lima,"Quero cancelar minha assinatura, preço muito alto",0,132,24.49,2,Precisei ligar 3 vezes,Negativo
TKT-000357,CLI-00115,PED-000263,2025-08-13 00:00:00,2025-08-13 06:54:00,2025-08-14 06:44:24,Email,Acesso,Alta,Fechado,Carla Santos,Sistema trava toda vez que tento entrar! Inaceitável,0,414,30.74,1,Problema não foi totalmente resolvido,Negativo
TKT-000358,CLI-00115,PED-000263,2025-09-26 00:00:00,2025-09-26 05:14:00,2025-09-26 11:31:12,WhatsApp,Bug,Média,Fechado,Pedro Rocha,"Sistema com muitos erros, estou pensando em cancelar",0,314,11.52,2,Não fiquei satisfeito,Negativo
TKT-000359,CLI-00116,PED-000264,2025-12-22 00:00:00,2025-12-22 00:18:00,2025-12-22 01:16:12,WhatsApp,Cobrança,Baixa,Fechado,Aline Costa,Fui cobrado mas o estorno foi rápido e eficiente,1,18,1.27,4,Muito profissional e eficiente,Positivo
TKT-000360,CLI-00116,PED-000264,2025-12-31 00:00:00,2025-12-31 01:46:00,2025-12-31 10:29:24,Telefone,Acesso,Alta,Fechado,Carla Santos,Usuário novo não consegue acessar,1,106,10.49,4,Demorou um pouco mas ok,Neutro
TKT-000361,CLI-00116,PED-000264,2025-12-31 00:00:00,2025-12-31 00:30:00,2025-12-31 11:47:24,Telefone,Acesso,Baixa,Fechado,Carla Santos,Usuário novo não consegue acessar,1,30,11.79,3,"Ok, resolvido",Neutro
TKT-000362,CLI-00117,PED-000265,2025-12-31 00:00:00,2025-12-31 00:21:00,2025-12-31 05:53:24,Telefone,Acesso,Baixa,Fechado,Carla Santos,"Perdi a senha, suporte ajudou em minutos",1,21,5.89,4,Excelente atendimento!,Positivo
TKT-000363,CLI-00117,PED-000265,2025-12-31 00:00:00,2025-12-31 00:54:00,2025-12-31 08:30:36,Email,Cobrança,Baixa,Fechado,Fernanda Lima,Preciso de nota fiscal atualizada,0,54,8.51,4,Poderia ser mais rápido,Neutro
