id_pedido,data_pedido,id_cliente,nome_cliente,regiao,canal_venda,categoria_produto,produto,quantidade,valor_unitario,valor_total,custo_frete,status_pedido,dias_entrega,nota_nps,motivo_cancelamento
10000,2025-05-02,114,Cliente 114,Sul,marketplace,Casa,Vaso Decorativo,5,912.05,4560.25,68.73,entregue,11,1.0,
10001,2025-05-07,442,Cliente 442,Nordeste,marketplace,Casa,Lâmpada Smart,4,544.37,2177.49,33.28,devolvido,1,9.0,
10002,2025-07-11,142,Cliente 142,Nordeste,marketplace,Eletrônico,Fone Bluetooth,1,1695.93,1695.93,36.59,cancelado,11,1.0,Preço Alto
10003,2025-07-19,248,Cliente 248,Centro-Oeste,marketplace,Eletrônico,Smartphone X,2,1227.33,2454.67,80.65,entregue,6,8.0,
10004,2025-11-21,230,Cliente 230,Sudeste,e-commerce,Casa,Jogo de Lençol,3,541.28,1623.85,88.85,entregue,15,1.0,
10006,2025-11-09,485,Cliente 485,Sudeste,e-commerce,Casa,Vaso Decorativo,1,895.94,895.94,70.72,entregue,12,3.0,
10007,2025-06-28,178,Cliente 178,Nordeste,loja física,eletronicos,Tablet Z,1,395.22,395.22,22.67,entregue,1,8.0,
10008,2025-01-05,253,Cliente 253,Sul,e-commerce,Moda,Casaco Inverno,1,619.24,619.24,59.55,entregue,4,7.0,
10009,2025-10-11,454,Cliente 454,Centro-Oeste,e-commerce,Eletrônico,Tablet Z,1,1746.15,1746.15,18.13,entregue,6,8.0,
10010,2025-04-03,158,Cliente 158,Sul,e-commerce,Moda,Camiseta Algodão,1,240.12,240.12,92.29,entregue,10,9.0,
10012,2025-02-04,234,Cliente 234,Sul,marketplace,Casa,Cafeteira,4,1361.59,5446.37,46.57,entregue,12,,
10013,2025-12-31,330,Cliente 330,Sudeste,e-commerce,Casa,Cafeteira,3,1015.85,3047.55,47.95,cancelado,8,9.0,Atraso na Entrega
10014,2025-02-13,162,Cliente 162,Norte,loja física,Casa,Cafeteira,3,1109.73,3329.19,28.97,entregue,10,7.0,
10016,2025-03-04,462,Cliente 462,Norte,e-commerce,eletronicos,Smartphone X,4,989.06,3956.24,44.7,entregue,11,5.0,
10017,2025-01-19,367,Cliente 367,Norte,loja física,Casa,Cafeteira,1,323.06,323.06,29.8,entregue,10,10.0,
10018,2025-10-04,423,Cliente 423,Centro-Oeste,marketplace,Casa,Lâmpada Smart,3,273.7,821.09,58.4,entregue,6,10.0,
10020,2025-11-17,383,Cliente 383,Sudeste,loja física,Casa,Vaso Decorativo,3,1627.76,4883.29,36.11,entregue,7,9.0,
10021,2025-01-28,185,Cliente 185,Norte,e-commerce,eletronicos,Laptop Pro,5,1384.37,6921.85,20.36,cancelado,13,1.0,Atraso na Entrega
10022,2025-03-09,181,Cliente 181,Centro-Oeste,e-commerce,Moda,Camiseta Algodão,2,249.98,499.95,50.95,devolvido,14,1.0,
10023,2025-04-15,265,Cliente 265,Sudeste,marketplace,Moda,Casaco Inverno,4,641.72,2566.87,12.31,entregue,15,1.0,
10024,2025-01-13,252,Cliente 252,Sul,e-commerce,Eletrônicos,Smartphone X,2,1080.22,2160.44,64.25,entregue,9,7.0,
10025,2025-01-03,147,Cliente 147,Nordeste,loja física,eletronicos,Fone Bluetooth,5,1472.84,7364.21,13.92,cancelado,5,9.0,Atraso na Entrega
10026,2025-12-14,416,Cliente 416,Nordeste,e-commerce,Casa,Jogo de Lençol,2,1985.51,3971.02,63.88,devolvido,1,9.0,
10027,2025-01-27,425,Cliente 425,Sul,e-commerce,Moda,Tênis Runner,4,1913.93,7655.72,65.72,entregue,6,9.0,
10031,2025-03-24,134,Cliente 134,Nordeste,loja física,Moda,Casaco Inverno,1,329.86,329.86,35.32,entregue,8,8.0,
10032,2025-09-08,275,Cliente 275,Sul,marketplace,Eletrônico,Tablet Z,2,202.24,404.47,33.45,entregue,15,2.0,
10033,2025-10-28,432,Cliente 432,Sudeste,marketplace,Moda,Calça Jeans,5,1308.05,6540.23,75.86,entregue,14,4.0,
10034,2025-08-24,307,Cliente 307,Sul,loja física,Moda,Camiseta Algodão,4,1903.6,7614.38,84.81,entregue,10,9.0,
10035,2025-12-23,354,Cliente 354,Sudeste,loja física,eletronicos,Laptop Pro,1,1058.2,1058.2,65.89,entregue,10,10.0,
10036,2025-03-27,150,Cliente 150,Sul,loja física,eletronicos,Smartphone X,2,143.19,286.37,23.5,entregue,9,10.0,
10037,2025-04-15,215,Cliente 215,Norte,loja física,Eletrônico,Tablet Z,4,857.1,3428.38,82.62,entregue,14,1.0,
10038,2025-05-08,498,Cliente 498,Norte,marketplace,Moda,Calça Jeans,2,1952.4,3904.8,96.33,cancelado,10,10.0,Erro no Endereço
10039,2025-09-21,212,Cliente 212,Centro-Oeste,marketplace,Eletrônicos,Tablet Z,5,612.32,3061.58,30.46,entregue,9,10.0,
10040,2025-12-20,357,Cliente 357,Sul,e-commerce,eletronicos,Laptop Pro,5,752.34,3761.68,18.69,entregue,13,4.0,
10041,2025-05-31,196,Cliente 196,Centro-Oeste,e-commerce,Eletrônico,Smartphone X,4,405.23,1620.92,81.97,entregue,12,5.0,
10042,2025-07-31,484,Cliente 484,Norte,e-commerce,Casa,Cafeteira,1,460.19,460.19,44.45,entregue,7,7.0,
10044,2025-10-23,175,Cliente 175,Sudeste,e-commerce,Moda,Casaco Inverno,5,1485.03,7425.13,47.15,entregue,3,7.0,
10045,2025-03-14,350,Cliente 350,Nordeste,e-commerce,Moda,Calça Jeans,1,955.4,955.4,44.52,entregue,6,10.0,
10046,2025-01-15,308,Cliente 308,Sul,loja física,eletronicos,Laptop Pro,2,1766.18,3532.37,21.88,entregue,8,10.0,
10047,2025-02-23,335,Cliente 335,Sul,loja física,Moda,Camiseta Algodão,3,1310.33,3931.0,30.24,entregue,1,8.0,
10048,2025-01-12,257,Cliente 257,Sul,marketplace,Casa,Jogo de Lençol,5,963.64,4818.21,70.54,devolvido,4,10.0,
10049,2025-01-07,314,Cliente 314,Sul,e-commerce,Eletrônicos,Laptop Pro,5,1196.39,5981.94,26.36,entregue,3,10.0,
10051,2025-02-01,328,Cliente 328,Sudeste,e-commerce,Casa,Jogo de Lençol,3,820.28,2460.85,59.82,entregue,10,9.0,
10052,2025-10-25,127,Cliente 127,Norte,marketplace,Casa,Lâmpada Smart,4,92.03,368.13,35.18,cancelado,7,10.0,Preço Alto
10053,2025-12-15,367,Cliente 367,Centro-Oeste,e-commerce,Eletrônicos,Smartphone X,2,807.69,1615.37,74.23,entregue,8,7.0,
10054,2025-04-01,315,Cliente 315,Norte,loja física,Casa,Vaso Decorativo,1,66.26,66.26,35.92,entregue,5,8.0,
10055,2025-01-12,343,Cliente 343,Sudeste,loja física,Moda,Calça Jeans,4,246.15,984.61,34.89,entregue,6,8.0,
10056,2025-05-07,190,Cliente 190,Sudeste,e-commerce,Casa,Jogo de Lençol,5,1658.82,8294.12,61.27,entregue,2,9.0,
10057,2025-06-26,200,Cliente 200,Sudeste,loja física,Moda,Calça Jeans,2,506.81,1013.62,43.59,entregue,4,10.0,
10058,2025-11-13,426,Cliente 426,Sul,loja física,Moda,Camiseta Algodão,2,1156.43,2312.86,43.8,entregue,2,8.0,
10059,2025-02-16,106,Cliente 106,Norte,marketplace,Moda,Camiseta Algodão,5,714.78,3573.92,47.11,cancelado,14,2.0,Arrependimento
10060,2025-06-05,421,Cliente 421,Nordeste,loja física,eletronicos,Fone Bluetooth,2,558.1,1116.2,21.62,entregue,9,7.0,
10061,2025-06-04,490,Cliente 490,Nordeste,marketplace,Casa,Jogo de Lençol,3,1458.6,4375.79,68.46,entregue,4,8.0,
10062,2025-03-31,351,Cliente 351,Nordeste,marketplace,Casa,Vaso Decorativo,3,1354.57,4063.7,93.7,entregue,12,3.0,
10063,2025-10-02,300,Cliente 300,Sudeste,marketplace,eletronicos,Tablet Z,5,488.9,2444.52,93.6,cancelado,6,7.0,Preço Alto
10064,2025-10-11,265,Cliente 265,Norte,marketplace,Casa,Jogo de Lençol,1,953.98,953.98,70.33,devolvido,10,10.0,
10065,2025-11-13,116,Cliente 116,Norte,marketplace,Moda,Tênis Runner,4,592.28,2369.13,19.56,cancelado,13,1.0,Arrependimento
10066,2025-10-05,367,Cliente 367,Sul,marketplace,Eletrônicos,Fone Bluetooth,3,1871.46,5614.37,55.03,cancelado,9,,Preço Alto
10067,2025-02-01,183,Cliente 183,Sul,marketplace,Moda,Calça Jeans,1,94.29,94.29,81.0,cancelado,8,7.0,Preço Alto
10068,2025-04-13,103,Cliente 103,Centro-Oeste,loja física,Moda,Calça Jeans,3,1357.46,4072.39,80.16,entregue,8,,
10069,2025-05-22,135,Cliente 135,Sul,marketplace,Casa,Cafeteira,2,473.9,947.8,19.57,cancelado,1,10.0,Arrependimento
10070,2025-05-20,327,Cliente 327,Sudeste,marketplace,Moda,Camiseta Algodão,4,1382.41,5529.64,81.27,entregue,12,1.0,
10071,2025-03-07,159,Cliente 159,Nordeste,e-commerce,Eletrônicos,Fone Bluetooth,2,1751.41,3502.82,35.76,entregue,6,10.0,
10072,2025-06-27,334,Cliente 334,Centro-Oeste,loja física,Casa,Vaso Decorativo,3,1309.88,3929.65,43.0,entregue,10,10.0,
10073,2025-11-05,248,Cliente 248,Nordeste,marketplace,Moda,Tênis Runner,3,1652.91,4958.73,39.37,cancelado,9,10.0,Preço Alto
10074,2025-10-10,429,Cliente 429,Norte,marketplace,Casa,Lâmpada Smart,4,1022.68,4090.74,10.21,cancelado,4,7.0,Erro no Endereço
10075,2025-10-28,338,Cliente 338,Centro-Oeste,marketplace,eletronicos,Smartphone X,5,1930.79,9653.95,65.19,cancelado,13,1.0,Erro no Endereço
10076,2025-06-03,463,Cliente 463,Sudeste,loja física,Moda,Casaco Inverno,2,783.75,1567.5,25.57,entregue,9,10.0,
10077,2025-11-23,130,Cliente 130,Norte,marketplace,Moda,Casaco Inverno,1,665.22,665.22,40.15,cancelado,6,7.0,Arrependimento
10078,2025-04-26,451,Cliente 451,Sudeste,loja física,Moda,Calça Jeans,1,1992.37,1992.37,58.17,entregue,13,4.0,
10079,2025-04-21,476,Cliente 476,Centro-Oeste,marketplace,Eletrônicos,Tablet Z,5,93.15,465.77,93.14,entregue,12,2.0,
10080,2025-10-05,244,Cliente 244,Sudeste,loja física,Eletrônicos,Fone Bluetooth,5,1731.24,8656.18,72.16,entregue,4,10.0,
10081,2025-02-21,430,Cliente 430,Norte,marketplace,Eletrônicos,Laptop Pro,5,334.61,1673.04,54.08,cancelado,14,5.0,Atraso na Entrega
10082,2025-03-13,307,Cliente 307,Nordeste,e-commerce,Moda,Casaco Inverno,3,183.3,549.89,97.73,entregue,3,8.0,
10083,2025-01-14,471,Cliente 471,Centro-Oeste,marketplace,Moda,Tênis Runner,1,1878.14,1878.14,66.24,cancelado,15,2.0,Arrependimento
10085,2025-02-13,359,Cliente 359,Sul,loja física,Casa,Cafeteira,4,1362.94,5451.75,46.54,entregue,11,3.0,
10086,2025-07-30,139,Cliente 139,Nordeste,marketplace,Moda,Casaco Inverno,2,1939.27,3878.54,95.12,cancelado,9,9.0,Atraso na Entrega
10087,2025-04-10,228,Cliente 228,Sul,loja física,eletronicos,Laptop Pro,1,259.77,259.77,23.41,entregue,8,7.0,
10088,2025-03-22,484,Cliente 484,Norte,e-commerce,Moda,Tênis Runner,5,80.28,401.38,31.76,entregue,13,5.0,
10089,2025-10-16,370,Cliente 370,Centro-Oeste,marketplace,Eletrônicos,Fone Bluetooth,5,1291.47,6457.33,76.53,entregue,8,9.0,
10090,2025-02-01,318,Cliente 318,Sul,marketplace,Eletrônicos,Fone Bluetooth,4,834.41,3337.63,64.62,entregue,1,7.0,
10091,2025-06-04,387,Cliente 387,Nordeste,loja física,Moda,Tênis Runner,5,1966.0,9830.02,62.96,entregue,15,3.0,
10092,2025-12-14,338,Cliente 338,Sul,loja física,Casa,Jogo de Lençol,4,613.24,2452.97,35.46,entregue,8,8.0,
10093,2025-02-22,106,Cliente 106,Sul,loja física,Casa,Vaso Decorativo,4,335.2,1340.81,17.74,entregue,13,1.0,
10094,2025-06-30,292,Cliente 292,Centro-Oeste,marketplace,eletronicos,Tablet Z,5,1307.94,6539.69,80.77,entregue,13,4.0,
10095,2025-02-25,281,Cliente 281,Sudeste,e-commerce,Casa,Jogo de Lençol,2,1785.48,3570.97,31.44,entregue,6,7.0,
10097,2025-11-14,408,Cliente 408,Sul,marketplace,Casa,Jogo de Lençol,5,188.51,942.55,12.52,cancelado,13,2.0,Erro no Endereço
10098,2025-03-09,213,Cliente 213,Sul,e-commerce,Moda,Casaco Inverno,1,909.56,909.56,37.03,entregue,14,3.0,
10099,2025-10-22,377,Cliente 377,Centro-Oeste,loja física,Moda,Casaco Inverno,2,1090.52,2181.04,73.55,entregue,11,4.0,
10100,2025-10-27,152,Cliente 152,Centro-Oeste,marketplace,Casa,Jogo de Lençol,2,112.02,224.04,38.59,entregue,15,,
10104,2025-01-05,266,Cliente 266,Nordeste,loja física,Moda,Camiseta Algodão,5,1292.08,6460.39,99.31,entregue,5,9.0,
10105,2025-10-30,411,Cliente 411,Norte,loja física,Casa,Jogo de Lençol,1,721.19,721.19,90.78,entregue,1,7.0,
10107,2025-08-02,111,Cliente 111,Nordeste,e-commerce,Moda,Casaco Inverno,2,1499.41,2998.83,31.24,entregue,9,7.0,
10108,2025-07-09,412,Cliente 412,Nordeste,marketplace,Casa,Jogo de Lençol,4,693.13,2772.5,72.07,entregue,3,10.0,
10109,2025-03-18,350,Cliente 350,Centro-Oeste,loja física,Eletrônico,Smartphone X,1,619.28,619.28,52.96,entregue,13,3.0,
10110,2025-10-25,125,Cliente 125,Nordeste,loja física,Moda,Calça Jeans,5,75.99,379.96,75.15,entregue,12,4.0,
10111,2025-12-17,466,Cliente 466,Nordeste,e-commerce,Casa,Cafeteira,5,1295.85,6479.26,46.26,entregue,13,3.0,
10112,2025-09-24,266,Cliente 266,Norte,marketplace,Casa,Cafeteira,1,1906.39,1906.39,92.75,entregue,2,8.0,
10113,2025-12-28,379,Cliente 379,Centro-Oeste,marketplace,Eletrônico,Fone Bluetooth,3,187.02,561.05,21.1,cancelado,8,10.0,Arrependimento
10114,2025-11-10,255,Cliente 255,Norte,loja física,Eletrônico,Fone Bluetooth,3,243.22,729.66,36.95,entregue,14,,
10115,2025-12-26,336,Cliente 336,Nordeste,e-commerce,Eletrônico,Tablet Z,5,1779.1,8895.52,33.55,entregue,13,1.0,
10117,2025-11-18,460,Cliente 460,Norte,marketplace,Casa,Vaso Decorativo,4,1355.65,5422.58,63.54,entregue,7,10.0,
10118,2025-09-27,145,Cliente 145,Centro-Oeste,marketplace,Eletrônicos,Tablet Z,1,1054.43,1054.43,56.72,entregue,12,2.0,
10119,2025-01-23,206,Cliente 206,Sul,loja física,Eletrônico,Fone Bluetooth,4,101.92,407.68,51.15,entregue,3,7.0,
10120,2025-02-19,361,Cliente 361,Sul,e-commerce,Moda,Tênis Runner,2,999.73,1999.46,19.79,entregue,5,9.0,
10122,2025-11-23,362,Cliente 362,Nordeste,e-commerce,Casa,Jogo de Lençol,5,1619.07,8095.35,33.18,entregue,14,,
10125,2025-06-24,230,Cliente 230,Norte,loja física,eletronicos,Smartphone X,3,1936.49,5809.47,62.04,entregue,8,7.0,
10126,2025-04-13,304,Cliente 304,Centro-Oeste,loja física,Eletrônicos,Tablet Z,1,625.03,625.03,70.08,entregue,9,8.0,
10127,2025-04-07,444,Cliente 444,Sul,loja física,Moda,Calça Jeans,1,963.97,963.97,88.52,entregue,9,8.0,
10128,2025-02-27,413,Cliente 413,Nordeste,marketplace,Moda,Calça Jeans,1,1567.59,1567.59,49.88,cancelado,10,7.0,Atraso na Entrega
10130,2025-04-14,236,Cliente 236,Norte,loja física,Moda,Camiseta Algodão,3,1898.88,5696.65,13.35,entregue,9,7.0,
10131,2025-04-30,230,Cliente 230,Norte,marketplace,Moda,Calça Jeans,1,1005.31,1005.31,86.91,entregue,8,9.0,
10132,2025-01-13,334,Cliente 334,Norte,e-commerce,eletronicos,Smartphone X,5,127.3,636.48,17.67,entregue,13,1.0,
10133,2025-05-18,303,Cliente 303,Centro-Oeste,loja física,Moda,Calça Jeans,5,869.21,4346.06,99.03,cancelado,9,7.0,Arrependimento
10134,2025-09-30,463,Cliente 463,Norte,loja física,Moda,Casaco Inverno,1,1741.88,1741.88,61.49,entregue,10,,
10135,2025-06-10,483,Cliente 483,Centro-Oeste,e-commerce,Moda,Tênis Runner,1,774.26,774.26,78.25,entregue,11,2.0,
10136,2025-05-25,113,Cliente 113,Norte,e-commerce,Casa,Jogo de Lençol,4,1885.89,7543.55,97.41,entregue,5,9.0,
10137,2025-12-21,285,Cliente 285,Nordeste,marketplace,Casa,Lâmpada Smart,2,670.58,1341.15,90.19,entregue,4,,
10138,2025-12-03,293,Cliente 293,Nordeste,e-commerce,Casa,Cafeteira,4,856.57,3426.28,54.2,entregue,6,8.0,
10139,2025-03-11,218,Cliente 218,Norte,loja física,Casa,Cafeteira,2,815.81,1631.63,97.82,entregue,13,5.0,
10140,2025-12-05,319,Cliente 319,Nordeste,marketplace,Moda,Casaco Inverno,5,1588.85,7944.25,94.53,entregue,6,10.0,
10141,2025-01-21,290,Cliente 290,Sudeste,loja física,Eletrônico,Smartphone X,5,1489.99,7449.96,46.14,entregue,4,7.0,
10142,2025-03-29,479,Cliente 479,Sul,e-commerce,Moda,Camiseta Algodão,4,244.3,977.18,16.12,cancelado,9,8.0,Erro no Endereço
10143,2025-12-19,144,Cliente 144,Norte,e-commerce,Moda,Camiseta Algodão,5,343.25,1716.24,93.67,entregue,11,2.0,
10144,2025-02-09,353,Cliente 353,Sudeste,e-commerce,eletronicos,Laptop Pro,4,1451.42,5805.69,11.01,devolvido,1,9.0,
10145,2025-01-26,176,Cliente 176,Nordeste,e-commerce,Moda,Calça Jeans,2,1442.29,2884.58,90.72,entregue,1,8.0,
10148,2025-01-17,157,Cliente 157,Sul,loja física,Eletrônicos,Laptop Pro,2,1729.63,3459.26,22.39,entregue,8,9.0,
10150,2025-03-14,231,Cliente 231,Sul,loja física,Eletrônico,Laptop Pro,2,1607.89,3215.78,21.96,entregue,10,9.0,
10151,2025-02-20,378,Cliente 378,Nordeste,e-commerce,Eletrônico,Laptop Pro,1,1885.9,1885.9,31.88,entregue,14,2.0,
10152,2025-06-14,224,Cliente 224,Sul,marketplace,Moda,Tênis Runner,1,486.41,486.41,54.78,cancelado,13,5.0,Erro no Endereço
10153,2025-05-03,240,Cliente 240,Norte,loja física,eletronicos,Laptop Pro,2,425.2,850.4,97.78,entregue,5,10.0,
10155,2025-02-27,377,Cliente 377,Norte,e-commerce,Casa,Vaso Decorativo,1,1418.77,1418.77,33.26,entregue,12,5.0,
10156,2025-06-04,465,Cliente 465,Nordeste,marketplace,Eletrônico,Smartphone X,4,633.45,2533.78,59.18,cancelado,14,3.0,Erro no Endereço
10157,2025-12-17,139,Cliente 139,Sul,e-commerce,Casa,Jogo de Lençol,2,974.32,1948.64,90.26,entregue,2,7.0,
10158,2025-05-31,384,Cliente 384,Sudeste,e-commerce,Casa,Vaso Decorativo,5,557.62,2788.09,72.9,entregue,7,9.0,
10159,2025-10-10,474,Cliente 474,Norte,marketplace,Eletrônico,Fone Bluetooth,3,1084.35,3253.05,39.3,entregue,14,2.0,
10160,2025-03-09,191,Cliente 191,Sul,marketplace,Moda,Tênis Runner,3,946.71,2840.13,60.93,entregue,2,8.0,
10161,2025-12-06,281,Cliente 281,Nordeste,e-commerce,Casa,Jogo de Lençol,2,1799.43,3598.86,77.46,entregue,15,3.0,
10162,2025-01-01,162,Cliente 162,Centro-Oeste,loja física,Moda,Calça Jeans,3,85.96,257.89,59.52,entregue,2,,
10163,2025-06-16,115,Cliente 115,Sul,e-commerce,eletronicos,Fone Bluetooth,4,1390.14,5560.58,10.44,entregue,5,9.0,
10164,2025-02-06,106,Cliente 106,Norte,marketplace,Eletrônico,Tablet Z,5,1297.14,6485.72,94.32,cancelado,2,10.0,Atraso na Entrega
10165,2025-04-05,177,Cliente 177,Centro-Oeste,marketplace,Moda,Tênis Runner,2,985.2,1970.4,34.11,cancelado,1,8.0,Arrependimento
10166,2025-06-18,243,Cliente 243,Nordeste,marketplace,Eletrônico,Smartphone X,2,845.09,1690.19,19.19,entregue,5,9.0,
10167,2025-02-15,452,Cliente 452,Norte,e-commerce,Eletrônico,Fone Bluetooth,5,157.99,789.97,38.5,entregue,13,2.0,
10168,2025-10-28,402,Cliente 402,Norte,e-commerce,Eletrônico,Fone Bluetooth,5,1419.85,7099.24,67.77,entregue,10,10.0,
10170,2025-11-23,231,Cliente 231,Nordeste,marketplace,Moda,Tênis Runner,2,325.0,650.0,74.1,cancelado,14,4.0,Erro no Endereço
10171,2025-11-07,169,Cliente 169,Sudeste,loja física,Casa,Cafeteira,5,813.8,4069.02,95.76,cancelado,5,9.0,Preço Alto
10172,2025-01-05,186,Cliente 186,Centro-Oeste,e-commerce,Casa,Cafeteira,1,1604.2,1604.2,66.03,entregue,4,10.0,
10173,2025-06-20,276,Cliente 276,Sul,marketplace,Casa,Vaso Decorativo,2,1549.66,3099.32,46.28,cancelado,1,7.0,Erro no Endereço
10174,2025-12-24,365,Cliente 365,Nordeste,loja física,Eletrônico,Laptop Pro,3,833.28,2499.84,36.43,entregue,7,7.0,
10175,2025-09-29,329,Cliente 329,Centro-Oeste,e-commerce,Casa,Lâmpada Smart,2,94.77,189.55,35.22,entregue,7,10.0,
10177,2025-03-18,429,Cliente 429,Centro-Oeste,marketplace,eletronicos,Smartphone X,3,1008.65,3025.94,79.63,entregue,5,9.0,
10179,2025-03-20,125,Cliente 125,Norte,e-commerce,eletronicos,Fone Bluetooth,1,1306.78,1306.78,79.21,entregue,9,9.0,
10180,2025-05-31,149,Cliente 149,Norte,marketplace,Casa,Cafeteira,2,1023.7,2047.39,66.47,cancelado,8,7.0,Preço Alto
10181,2025-05-31,180,Cliente 180,Norte,e-commerce,Casa,Lâmpada Smart,1,748.76,748.76,78.66,devolvido,1,,
10182,2025-07-01,349,Cliente 349,Nordeste,marketplace,Casa,Cafeteira,5,508.77,2543.86,64.81,entregue,4,9.0,
10183,2025-05-02,283,Cliente 283,Sul,loja física,Eletrônicos,Tablet Z,2,325.55,651.09,15.41,entregue,10,,
10184,2025-12-07,482,Cliente 482,Sudeste,loja física,Eletrônico,Tablet Z,2,1458.52,2917.04,69.9,entregue,6,9.0,
10185,2025-06-19,422,Cliente 422,Nordeste,marketplace,Moda,Tênis Runner,4,1957.46,7829.85,31.74,entregue,13,4.0,
10186,2025-10-31,478,Cliente 478,Norte,e-commerce,Moda,Tênis Runner,1,805.29,805.29,92.16,entregue,10,9.0,
10187,2025-07-16,403,Cliente 403,Sul,loja física,Casa,Jogo de Lençol,2,313.27,626.55,88.44,entregue,15,5.0,
10188,2025-01-05,280,Cliente 280,Norte,loja física,Casa,Jogo de Lençol,4,1743.2,6972.8,79.81,entregue,15,4.0,
10189,2025-04-25,259,Cliente 259,Sudeste,e-commerce,Eletrônicos,Laptop Pro,5,430.24,2151.19,98.39,devolvido,12,1.0,
10190,2025-09-04,101,Cliente 101,Norte,marketplace,Moda,Calça Jeans,1,580.65,580.65,77.45,cancelado,2,7.0,Atraso na Entrega
10191,2025-08-10,234,Cliente 234,Sudeste,loja física,Eletrônicos,Smartphone X,4,1269.19,5076.74,48.77,entregue,11,2.0,
10192,2025-01-19,399,Cliente 399,Sul,loja física,Casa,Cafeteira,3,784.37,2353.12,98.8,entregue,3,9.0,
10193,2025-08-17,446,Cliente 446,Norte,e-commerce,Moda,Tênis Runner,2,726.33,1452.67,20.34,entregue,8,8.0,
10195,2025-11-09,450,Cliente 450,Norte,marketplace,Casa,Cafeteira,1,1788.03,1788.03,99.0,entregue,9,7.0,
10196,2025-12-20,252,Cliente 252,Sudeste,loja física,eletronicos,Smartphone X,1,1102.9,1102.9,35.25,entregue,7,7.0,
10197,2025-01-21,154,Cliente 154,Sudeste,loja física,Casa,Lâmpada Smart,5,409.11,2045.55,39.93,entregue,10,10.0,
10198,2025-05-15,222,Cliente 222,Sudeste,e-commerce,eletronicos,Smartphone X,5,350.8,1753.99,68.45,entregue,3,7.0,
10200,2025-10-31,326,Cliente 326,Centro-Oeste,loja física,Eletrônicos,Tablet Z,1,423.6,423.6,60.77,entregue,6,10.0,
10202,2025-08-17,103,Cliente 103,Centro-Oeste,marketplace,eletronicos,Laptop Pro,1,65.91,65.91,21.76,entregue,15,5.0,
10203,2025-05-24,480,Cliente 480,Norte,loja física,Eletrônicos,Fone Bluetooth,4,1025.73,4102.91,41.52,entregue,11,3.0,
10204,2025-06-01,131,Cliente 131,Norte,e-commerce,Eletrônico,Fone Bluetooth,1,1462.51,1462.51,64.47,cancelado,10,9.0,Preço Alto
10206,2025-01-27,231,Cliente 231,Norte,loja física,Moda,Camiseta Algodão,1,206.59,206.59,31.88,entregue,6,,
10207,2025-03-09,450,Cliente 450,Nordeste,e-commerce,Casa,Jogo de Lençol,5,1819.92,9099.6,20.14,entregue,5,8.0,
10208,2025-04-06,470,Cliente 470,Sul,e-commerce,Eletrônicos,Tablet Z,1,290.2,290.2,13.9,entregue,4,10.0,
10209,2025-02-25,489,Cliente 489,Sul,loja física,Casa,Vaso Decorativo,4,1382.01,5528.02,28.58,cancelado,2,8.0,Atraso na Entrega
10210,2025-11-09,134,Cliente 134,Nordeste,marketplace,Moda,Camiseta Algodão,3,542.31,1626.94,80.12,entregue,8,8.0,
10211,2025-03-26,170,Cliente 170,Norte,marketplace,Moda,Calça Jeans,3,529.32,1587.96,82.33,cancelado,13,2.0,Arrependimento
10212,2025-08-22,177,Cliente 177,Centro-Oeste,marketplace,Casa,Jogo de Lençol,1,1190.16,1190.16,74.24,cancelado,14,5.0,Preço Alto
10213,2025-01-02,301,Cliente 301,Centro-Oeste,e-commerce,Moda,Camiseta Algodão,2,1201.51,2403.03,84.27,entregue,15,3.0,
10214,2025-06-13,364,Cliente 364,Sul,loja física,Moda,Casaco Inverno,5,451.58,2257.92,55.16,entregue,10,8.0,
10215,2025-02-27,380,Cliente 380,Sudeste,loja física,Casa,Lâmpada Smart,3,1082.46,3247.39,74.15,entregue,14,3.0,
10216,2025-01-17,419,Cliente 419,Centro-Oeste,e-commerce,Casa,Vaso Decorativo,3,1259.49,3778.46,48.01,entregue,11,2.0,
10217,2025-12-21,439,Cliente 439,Norte,loja física,Casa,Cafeteira,5,1644.68,8223.38,94.67,entregue,4,7.0,
10218,2025-06-13,482,Cliente 482,Nordeste,marketplace,Casa,Cafeteira,3,788.88,2366.64,83.38,cancelado,10,10.0,Arrependimento
10220,2025-12-22,442,Cliente 442,Nordeste,loja física,Moda,Casaco Inverno,2,590.96,1181.92,27.91,entregue,14,5.0,
10221,2025-10-18,227,Cliente 227,Sul,loja física,Moda,Calça Jeans,1,1233.81,1233.81,91.7,devolvido,5,9.0,
10222,2025-03-05,316,Cliente 316,Norte,loja física,Casa,Vaso Decorativo,1,972.51,972.51,71.34,entregue,14,3.0,
10223,2025-12-22,435,Cliente 435,Nordeste,e-commerce,Eletrônico,Fone Bluetooth,2,1462.79,2925.59,20.92,entregue,5,7.0,
10224,2025-10-21,193,Cliente 193,Sudeste,e-commerce,Casa,Vaso Decorativo,3,575.55,1726.64,89.0,cancelado,12,1.0,Preço Alto
10225,2025-01-16,238,Cliente 238,Norte,loja física,Eletrônico,Tablet Z,4,1913.77,7655.09,37.88,entregue,14,5.0,
10226,2025-06-06,194,Cliente 194,Centro-Oeste,loja física,Casa,Lâmpada Smart,2,1214.15,2428.3,70.3,cancelado,12,2.0,Atraso na Entrega
10227,2025-10-06,141,Cliente 141,Centro-Oeste,e-commerce,Casa,Lâmpada Smart,3,618.82,1856.47,97.07,entregue,14,5.0,
10228,2025-12-03,258,Cliente 258,Sul,e-commerce,Moda,Casaco Inverno,4,1627.14,6508.55,82.62,entregue,2,8.0,
10229,2025-08-29,286,Cliente 286,Norte,loja física,Casa,Vaso Decorativo,5,67.41,337.05,44.84,entregue,7,9.0,
10230,2025-06-21,435,Cliente 435,Norte,marketplace,Moda,Casaco Inverno,4,489.49,1957.97,33.72,cancelado,15,4.0,Atraso na Entrega
10232,2025-11-24,212,Cliente 212,Norte,marketplace,Moda,Tênis Runner,3,1784.63,5353.89,72.2,entregue,13,5.0,
10233,2025-04-13,180,Cliente 180,Sudeste,loja física,Casa,Cafeteira,4,1329.07,5316.29,14.54,entregue,5,7.0,
10234,2025-05-31,467,Cliente 467,Nordeste,loja física,Casa,Cafeteira,3,1610.82,4832.46,88.54,entregue,2,7.0,
10235,2025-03-13,124,Cliente 124,Norte,e-commerce,Eletrônicos,Tablet Z,4,1802.18,7208.73,49.65,entregue,13,3.0,
10236,2025-04-29,151,Cliente 151,Sul,loja física,Moda,Calça Jeans,5,1545.49,7727.43,49.88,entregue,10,10.0,
10237,2025-08-29,217,Cliente 217,Nordeste,loja física,Casa,Lâmpada Smart,5,1087.25,5436.23,46.37,entregue,12,3.0,
10238,2025-04-07,316,Cliente 316,Norte,marketplace,Moda,Calça Jeans,5,1332.72,6663.6,61.81,entregue,2,8.0,
10239,2025-05-28,275,Cliente 275,Sudeste,e-commerce,Moda,Casaco Inverno,1,104.67,104.67,51.29,devolvido,11,2.0,
10240,2025-03-07,285,Cliente 285,Centro-Oeste,loja física,Moda,Camiseta Algodão,1,717.94,717.94,90.97,entregue,9,8.0,
10241,2025-02-21,419,Cliente 419,Norte,loja física,Eletrônico,Fone Bluetooth,1,139.76,139.76,70.86,entregue,7,7.0,
10242,2025-04-08,109,Cliente 109,Sul,e-commerce,eletronicos,Fone Bluetooth,5,1263.05,6315.24,31.08,entregue,1,9.0,
10243,2025-10-04,289,Cliente 289,Norte,e-commerce,Moda,Casaco Inverno,1,1765.23,1765.23,87.06,cancelado,2,7.0,Arrependimento
10244,2025-02-13,379,Cliente 379,Centro-Oeste,marketplace,Moda,Tênis Runner,5,1407.16,7035.8,76.54,cancelado,12,1.0,Arrependimento
10245,2025-12-09,364,Cliente 364,Nordeste,e-commerce,Moda,Tênis Runner,4,545.9,2183.61,73.27,entregue,3,7.0,
10246,2025-07-27,122,Cliente 122,Centro-Oeste,loja física,Moda,Camiseta Algodão,5,224.99,1124.94,63.9,entregue,4,,
10247,2025-06-15,255,Cliente 255,Centro-Oeste,e-commerce,Eletrônico,Tablet Z,5,1893.94,9469.68,68.4,entregue,10,7.0,
10248,2025-11-06,330,Cliente 330,Nordeste,e-commerce,Eletrônicos,Smartphone X,3,90.42,271.25,47.06,entregue,11,4.0,
10249,2025-06-07,471,Cliente 471,Nordeste,loja física,Eletrônicos,Smartphone X,2,303.49,606.98,39.92,entregue,5,10.0,
10250,2025-10-22,187,Cliente 187,Nordeste,e-commerce,Eletrônicos,Smartphone X,1,1017.19,1017.19,50.7,entregue,13,2.0,
10251,2025-07-27,426,Cliente 426,Norte,marketplace,Eletrônicos,Tablet Z,3,313.77,941.32,95.85,entregue,10,8.0,
10252,2025-03-17,139,Cliente 139,Sul,e-commerce,Moda,Tênis Runner,2,637.62,1275.24,11.18,entregue,1,10.0,
10253,2025-05-06,354,Cliente 354,Norte,loja física,Eletrônicos,Smartphone X,5,535.46,2677.28,96.81,entregue,9,8.0,
10254,2025-06-28,398,Cliente 398,Sudeste,e-commerce,Casa,Vaso Decorativo,4,529.64,2118.56,70.86,entregue,9,8.0,
10255,2025-03-29,118,Cliente 118,Norte,e-commerce,Casa,Jogo de Lençol,1,1320.69,1320.69,92.41,entregue,9,10.0,
10256,2025-10-22,162,Cliente 162,Sul,e-commerce,Casa,Cafeteira,3,327.28,981.84,29.07,entregue,5,8.0,
10257,2025-02-18,272,Cliente 272,Sul,marketplace,Moda,Casaco Inverno,2,985.88,1971.76,33.02,cancelado,6,8.0,Preço Alto
10258,2025-02-07,175,Cliente 175,Centro-Oeste,e-commerce,Moda,Tênis Runner,3,1891.09,5673.26,82.45,cancelado,3,8.0,Arrependimento
10259,2025-03-14,400,Cliente 400,Sudeste,loja física,Casa,Jogo de Lençol,1,658.05,658.05,37.07,entregue,13,2.0,
10260,2025-06-04,451,Cliente 451,Nordeste,marketplace,Eletrônico,Fone Bluetooth,3,204.66,613.99,24.88,cancelado,1,9.0,Erro no Endereço
10261,2025-09-01,189,Cliente 189,Sudeste,loja física,Moda,Camiseta Algodão,2,157.4,314.79,85.04,entregue,6,9.0,
10262,2025-01-11,367,Cliente 367,Sul,e-commerce,Casa,Cafeteira,2,1494.46,2988.92,29.76,entregue,6,7.0,
10263,2025-01-24,432,Cliente 432,Nordeste,loja física,Moda,Calça Jeans,1,1017.66,1017.66,14.31,entregue,12,4.0,
10265,2025-09-19,294,Cliente 294,Norte,e-commerce,Moda,Casaco Inverno,3,622.42,1867.27,12.6,entregue,1,8.0,
10266,2025-01-14,178,Cliente 178,Sul,e-commerce,Eletrônicos,Laptop Pro,1,1747.76,1747.76,95.74,devolvido,2,10.0,
10268,2025-10-31,455,Cliente 455,Norte,loja física,Casa,Jogo de Lençol,1,1118.07,1118.07,14.34,entregue,6,9.0,
10269,2025-05-13,357,Cliente 357,Sudeste,e-commerce,Eletrônicos,Laptop Pro,2,630.78,1261.57,27.09,entregue,7,8.0,
10270,2025-04-27,426,Cliente 426,Norte,e-commerce,Eletrônico,Fone Bluetooth,2,622.72,1245.44,80.47,entregue,6,8.0,
10271,2025-12-08,231,Cliente 231,Norte,loja física,Eletrônico,Tablet Z,2,1625.36,3250.72,32.32,entregue,13,2.0,
10273,2025-01-27,275,Cliente 275,Centro-Oeste,e-commerce,Moda,Casaco Inverno,1,467.0,467.0,70.18,entregue,1,,
10274,2025-03-10,487,Cliente 487,Sudeste,e-commerce,Moda,Calça Jeans,1,1830.71,1830.71,39.73,cancelado,7,10.0,Atraso na Entrega
10275,2025-03-28,107,Cliente 107,Sudeste,e-commerce,Eletrônicos,Laptop Pro,2,1643.75,3287.49,89.37,entregue,15,1.0,
10277,2025-12-20,317,Cliente 317,Nordeste,loja física,Moda,Casaco Inverno,5,1435.86,7179.3,64.45,entregue,1,10.0,
10278,2025-07-13,425,Cliente 425,Sudeste,loja física,eletronicos,Tablet Z,2,1575.0,3149.99,51.06,entregue,9,9.0,
10279,2025-12-19,396,Cliente 396,Nordeste,e-commerce,Eletrônicos,Tablet Z,5,358.19,1790.93,72.3,entregue,10,9.0,
10280,2025-10-02,330,Cliente 330,Sul,loja física,Eletrônico,Tablet Z,1,1186.95,1186.95,53.33,entregue,9,10.0,
10281,2025-04-03,287,Cliente 287,Nordeste,loja física,Moda,Calça Jeans,4,1661.48,6645.9,50.1,entregue,11,3.0,
10282,2025-08-22,300,Cliente 300,Norte,loja física,eletronicos,Tablet Z,2,79.21,158.43,74.57,entregue,4,10.0,
10283,2025-09-01,310,Cliente 310,Nordeste,marketplace,Moda,Camiseta Algodão,2,1643.52,3287.04,95.97,cancelado,14,4.0,Arrependimento
10284,2025-10-09,317,Cliente 317,Norte,marketplace,Eletrônicos,Smartphone X,3,1537.37,4612.1,84.5,cancelado,2,10.0,Arrependimento
10285,2025-12-17,362,Cliente 362,Sul,loja física,Eletrônico,Fone Bluetooth,4,1408.25,5632.99,81.78,entregue,3,9.0,
10286,2025-02-21,260,Cliente 260,Sul,loja física,Eletrônicos,Smartphone X,4,1200.57,4802.3,86.62,entregue,11,3.0,
10288,2025-12-06,308,Cliente 308,Centro-Oeste,marketplace,Moda,Calça Jeans,4,897.75,3590.98,34.28,entregue,1,7.0,
10289,2025-08-20,399,Cliente 399,Norte,e-commerce,Moda,Camiseta Algodão,4,1424.64,5698.58,19.09,entregue,13,1.0,
10290,2025-12-17,497,Cliente 497,Sudeste,marketplace,eletronicos,Laptop Pro,3,1489.61,4468.82,93.21,entregue,3,,
10291,2025-06-21,357,Cliente 357,Sul,loja física,Moda,Tênis Runner,3,1046.66,3139.97,24.15,entregue,14,5.0,
10292,2025-05-25,227,Cliente 227,Centro-Oeste,marketplace,Casa,Jogo de Lençol,1,529.89,529.89,66.81,entregue,2,9.0,
10293,2025-04-01,221,Cliente 221,Norte,marketplace,Casa,Jogo de Lençol,5,1783.17,8915.83,90.31,entregue,8,7.0,
10295,2025-07-11,288,Cliente 288,Sudeste,e-commerce,Casa,Cafeteira,5,1752.89,8764.45,79.18,entregue,8,9.0,
10296,2025-04-17,417,Cliente 417,Norte,marketplace,Casa,Lâmpada Smart,3,1672.06,5016.19,58.69,entregue,3,7.0,
10297,2025-04-30,125,Cliente 125,Norte,loja física,Eletrônicos,Laptop Pro,5,272.32,1361.61,60.37,entregue,2,8.0,
10299,2025-06-28,483,Cliente 483,Sul,loja física,eletronicos,Smartphone X,1,1014.01,1014.01,55.64,entregue,3,8.0,
10301,2025-02-23,287,Cliente 287,Centro-Oeste,marketplace,Casa,Cafeteira,2,1382.5,2765.0,79.2,entregue,13,,
10302,2025-04-12,409,Cliente 409,Norte,loja física,eletronicos,Fone Bluetooth,1,615.85,615.85,57.28,entregue,9,10.0,
10303,2025-08-26,164,Cliente 164,Sudeste,e-commerce,Casa,Cafeteira,2,1297.9,2595.8,74.33,cancelado,13,3.0,Atraso na Entrega
10304,2025-12-26,222,Cliente 222,Sul,e-commerce,Eletrônico,Fone Bluetooth,2,524.96,1049.91,68.71,entregue,2,8.0,
10306,2025-11-19,334,Cliente 334,Sul,marketplace,eletronicos,Laptop Pro,3,1792.17,5376.52,60.55,cancelado,15,4.0,Preço Alto
10307,2025-12-07,267,Cliente 267,Sudeste,loja física,Moda,Tênis Runner,5,1293.4,6467.0,67.63,entregue,3,,
10308,2025-04-01,403,Cliente 403,Sudeste,e-commerce,eletronicos,Fone Bluetooth,5,1944.88,9724.39,96.1,entregue,15,2.0,
10309,2025-11-16,228,Cliente 228,Sul,e-commerce,Moda,Casaco Inverno,1,116.56,116.56,20.98,entregue,3,9.0,
10310,2025-01-17,109,Cliente 109,Nordeste,loja física,Moda,Casaco Inverno,3,640.88,1922.64,10.71,cancelado,8,8.0,Atraso na Entrega
10311,2025-02-02,114,Cliente 114,Centro-Oeste,e-commerce,Casa,Vaso Decorativo,2,423.74,847.48,36.76,entregue,4,8.0,
10312,2025-05-21,447,Cliente 447,Sul,e-commerce,Eletrônicos,Smartphone X,1,145.81,145.81,82.45,cancelado,13,4.0,Preço Alto
10314,2025-01-03,287,Cliente 287,Sul,e-commerce,eletronicos,Smartphone X,3,531.92,1595.75,99.64,entregue,13,4.0,
10315,2025-05-11,236,Cliente 236,Nordeste,e-commerce,Casa,Jogo de Lençol,4,1718.91,6875.64,84.41,cancelado,14,,Erro no Endereço
10316,2025-07-07,173,Cliente 173,Sudeste,marketplace,Moda,Tênis Runner,2,1783.74,3567.47,36.06,entregue,10,8.0,
10318,2025-12-14,248,Cliente 248,Sul,loja física,Casa,Jogo de Lençol,3,1505.46,4516.39,49.1,devolvido,10,7.0,
10320,2025-04-30,219,Cliente 219,Norte,e-commerce,eletronicos,Smartphone X,1,578.67,578.67,38.47,entregue,3,10.0,
10322,2025-11-26,261,Cliente 261,Centro-Oeste,e-commerce,Casa,Jogo de Lençol,4,1374.03,5496.11,33.28,entregue,7,8.0,
10323,2025-04-09,174,Cliente 174,Sudeste,marketplace,Moda,Camiseta Algodão,3,174.24,522.71,96.76,entregue,10,7.0,
10324,2025-05-14,337,Cliente 337,Sul,marketplace,Moda,Tênis Runner,4,794.89,3179.57,12.9,cancelado,5,7.0,Erro no Endereço
10325,2025-06-06,368,Cliente 368,Nordeste,loja física,Moda,Casaco Inverno,3,676.79,2030.37,86.15,entregue,4,8.0,
10326,2025-02-19,487,Cliente 487,Centro-Oeste,marketplace,Casa,Jogo de Lençol,1,1400.79,1400.79,63.08,cancelado,8,10.0,Preço Alto
10327,2025-05-18,401,Cliente 401,Norte,marketplace,Moda,Casaco Inverno,2,67.01,134.02,82.73,entregue,9,10.0,
10329,2025-02-15,436,Cliente 436,Sul,e-commerce,Eletrônicos,Fone Bluetooth,5,225.48,1127.38,59.21,entregue,1,9.0,
10330,2025-12-19,491,Cliente 491,Nordeste,loja física,Moda,Casaco Inverno,1,1509.65,1509.65,56.79,entregue,9,9.0,
10331,2025-07-09,174,Cliente 174,Sul,loja física,Casa,Cafeteira,4,1302.11,5208.46,62.77,entregue,2,9.0,
10332,2025-11-01,247,Cliente 247,Sul,e-commerce,Eletrônico,Fone Bluetooth,5,1464.33,7321.66,28.93,entregue,12,5.0,
10333,2025-10-24,180,Cliente 180,Norte,marketplace,Moda,Camiseta Algodão,3,1378.39,4135.18,60.26,devolvido,1,7.0,
10334,2025-07-14,327,Cliente 327,Sul,marketplace,eletronicos,Fone Bluetooth,5,191.91,959.55,22.29,cancelado,10,9.0,Erro no Endereço
10335,2025-11-20,127,Cliente 127,Sudeste,e-commerce,Moda,Calça Jeans,4,1271.32,5085.27,38.27,entregue,11,4.0,
10337,2025-04-08,408,Cliente 408,Centro-Oeste,marketplace,Casa,Lâmpada Smart,4,1753.85,7015.4,13.25,entregue,13,2.0,
10338,2025-04-12,236,Cliente 236,Centro-Oeste,loja física,Moda,Camiseta Algodão,1,1228.09,1228.09,53.16,entregue,6,10.0,
10339,2025-10-31,453,Cliente 453,Norte,marketplace,Casa,Cafeteira,5,1769.19,8845.96,60.04,entregue,14,2.0,
10340,2025-12-18,352,Cliente 352,Sul,marketplace,eletronicos,Fone Bluetooth,4,1001.08,4004.3,76.84,cancelado,4,7.0,Erro no Endereço
10341,2025-06-23,383,Cliente 383,Norte,marketplace,Eletrônicos,Smartphone X,3,1626.78,4880.35,45.11,entregue,11,3.0,
10342,2025-03-13,312,Cliente 312,Sul,e-commerce,eletronicos,Smartphone X,3,618.19,1854.56,61.83,entregue,14,3.0,
10343,2025-05-06,229,Cliente 229,Nordeste,marketplace,Moda,Calça Jeans,2,1599.02,3198.05,65.2,entregue,9,7.0,
10344,2025-01-04,244,Cliente 244,Norte,loja física,Moda,Tênis Runner,5,521.35,2606.75,83.76,devolvido,10,7.0,
10345,2025-06-08,445,Cliente 445,Sul,e-commerce,Casa,Cafeteira,4,1258.21,5032.83,43.92,entregue,2,7.0,
10346,2025-03-19,399,Cliente 399,Sul,loja física,Eletrônicos,Laptop Pro,4,1364.43,5457.73,71.89,cancelado,13,5.0,Preço Alto
10347,2025-05-10,292,Cliente 292,Nordeste,e-commerce,Eletrônico,Fone Bluetooth,2,1496.01,2992.02,79.15,entregue,15,1.0,
10348,2025-11-07,214,Cliente 214,Nordeste,loja física,Casa,Cafeteira,2,187.92,375.83,73.55,entregue,12,4.0,
10350,2025-05-02,318,Cliente 318,Norte,marketplace,Casa,Cafeteira,4,1187.3,4749.21,56.74,entregue,2,8.0,
10351,2025-06-10,317,Cliente 317,Nordeste,e-commerce,Eletrônicos,Smartphone X,5,473.67,2368.35,20.02,entregue,1,9.0,
10352,2025-03-23,258,Cliente 258,Centro-Oeste,loja física,Casa,Lâmpada Smart,5,218.57,1092.87,94.61,entregue,3,,
10353,2025-07-20,280,Cliente 280,Sudeste,e-commerce,Eletrônico,Smartphone X,4,633.08,2532.33,51.27,entregue,4,9.0,
10354,2025-10-15,139,Cliente 139,Sul,e-commerce,Moda,Casaco Inverno,2,1019.07,2038.14,43.18,entregue,1,8.0,
10355,2025-10-20,488,Cliente 488,Sul,marketplace,Moda,Tênis Runner,4,940.57,3762.26,42.57,cancelado,1,8.0,Arrependimento
10356,2025-01-16,267,Cliente 267,Nordeste,e-commerce,Moda,Tênis Runner,3,1868.48,5605.45,67.62,entregue,10,7.0,
10357,2025-05-17,307,Cliente 307,Sul,marketplace,Moda,Tênis Runner,3,1772.53,5317.6,95.7,entregue,2,10.0,
10358,2025-05-09,379,Cliente 379,Norte,marketplace,Moda,Camiseta Algodão,2,1366.67,2733.34,97.85,cancelado,15,5.0,Preço Alto
10359,2025-08-19,113,Cliente 113,Nordeste,loja física,Moda,Tênis Runner,2,1566.16,3132.33,49.84,entregue,10,8.0,
10360,2025-06-24,387,Cliente 387,Nordeste,e-commerce,Moda,Calça Jeans,3,648.56,1945.69,12.29,entregue,2,8.0,
10361,2025-11-07,312,Cliente 312,Centro-Oeste,loja física,Eletrônico,Fone Bluetooth,1,1846.6,1846.6,41.33,entregue,10,9.0,
10362,2025-12-25,370,Cliente 370,Sudeste,loja física,Eletrônicos,Smartphone X,5,354.97,1774.87,16.74,entregue,10,7.0,
10363,2025-04-30,175,Cliente 175,Sul,loja física,Eletrônico,Laptop Pro,3,1164.21,3492.62,96.42,entregue,9,,
10365,2025-09-08,233,Cliente 233,Nordeste,marketplace,Moda,Calça Jeans,3,1109.73,3329.19,93.89,cancelado,7,7.0,Erro no Endereço
10366,2025-05-27,423,Cliente 423,Nordeste,loja física,eletronicos,Laptop Pro,5,1311.55,6557.75,34.11,entregue,5,9.0,
10367,2025-01-23,194,Cliente 194,Nordeste,loja física,Casa,Vaso Decorativo,2,1335.64,2671.28,46.47,entregue,14,2.0,
10368,2025-04-28,164,Cliente 164,Norte,loja física,Eletrônico,Smartphone X,5,619.9,3099.52,63.96,entregue,2,9.0,
10369,2025-05-02,111,Cliente 111,Nordeste,marketplace,Casa,Jogo de Lençol,1,462.05,462.05,31.99,cancelado,15,1.0,Arrependimento
10370,2025-11-24,213,Cliente 213,Sudeste,e-commerce,Casa,Jogo de Lençol,5,1415.83,7079.14,24.93,entregue,10,9.0,
10371,2025-11-28,422,Cliente 422,Norte,marketplace,Eletrônicos,Laptop Pro,2,1840.52,3681.05,28.82,entregue,7,10.0,
10372,2025-11-28,116,Cliente 116,Centro-Oeste,marketplace,Moda,Calça Jeans,1,1610.96,1610.96,44.51,entregue,4,7.0,
10373,2025-06-14,116,Cliente 116,Sul,e-commerce,eletronicos,Laptop Pro,3,770.46,2311.39,90.14,entregue,6,8.0,
10374,2025-12-01,136,Cliente 136,Sudeste,e-commerce,Eletrônico,Fone Bluetooth,5,438.91,2194.54,23.16,entregue,5,10.0,
10375,2025-10-02,246,Cliente 246,Sul,e-commerce,Moda,Calça Jeans,3,853.56,2560.68,51.72,entregue,6,7.0,
10376,2025-11-17,242,Cliente 242,Sudeste,marketplace,Eletrônicos,Tablet Z,1,1282.58,1282.58,98.9,cancelado,1,7.0,Erro no Endereço
10377,2025-07-06,102,Cliente 102,Norte,marketplace,Moda,Calça Jeans,5,1380.04,6900.2,30.84,entregue,4,7.0,
10378,2025-10-06,387,Cliente 387,Centro-Oeste,e-commerce,Moda,Calça Jeans,3,1622.51,4867.52,99.63,entregue,3,10.0,
10379,2025-03-26,359,Cliente 359,Sudeste,marketplace,Eletrônicos,Laptop Pro,4,970.53,3882.13,93.14,cancelado,10,7.0,Preço Alto
10380,2025-02-18,351,Cliente 351,Norte,e-commerce,Eletrônico,Fone Bluetooth,1,356.79,356.79,93.39,entregue,3,7.0,
10381,2025-02-23,329,Cliente 329,Sudeste,marketplace,Eletrônico,Smartphone X,2,1826.3,3652.6,91.56,cancelado,11,3.0,Erro no Endereço
10382,2025-10-25,125,Cliente 125,Sudeste,loja física,Casa,Jogo de Lençol,1,1792.46,1792.46,57.88,entregue,1,8.0,
10383,2025-08-05,121,Cliente 121,Centro-Oeste,marketplace,Casa,Vaso Decorativo,2,1232.4,2464.79,54.16,cancelado,3,7.0,Erro no Endereço
10384,2025-02-03,143,Cliente 143,Centro-Oeste,e-commerce,eletronicos,Laptop Pro,2,820.67,1641.35,51.79,devolvido,2,10.0,
10385,2025-09-05,433,Cliente 433,Norte,marketplace,Eletrônico,Smartphone X,1,787.1,787.1,68.08,entregue,14,5.0,
10386,2025-05-07,205,Cliente 205,Sul,e-commerce,Eletrônicos,Smartphone X,4,769.98,3079.91,73.38,entregue,2,10.0,
10387,2025-11-15,255,Cliente 255,Sul,e-commerce,Eletrônicos,Fone Bluetooth,4,1968.01,7872.05,71.06,devolvido,13,2.0,
10389,2025-11-27,424,Cliente 424,Centro-Oeste,e-commerce,Moda,Camiseta Algodão,3,1074.56,3223.67,11.11,entregue,9,9.0,
10390,2025-01-04,307,Cliente 307,Nordeste,loja física,Moda,Tênis Runner,3,826.92,2480.75,69.08,entregue,12,3.0,
10391,2025-03-26,121,Cliente 121,Centro-Oeste,loja física,Moda,Calça Jeans,5,690.72,3453.61,77.53,entregue,14,4.0,
10392,2025-10-28,403,Cliente 403,Nordeste,loja física,Moda,Calça Jeans,1,961.79,961.79,81.66,entregue,12,2.0,
10393,2025-04-28,383,Cliente 383,Norte,loja física,Moda,Casaco Inverno,1,1487.36,1487.36,37.32,entregue,8,8.0,
10395,2025-05-14,180,Cliente 180,Sul,loja física,eletronicos,Tablet Z,4,443.2,1772.78,92.19,entregue,10,9.0,
10396,2025-08-31,351,Cliente 351,Sul,marketplace,Moda,Tênis Runner,5,330.95,1654.76,70.09,entregue,7,7.0,
10397,2025-03-24,118,Cliente 118,Nordeste,loja física,Moda,Calça Jeans,1,1651.13,1651.13,27.67,entregue,4,7.0,
10398,2025-08-14,222,Cliente 222,Sudeste,e-commerce,Moda,Casaco Inverno,4,974.11,3896.43,69.76,entregue,2,,
10399,2025-04-27,331,Cliente 331,Nordeste,marketplace,Moda,Tênis Runner,4,269.71,1078.82,65.08,entregue,1,7.0,
10400,2025-02-16,462,Cliente 462,Sul,e-commerce,Moda,Casaco Inverno,2,231.0,461.99,76.26,entregue,6,10.0,
10402,2025-05-13,314,Cliente 314,Sul,loja física,eletronicos,Laptop Pro,4,995.33,3981.31,72.68,entregue,15,3.0,
10403,2025-12-14,294,Cliente 294,Sul,marketplace,Moda,Camiseta Algodão,2,1381.83,2763.66,29.19,cancelado,9,10.0,Erro no Endereço
10404,2025-10-02,372,Cliente 372,Sudeste,e-commerce,eletronicos,Smartphone X,5,230.13,1150.65,93.69,entregue,13,4.0,
10406,2025-07-25,429,Cliente 429,Centro-Oeste,loja física,Eletrônico,Smartphone X,2,1238.13,2476.26,89.84,cancelado,10,9.0,Atraso na Entrega
10407,2025-02-01,364,Cliente 364,Centro-Oeste,marketplace,Eletrônicos,Fone Bluetooth,5,1021.1,5105.49,69.93,cancelado,13,5.0,Atraso na Entrega
10408,2025-08-16,214,Cliente 214,Sudeste,loja física,Casa,Vaso Decorativo,2,1107.07,2214.14,67.6,cancelado,9,7.0,Preço Alto
10411,2025-03-30,221,Cliente 221,Centro-Oeste,marketplace,Moda,Tênis Runner,3,472.34,1417.03,28.98,entregue,10,8.0,
10412,2025-02-13,332,Cliente 332,Sul,e-commerce,Moda,Tênis Runner,2,1746.34,3492.68,57.19,entregue,13,1.0,
10413,2025-06-16,184,Cliente 184,Centro-Oeste,e-commerce,Casa,Jogo de Lençol,4,1339.92,5359.67,33.8,entregue,7,10.0,
10414,2025-12-01,295,Cliente 295,Sudeste,e-commerce,Moda,Calça Jeans,1,1149.95,1149.95,89.33,entregue,10,9.0,
10417,2025-11-11,199,Cliente 199,Sudeste,loja física,Casa,Vaso Decorativo,4,1600.86,6403.44,13.08,entregue,5,10.0,
10418,2025-05-02,257,Cliente 257,Norte,loja física,Eletrônico,Smartphone X,4,574.68,2298.72,14.04,entregue,14,1.0,
10419,2025-04-30,379,Cliente 379,Nordeste,loja física,Moda,Camiseta Algodão,5,292.2,1460.98,37.89,entregue,11,2.0,
10420,2025-03-10,482,Cliente 482,Centro-Oeste,e-commerce,Casa,Cafeteira,4,1305.19,5220.77,50.05,entregue,7,8.0,
10421,2025-12-22,275,Cliente 275,Sudeste,e-commerce,Moda,Casaco Inverno,4,1961.73,7846.91,43.64,entregue,6,9.0,
10422,2025-07-29,111,Cliente 111,Sudeste,marketplace,Casa,Vaso Decorativo,1,446.04,446.04,14.32,entregue,9,8.0,
10423,2025-02-22,182,Cliente 182,Norte,e-commerce,Eletrônico,Tablet Z,3,849.17,2547.51,15.4,entregue,7,7.0,
10424,2025-09-15,344,Cliente 344,Centro-Oeste,e-commerce,Eletrônico,Laptop Pro,4,1593.64,6374.57,90.5,entregue,10,7.0,
10425,2025-04-28,155,Cliente 155,Norte,e-commerce,Eletrônico,Laptop Pro,1,1475.95,1475.95,34.74,entregue,14,1.0,
10426,2025-02-10,333,Cliente 333,Nordeste,marketplace,Moda,Camiseta Algodão,5,121.79,608.93,97.52,entregue,3,7.0,
10427,2025-10-06,349,Cliente 349,Centro-Oeste,loja física,Moda,Tênis Runner,2,1834.89,3669.78,39.74,entregue,13,3.0,
10428,2025-10-19,302,Cliente 302,Sul,e-commerce,Moda,Casaco Inverno,4,242.79,971.14,21.1,entregue,5,9.0,
10429,2025-01-22,164,Cliente 164,Norte,e-commerce,Casa,Cafeteira,2,1389.25,2778.5,20.78,cancelado,9,9.0,Erro no Endereço
10430,2025-11-18,397,Cliente 397,Sul,loja física,Moda,Casaco Inverno,1,268.92,268.92,80.6,entregue,15,5.0,
10431,2025-12-21,114,Cliente 114,Centro-Oeste,e-commerce,Moda,Calça Jeans,3,857.77,2573.31,32.67,entregue,10,9.0,
10432,2025-10-20,141,Cliente 141,Nordeste,marketplace,Moda,Camiseta Algodão,4,1694.06,6776.25,25.01,cancelado,12,4.0,Erro no Endereço
10433,2025-03-26,458,Cliente 458,Centro-Oeste,e-commerce,eletronicos,Laptop Pro,2,1265.35,2530.7,40.99,entregue,7,9.0,
10435,2025-03-18,241,Cliente 241,Sul,marketplace,Casa,Jogo de Lençol,4,1657.05,6628.21,99.05,entregue,9,7.0,
10436,2025-08-04,137,Cliente 137,Sul,loja física,Eletrônicos,Fone Bluetooth,2,1792.3,3584.6,83.04,entregue,15,4.0,
10437,2025-06-15,289,Cliente 289,Nordeste,loja física,Moda,Calça Jeans,1,351.3,351.3,53.1,entregue,15,1.0,
10438,2025-04-24,309,Cliente 309,Sul,loja física,Casa,Cafeteira,1,575.7,575.7,32.98,entregue,4,10.0,
10439,2025-07-12,466,Cliente 466,Sudeste,marketplace,Eletrônico,Laptop Pro,5,360.53,1802.64,17.51,entregue,14,5.0,
10440,2025-05-22,446,Cliente 446,Nordeste,marketplace,Moda,Calça Jeans,5,234.01,1170.03,40.4,cancelado,5,10.0,Arrependimento
10441,2025-07-13,404,Cliente 404,Nordeste,marketplace,Eletrônico,Smartphone X,1,492.72,492.72,85.91,cancelado,2,10.0,Preço Alto
10443,2025-05-10,231,Cliente 231,Sul,e-commerce,Moda,Camiseta Algodão,1,1186.94,1186.94,44.17,entregue,11,2.0,
10444,2025-04-09,202,Cliente 202,Centro-Oeste,e-commerce,Casa,Vaso Decorativo,5,1434.66,7173.28,86.11,entregue,7,10.0,
10447,2025-11-03,356,Cliente 356,Sul,loja física,Casa,Vaso Decorativo,5,172.31,861.55,11.87,entregue,2,9.0,
10448,2025-06-25,288,Cliente 288,Sul,e-commerce,Casa,Vaso Decorativo,5,789.5,3947.52,71.54,devolvido,15,4.0,
10449,2025-11-30,281,Cliente 281,Norte,marketplace,Eletrônico,Laptop Pro,5,1826.31,9131.54,81.19,entregue,3,9.0,
10450,2025-01-11,237,Cliente 237,Nordeste,loja física,eletronicos,Tablet Z,2,653.43,1306.86,52.5,cancelado,1,10.0,Preço Alto
10451,2025-07-22,345,Cliente 345,Centro-Oeste,loja física,Casa,Jogo de Lençol,3,1938.19,5814.56,55.7,cancelado,5,8.0,Arrependimento
10452,2025-10-23,229,Cliente 229,Sul,marketplace,Moda,Camiseta Algodão,3,54.05,162.16,25.18,entregue,9,10.0,
10453,2025-12-19,265,Cliente 265,Centro-Oeste,e-commerce,Casa,Jogo de Lençol,5,238.7,1193.5,49.69,entregue,15,4.0,
10454,2025-04-12,314,Cliente 314,Centro-Oeste,marketplace,eletronicos,Laptop Pro,1,1522.69,1522.69,67.91,devolvido,12,3.0,
10455,2025-07-15,481,Cliente 481,Norte,loja física,Casa,Jogo de Lençol,2,1353.99,2707.98,14.85,cancelado,1,7.0,Preço Alto
10456,2025-01-19,291,Cliente 291,Sudeste,loja física,Moda,Calça Jeans,5,1115.23,5576.14,68.7,entregue,15,,
10457,2025-11-09,352,Cliente 352,Nordeste,loja física,eletronicos,Fone Bluetooth,2,153.69,307.38,57.53,entregue,14,3.0,
10459,2025-10-22,405,Cliente 405,Nordeste,marketplace,Casa,Lâmpada Smart,5,1727.14,8635.71,15.43,cancelado,4,7.0,Arrependimento
10460,2025-10-16,165,Cliente 165,Nordeste,e-commerce,Eletrônicos,Laptop Pro,5,565.83,2829.17,37.11,entregue,6,8.0,
10461,2025-02-20,128,Cliente 128,Sudeste,loja física,Eletrônico,Laptop Pro,5,1074.54,5372.71,37.47,entregue,6,7.0,
10463,2025-03-20,345,Cliente 345,Centro-Oeste,e-commerce,Casa,Vaso Decorativo,4,749.08,2996.32,46.39,cancelado,2,8.0,Arrependimento
10464,2025-12-08,370,Cliente 370,Centro-Oeste,loja física,Moda,Camiseta Algodão,1,255.32,255.32,60.31,entregue,13,,
10465,2025-12-09,204,Cliente 204,Sudeste,marketplace,Casa,Lâmpada Smart,2,1068.28,2136.55,15.43,cancelado,9,7.0,Preço Alto
10466,2025-11-26,110,Cliente 110,Sul,marketplace,Casa,Lâmpada Smart,4,751.56,3006.24,47.63,devolvido,6,7.0,
10467,2025-04-03,196,Cliente 196,Sudeste,marketplace,eletronicos,Fone Bluetooth,2,388.36,776.72,37.09,cancelado,3,9.0,Arrependimento
10468,2025-01-20,400,Cliente 400,Nordeste,e-commerce,Casa,Cafeteira,5,312.6,1563.0,15.85,entregue,2,,
10470,2025-04-01,466,Cliente 466,Sudeste,loja física,Moda,Casaco Inverno,3,1689.63,5068.88,27.96,entregue,3,7.0,
10472,2025-06-28,459,Cliente 459,Centro-Oeste,e-commerce,Casa,Vaso Decorativo,5,479.55,2397.75,32.99,entregue,9,10.0,
10473,2025-12-07,278,Cliente 278,Centro-Oeste,e-commerce,Casa,Cafeteira,3,261.87,785.6,91.02,entregue,8,8.0,
10474,2025-05-25,196,Cliente 196,Nordeste,marketplace,eletronicos,Fone Bluetooth,4,1320.54,5282.18,67.9,cancelado,3,9.0,Preço Alto
10475,2025-03-16,424,Cliente 424,Sudeste,marketplace,Moda,Tênis Runner,4,1569.56,6278.24,45.35,entregue,14,5.0,
10476,2025-08-14,272,Cliente 272,Norte,loja física,Casa,Vaso Decorativo,5,820.33,4101.67,52.45,entregue,10,8.0,
10477,2025-12-13,462,Cliente 462,Norte,e-commerce,eletronicos,Fone Bluetooth,5,1194.8,5973.98,13.54,entregue,11,5.0,
10478,2025-11-02,150,Cliente 150,Centro-Oeste,e-commerce,eletronicos,Smartphone X,3,1005.41,3016.22,81.21,cancelado,3,9.0,Arrependimento
10479,2025-11-06,314,Cliente 314,Sudeste,marketplace,Eletrônicos,Tablet Z,1,1108.08,1108.08,41.15,entregue,11,5.0,
10481,2025-08-18,274,Cliente 274,Sul,e-commerce,Casa,Vaso Decorativo,2,658.94,1317.87,40.09,entregue,9,8.0,
10482,2025-03-28,208,Cliente 208,Norte,marketplace,Moda,Tênis Runner,2,1167.79,2335.59,51.35,entregue,2,7.0,
10483,2025-09-27,146,Cliente 146,Centro-Oeste,marketplace,Casa,Cafeteira,1,588.34,588.34,44.74,entregue,14,5.0,
10484,2025-09-20,125,Cliente 125,Norte,marketplace,Casa,Jogo de Lençol,2,1040.54,2081.08,26.85,cancelado,4,8.0,Arrependimento
10485,2025-08-03,477,Cliente 477,Sul,loja física,Casa,Lâmpada Smart,3,180.54,541.63,49.54,entregue,5,,
10486,2025-01-19,116,Cliente 116,Sudeste,marketplace,Eletrônicos,Laptop Pro,3,1423.03,4269.08,37.51,entregue,11,5.0,
10487,2025-10-25,368,Cliente 368,Nordeste,e-commerce,Moda,Calça Jeans,2,309.78,619.57,99.97,entregue,7,9.0,
10488,2025-06-29,383,Cliente 383,Centro-Oeste,loja física,Eletrônico,Smartphone X,1,471.55,471.55,11.58,cancelado,15,4.0,Erro no Endereço
10489,2025-05-24,333,Cliente 333,Sul,e-commerce,Moda,Camiseta Algodão,2,1865.25,3730.51,76.35,entregue,7,9.0,
10490,2025-11-10,127,Cliente 127,Nordeste,e-commerce,Eletrônicos,Smartphone X,4,1625.06,6500.26,58.43,entregue,11,2.0,
10491,2025-03-14,123,Cliente 123,Nordeste,marketplace,Moda,Tênis Runner,2,719.51,1439.01,57.61,entregue,2,9.0,
10492,2025-11-29,295,Cliente 295,Nordeste,e-commerce,Moda,Casaco Inverno,1,1302.9,1302.9,90.98,entregue,10,7.0,
10495,2025-10-31,435,Cliente 435,Sudeste,e-commerce,Eletrônico,Tablet Z,4,1532.17,6128.66,93.81,entregue,12,5.0,
10498,2025-12-25,273,Cliente 273,Sul,e-commerce,Casa,Cafeteira,1,1786.68,1786.68,37.47,entregue,13,,
10499,2025-04-10,378,Cliente 378,Sul,marketplace,eletronicos,Laptop Pro,2,1741.83,3483.66,97.14,entregue,14,,
10500,2025-10-13,259,Cliente 259,Centro-Oeste,loja física,Moda,Calça Jeans,4,1708.23,6832.93,5000.0,entregue,8,7.0,
10501,2025-05-17,104,Cliente 104,Nordeste,loja física,Moda,Casaco Inverno,3,1907.26,5721.78,38.43,entregue,10,7.0,
10502,2025-01-14,132,Cliente 132,Nordeste,loja física,Casa,Lâmpada Smart,3,828.95,2486.84,54.28,entregue,8,7.0,
10503,2025-01-03,412,Cliente 412,Sudeste,e-commerce,Moda,Tênis Runner,4,193.95,775.81,60.0,entregue,6,7.0,
10504,2025-11-01,357,Cliente 357,Norte,marketplace,Casa,Jogo de Lençol,2,233.03,466.06,96.97,entregue,13,1.0,
10507,2025-10-20,256,Cliente 256,Norte,e-commerce,Casa,Cafeteira,1,1404.49,1404.49,77.08,entregue,3,9.0,
10508,2025-05-09,166,Cliente 166,Sul,loja física,Eletrônicos,Tablet Z,2,677.37,1354.73,18.2,entregue,11,5.0,
10509,2025-07-07,356,Cliente 356,Centro-Oeste,e-commerce,Casa,Lâmpada Smart,5,983.16,4915.81,76.72,entregue,3,9.0,
10510,2025-01-26,375,Cliente 375,Centro-Oeste,loja física,Eletrônico,Fone Bluetooth,1,975.99,975.99,70.51,entregue,12,1.0,
10511,2025-05-28,439,Cliente 439,Sul,e-commerce,Eletrônico,Laptop Pro,3,722.65,2167.94,67.38,entregue,2,10.0,
10512,2025-04-12,398,Cliente 398,Sul,marketplace,eletronicos,Laptop Pro,1,961.02,961.02,87.41,entregue,3,7.0,
10514,2025-10-14,376,Cliente 376,Nordeste,loja física,Moda,Casaco Inverno,2,1682.91,3365.82,72.12,entregue,9,9.0,
10515,2025-05-31,114,Cliente 114,Nordeste,loja física,Casa,Vaso Decorativo,5,591.54,2957.68,60.17,entregue,12,3.0,
10516,2025-11-25,304,Cliente 304,Norte,marketplace,Moda,Calça Jeans,4,994.53,3978.11,21.03,cancelado,8,10.0,Arrependimento
10517,2025-10-03,326,Cliente 326,Sul,loja física,Casa,Jogo de Lençol,3,756.44,2269.32,71.89,entregue,11,2.0,
10518,2025-11-25,100,Cliente 100,Nordeste,marketplace,Eletrônicos,Tablet Z,2,1359.16,2718.32,33.38,entregue,14,1.0,
10519,2025-01-05,210,Cliente 210,Centro-Oeste,marketplace,Eletrônico,Tablet Z,2,636.69,1273.38,95.4,entregue,7,8.0,
10520,2025-06-14,240,Cliente 240,Norte,e-commerce,Eletrônico,Tablet Z,4,920.02,3680.09,84.08,entregue,13,3.0,
10521,2025-03-21,227,Cliente 227,Sudeste,e-commerce,Casa,Jogo de Lençol,1,354.07,354.07,42.04,entregue,12,,
10522,2025-12-12,498,Cliente 498,Norte,loja física,Moda,Calça Jeans,5,1841.92,9209.61,86.89,entregue,11,4.0,
10523,2025-03-19,147,Cliente 147,Nordeste,marketplace,Eletrônico,Fone Bluetooth,2,79.44,158.88,27.84,devolvido,5,9.0,
10524,2025-11-30,164,Cliente 164,Centro-Oeste,e-commerce,Moda,Casaco Inverno,5,1479.67,7398.37,82.45,entregue,7,,
10525,2025-12-01,159,Cliente 159,Sul,marketplace,Eletrônicos,Smartphone X,3,794.65,2383.95,53.8,cancelado,11,5.0,Arrependimento
10526,2025-02-25,149,Cliente 149,Sul,loja física,Eletrônicos,Smartphone X,4,1542.92,6171.69,30.86,entregue,13,1.0,
10527,2025-04-04,145,Cliente 145,Centro-Oeste,marketplace,Moda,Casaco Inverno,1,502.11,502.11,67.41,devolvido,9,8.0,
10528,2025-06-28,211,Cliente 211,Nordeste,e-commerce,Moda,Casaco Inverno,5,454.25,2271.27,92.26,entregue,15,1.0,
10529,2025-02-06,309,Cliente 309,Nordeste,loja física,Moda,Tênis Runner,3,1214.12,3642.35,67.64,entregue,3,8.0,
10530,2025-01-22,201,Cliente 201,Sudeste,e-commerce,Casa,Vaso Decorativo,4,767.81,3071.24,80.15,entregue,12,3.0,
10531,2025-04-12,177,Cliente 177,Norte,e-commerce,Eletrônicos,Smartphone X,5,295.44,1477.19,73.06,entregue,12,5.0,
10532,2025-09-20,432,Cliente 432,Nordeste,marketplace,Moda,Calça Jeans,2,1178.52,2357.03,89.46,entregue,5,7.0,
10533,2025-02-22,333,Cliente 333,Sul,e-commerce,Moda,Casaco Inverno,2,1997.22,3994.45,25.07,entregue,8,9.0,
10534,2025-05-01,355,Cliente 355,Sul,e-commerce,Eletrônicos,Fone Bluetooth,2,1293.92,2587.84,83.36,entregue,10,8.0,
10535,2025-05-30,257,Cliente 257,Sul,loja física,Casa,Vaso Decorativo,1,1198.72,1198.72,45.88,entregue,12,4.0,
10536,2025-09-10,251,Cliente 251,Nordeste,e-commerce,Casa,Lâmpada Smart,4,134.53,538.12,29.66,entregue,13,2.0,
10537,2025-10-30,216,Cliente 216,Norte,marketplace,Moda,Calça Jeans,1,220.24,220.24,72.24,devolvido,1,7.0,
10538,2025-02-03,273,Cliente 273,Sul,e-commerce,Casa,Cafeteira,4,1789.62,7158.5,50.48,entregue,1,9.0,
10539,2025-01-09,462,Cliente 462,Norte,e-commerce,Casa,Jogo de Lençol,4,1776.85,7107.39,98.28,entregue,1,8.0,
10540,2025-10-04,352,Cliente 352,Norte,e-commerce,Eletrônicos,Laptop Pro,2,50.01,100.02,97.21,entregue,9,7.0,
10541,2025-01-13,440,Cliente 440,Sul,e-commerce,Casa,Cafeteira,3,1728.46,5185.37,12.6,entregue,11,4.0,
10542,2025-10-23,404,Cliente 404,Nordeste,marketplace,eletronicos,Tablet Z,5,1313.6,6568.02,25.15,entregue,2,10.0,
10543,2025-12-17,140,Cliente 140,Sudeste,marketplace,Eletrônicos,Fone Bluetooth,5,1773.08,8865.4,99.2,entregue,6,8.0,
10545,2025-11-17,184,Cliente 184,Centro-Oeste,e-commerce,Moda,Tênis Runner,5,1074.8,5374.01,30.58,devolvido,13,4.0,
10546,2025-10-26,105,Cliente 105,Centro-Oeste,loja física,Moda,Tênis Runner,3,730.83,2192.49,31.52,entregue,12,5.0,
10548,2025-12-06,407,Cliente 407,Norte,loja física,Moda,Camiseta Algodão,2,1180.16,2360.31,35.66,cancelado,12,2.0,Arrependimento
10549,2025-10-21,445,Cliente 445,Nordeste,marketplace,eletronicos,Laptop Pro,1,1597.69,1597.69,71.19,cancelado,5,9.0,Arrependimento
10551,2025-04-14,484,Cliente 484,Norte,marketplace,Casa,Vaso Decorativo,5,594.62,2973.12,83.07,entregue,13,5.0,
10552,2025-04-30,393,Cliente 393,Nordeste,marketplace,Casa,Vaso Decorativo,5,1034.21,5171.04,23.29,entregue,11,3.0,
10553,2025-03-21,371,Cliente 371,Norte,loja física,Casa,Lâmpada Smart,2,1670.69,3341.38,86.64,cancelado,10,8.0,Atraso na Entrega
10554,2025-10-14,194,Cliente 194,Sul,marketplace,Moda,Tênis Runner,3,1378.36,4135.07,15.79,cancelado,12,2.0,Atraso na Entrega
10555,2025-06-04,228,Cliente 228,Nordeste,loja física,Moda,Camiseta Algodão,4,1198.99,4795.97,41.52,entregue,12,3.0,
10556,2025-11-30,413,Cliente 413,Norte,loja física,Casa,Cafeteira,1,607.08,607.08,82.59,entregue,4,10.0,
10557,2025-01-25,349,Cliente 349,Norte,e-commerce,Eletrônico,Tablet Z,3,83.96,251.88,98.72,devolvido,11,1.0,
10558,2025-05-02,456,Cliente 456,Norte,e-commerce,Casa,Cafeteira,1,1373.31,1373.31,63.96,entregue,4,10.0,
10559,2025-09-07,142,Cliente 142,Sul,loja física,Eletrônico,Fone Bluetooth,3,210.77,632.31,73.27,entregue,14,,
10560,2025-12-17,106,Cliente 106,Nordeste,marketplace,Casa,Vaso Decorativo,4,702.27,2809.09,59.58,cancelado,1,10.0,Erro no Endereço
10561,2025-06-11,396,Cliente 396,Nordeste,e-commerce,Casa,Cafeteira,2,1893.29,3786.57,98.4,entregue,4,8.0,
10562,2025-09-13,394,Cliente 394,Norte,e-commerce,Casa,Jogo de Lençol,4,1806.28,7225.1,28.57,entregue,9,7.0,
10564,2025-03-03,412,Cliente 412,Sudeste,marketplace,Moda,Casaco Inverno,5,1434.31,7171.53,64.08,entregue,6,9.0,
10565,2025-01-25,375,Cliente 375,Sul,e-commerce,eletronicos,Smartphone X,1,1708.62,1708.62,10.27,devolvido,15,1.0,
10566,2025-11-22,291,Cliente 291,Centro-Oeste,loja física,Casa,Lâmpada Smart,5,1264.8,6324.02,35.67,entregue,8,10.0,
10567,2025-05-26,366,Cliente 366,Sudeste,marketplace,eletronicos,Tablet Z,1,908.64,908.64,57.06,entregue,5,9.0,
10568,2025-08-02,142,Cliente 142,Nordeste,marketplace,Moda,Casaco Inverno,4,379.77,1519.08,86.14,entregue,10,10.0,
10569,2025-10-13,429,Cliente 429,Norte,loja física,Moda,Tênis Runner,5,1635.85,8179.25,51.18,entregue,7,9.0,
10570,2025-12-07,358,Cliente 358,Sudeste,e-commerce,Casa,Lâmpada Smart,4,160.19,640.74,10.05,entregue,5,10.0,
10571,2025-09-27,242,Cliente 242,Sul,e-commerce,Moda,Camiseta Algodão,4,1493.32,5973.3,68.56,entregue,12,4.0,
10572,2025-03-17,142,Cliente 142,Sudeste,loja física,Moda,Calça Jeans,4,1416.91,5667.62,57.14,entregue,2,8.0,
10573,2025-08-31,237,Cliente 237,Sudeste,e-commerce,Casa,Lâmpada Smart,5,701.61,3508.06,95.0,devolvido,13,3.0,
10574,2025-01-08,148,Cliente 148,Norte,e-commerce,Casa,Jogo de Lençol,4,365.37,1461.48,69.97,entregue,12,4.0,
10575,2025-02-12,183,Cliente 183,Centro-Oeste,loja física,Eletrônico,Fone Bluetooth,4,1725.29,6901.14,38.96,entregue,2,8.0,
10576,2025-04-24,268,Cliente 268,Nordeste,loja física,eletronicos,Tablet Z,4,1225.49,4901.96,68.03,entregue,10,8.0,
10577,2025-03-08,338,Cliente 338,Sudeste,loja física,Casa,Vaso Decorativo,3,1640.44,4921.31,42.71,entregue,13,5.0,
10578,2025-03-17,220,Cliente 220,Sudeste,marketplace,Eletrônicos,Tablet Z,1,361.4,361.4,24.9,cancelado,12,3.0,Arrependimento
10579,2025-03-15,268,Cliente 268,Centro-Oeste,loja física,Moda,Calça Jeans,3,637.26,1911.78,99.74,entregue,4,7.0,
10580,2025-08-23,318,Cliente 318,Centro-Oeste,marketplace,eletronicos,Tablet Z,1,1466.73,1466.73,41.7,entregue,5,8.0,
10581,2025-09-18,136,Cliente 136,Norte,loja física,Moda,Tênis Runner,2,1310.74,2621.48,81.58,devolvido,14,5.0,
10582,2025-01-07,438,Cliente 438,Nordeste,loja física,Eletrônicos,Laptop Pro,2,1828.24,3656.48,17.63,entregue,6,10.0,
10583,2025-10-09,413,Cliente 413,Norte,marketplace,eletronicos,Fone Bluetooth,4,1451.1,5804.4,81.82,entregue,13,3.0,
10584,2025-09-30,311,Cliente 311,Centro-Oeste,e-commerce,Casa,Jogo de Lençol,2,926.23,1852.46,54.56,entregue,7,8.0,
10586,2025-12-17,240,Cliente 240,Centro-Oeste,loja física,Eletrônicos,Laptop Pro,2,953.85,1907.7,50.46,entregue,6,10.0,
10587,2025-02-18,238,Cliente 238,Sul,loja física,Moda,Calça Jeans,3,1998.43,5995.28,13.33,entregue,11,1.0,
10588,2025-02-09,351,Cliente 351,Sul,marketplace,Eletrônico,Smartphone X,2,75.19,150.38,89.37,entregue,4,,
10589,2025-06-12,121,Cliente 121,Sul,marketplace,Moda,Calça Jeans,4,1045.38,4181.51,53.89,entregue,9,8.0,
10590,2025-07-07,281,Cliente 281,Nordeste,e-commerce,Casa,Lâmpada Smart,1,713.61,713.61,93.28,entregue,11,5.0,
10591,2025-02-16,105,Cliente 105,Centro-Oeste,marketplace,Moda,Camiseta Algodão,4,1176.6,4706.38,37.53,entregue,5,9.0,
10593,2025-02-13,281,Cliente 281,Nordeste,e-commerce,Eletrônico,Fone Bluetooth,3,178.7,536.09,74.42,devolvido,5,9.0,
10594,2025-03-11,469,Cliente 469,Norte,marketplace,Casa,Cafeteira,3,1466.5,4399.49,75.92,entregue,2,,
10595,2025-07-25,176,Cliente 176,Centro-Oeste,e-commerce,eletronicos,Smartphone X,1,1207.66,1207.66,11.86,entregue,12,5.0,
10596,2025-11-23,102,Cliente 102,Norte,marketplace,eletronicos,Fone Bluetooth,2,445.38,890.77,38.77,cancelado,10,,Erro no Endereço
10598,2025-03-19,493,Cliente 493,Norte,e-commerce,Moda,Casaco Inverno,4,597.83,2391.32,40.66,entregue,7,10.0,
10599,2025-03-04,496,Cliente 496,Sul,loja física,Moda,Camiseta Algodão,5,914.66,4573.32,55.97,entregue,6,,
10600,2025-10-12,232,Cliente 232,Centro-Oeste,loja física,Moda,Camiseta Algodão,1,322.86,322.86,59.41,entregue,4,10.0,
10601,2025-07-30,256,Cliente 256,Centro-Oeste,e-commerce,Eletrônico,Fone Bluetooth,1,1200.32,1200.32,48.15,cancelado,14,3.0,Arrependimento
10603,2025-12-18,175,Cliente 175,Nordeste,e-commerce,eletronicos,Fone Bluetooth,5,107.13,535.63,53.98,entregue,11,4.0,
10604,2025-10-02,292,Cliente 292,Sudeste,loja física,Moda,Calça Jeans,4,1999.23,7996.9,78.09,entregue,6,8.0,
10605,2025-02-27,180,Cliente 180,Sul,e-commerce,Casa,Vaso Decorativo,5,860.05,4300.25,50.12,entregue,5,8.0,
10606,2025-05-20,483,Cliente 483,Centro-Oeste,loja física,Eletrônicos,Fone Bluetooth,2,640.41,1280.82,39.49,entregue,11,4.0,
10607,2025-02-07,329,Cliente 329,Sul,marketplace,Moda,Camiseta Algodão,3,310.6,931.79,45.58,entregue,15,5.0,
10608,2025-12-27,270,Cliente 270,Norte,e-commerce,Casa,Vaso Decorativo,5,757.31,3786.56,59.94,entregue,4,9.0,
10609,2025-09-10,146,Cliente 146,Sudeste,marketplace,Casa,Vaso Decorativo,3,1348.04,4044.11,47.06,entregue,4,9.0,
10612,2025-05-31,462,Cliente 462,Sudeste,marketplace,Eletrônico,Tablet Z,4,614.3,2457.21,69.72,entregue,2,9.0,
10613,2025-03-19,130,Cliente 130,Sudeste,loja física,Moda,Tênis Runner,4,265.91,1063.66,97.9,entregue,2,8.0,
10615,2025-06-22,153,Cliente 153,Nordeste,e-commerce,Moda,Camiseta Algodão,1,1200.24,1200.24,71.55,entregue,8,10.0,
10616,2025-03-31,231,Cliente 231,Centro-Oeste,loja física,Eletrônicos,Tablet Z,4,1513.87,6055.48,52.92,entregue,1,9.0,
10617,2025-01-31,389,Cliente 389,Sul,loja física,Moda,Casaco Inverno,1,1230.04,1230.04,26.67,cancelado,15,2.0,Preço Alto
10618,2025-06-23,190,Cliente 190,Sul,loja física,Moda,Calça Jeans,2,183.99,367.99,49.13,cancelado,14,2.0,Arrependimento
10619,2025-01-14,168,Cliente 168,Sul,loja física,Eletrônicos,Laptop Pro,5,422.97,2114.87,73.21,entregue,3,7.0,
10620,2025-03-23,246,Cliente 246,Norte,marketplace,eletronicos,Tablet Z,1,1787.63,1787.63,50.63,entregue,10,10.0,
10621,2025-03-12,420,Cliente 420,Nordeste,e-commerce,eletronicos,Fone Bluetooth,1,411.6,411.6,65.52,devolvido,14,,
10623,2025-12-01,242,Cliente 242,Sudeste,marketplace,Casa,Cafeteira,3,1145.33,3435.99,22.24,cancelado,12,3.0,Erro no Endereço
10624,2025-05-11,306,Cliente 306,Nordeste,e-commerce,Casa,Jogo de Lençol,2,954.66,1909.33,77.13,entregue,5,10.0,
10625,2025-05-02,449,Cliente 449,Sul,e-commerce,Moda,Casaco Inverno,1,1941.3,1941.3,29.12,cancelado,6,9.0,Arrependimento
10626,2025-03-08,260,Cliente 260,Sul,loja física,Casa,Vaso Decorativo,2,122.65,245.29,20.49,entregue,1,,
10628,2025-04-23,318,Cliente 318,Nordeste,marketplace,Eletrônicos,Tablet Z,2,1564.32,3128.63,70.22,entregue,14,4.0,
10629,2025-12-12,195,Cliente 195,Sul,marketplace,Eletrônico,Smartphone X,3,1259.61,3778.83,12.47,entregue,11,3.0,
10630,2025-08-30,101,Cliente 101,Sudeste,e-commerce,Eletrônicos,Fone Bluetooth,3,1454.41,4363.22,30.66,entregue,6,7.0,
10631,2025-01-27,470,Cliente 470,Centro-Oeste,loja física,Casa,Vaso Decorativo,3,807.34,2422.01,86.23,entregue,13,3.0,
10632,2025-07-11,216,Cliente 216,Sul,marketplace,eletronicos,Fone Bluetooth,5,1137.23,5686.17,19.22,entregue,9,10.0,
10633,2025-02-18,379,Cliente 379,Centro-Oeste,marketplace,Moda,Camiseta Algodão,3,204.55,613.66,75.89,cancelado,14,4.0,Erro no Endereço
10634,2025-02-01,151,Cliente 151,Centro-Oeste,loja física,Eletrônicos,Smartphone X,5,925.49,4627.46,26.84,entregue,2,,
10636,2025-01-24,444,Cliente 444,Centro-Oeste,e-commerce,Casa,Vaso Decorativo,4,1179.06,4716.24,29.75,entregue,15,5.0,
10637,2025-01-08,257,Cliente 257,Norte,marketplace,Casa,Vaso Decorativo,5,1232.98,6164.9,52.31,entregue,11,,
10638,2025-04-23,347,Cliente 347,Sul,marketplace,Eletrônico,Fone Bluetooth,2,187.72,375.45,21.85,cancelado,8,8.0,Atraso na Entrega
10639,2025-11-01,428,Cliente 428,Norte,loja física,Casa,Vaso Decorativo,4,888.69,3554.78,10.27,entregue,6,7.0,
10640,2025-01-03,343,Cliente 343,Norte,loja física,Moda,Camiseta Algodão,3,1641.84,4925.53,19.03,entregue,6,7.0,
10646,2025-11-10,291,Cliente 291,Sul,loja física,eletronicos,Smartphone X,3,1414.02,4242.05,25.44,entregue,11,3.0,
10647,2025-01-17,207,Cliente 207,Nordeste,e-commerce,Moda,Casaco Inverno,1,463.7,463.7,33.35,entregue,3,10.0,
10650,2025-11-22,342,Cliente 342,Sudeste,e-commerce,Eletrônicos,Tablet Z,2,1142.32,2284.64,72.74,entregue,2,7.0,
10651,2025-12-04,261,Cliente 261,Centro-Oeste,e-commerce,eletronicos,Fone Bluetooth,1,1120.61,1120.61,81.76,cancelado,7,10.0,Atraso na Entrega
10652,2025-08-23,491,Cliente 491,Sul,loja física,Moda,Casaco Inverno,4,443.18,1772.73,10.36,entregue,4,7.0,
10653,2025-05-08,439,Cliente 439,Centro-Oeste,marketplace,Eletrônico,Laptop Pro,2,487.35,974.71,92.72,cancelado,1,10.0,Arrependimento
10654,2025-11-06,374,Cliente 374,Nordeste,loja física,Eletrônicos,Tablet Z,3,860.02,2580.06,95.26,entregue,14,5.0,
10655,2025-12-17,417,Cliente 417,Centro-Oeste,loja física,Eletrônico,Fone Bluetooth,4,252.37,1009.48,37.92,entregue,2,7.0,
10657,2025-09-24,454,Cliente 454,Nordeste,marketplace,Moda,Casaco Inverno,4,481.82,1927.27,22.68,entregue,5,8.0,
10658,2025-12-09,441,Cliente 441,Sul,marketplace,Casa,Jogo de Lençol,4,679.65,2718.6,11.5,entregue,15,2.0,
10660,2025-04-02,362,Cliente 362,Sudeste,loja física,Moda,Calça Jeans,5,993.16,4965.8,66.91,devolvido,4,7.0,
10661,2025-03-02,491,Cliente 491,Sudeste,loja física,eletronicos,Tablet Z,3,1807.34,5422.02,21.26,entregue,7,9.0,
10662,2025-03-07,105,Cliente 105,Centro-Oeste,e-commerce,Moda,Casaco Inverno,2,893.78,1787.57,62.61,entregue,1,9.0,
10664,2025-11-21,305,Cliente 305,Norte,e-commerce,eletronicos,Fone Bluetooth,2,1439.34,2878.69,11.36,entregue,13,3.0,
10665,2025-03-14,333,Cliente 333,Sudeste,marketplace,Casa,Lâmpada Smart,2,185.95,371.9,98.05,cancelado,14,5.0,Atraso na Entrega
10666,2025-05-15,411,Cliente 411,Norte,marketplace,Casa,Vaso Decorativo,4,1688.44,6753.75,78.7,cancelado,13,,Arrependimento
10667,2025-05-07,419,Cliente 419,Centro-Oeste,loja física,Eletrônicos,Laptop Pro,3,1080.98,3242.93,78.56,entregue,15,3.0,
10668,2025-05-22,304,Cliente 304,Sudeste,e-commerce,Casa,Cafeteira,2,609.02,1218.04,83.37,entregue,7,8.0,
10670,2025-01-02,332,Cliente 332,Sudeste,loja física,Moda,Tênis Runner,5,1245.53,6227.66,50.88,entregue,15,2.0,
10671,2025-12-30,366,Cliente 366,Nordeste,e-commerce,Eletrônicos,Fone Bluetooth,3,1087.34,3262.01,33.86,entregue,9,10.0,
10672,2025-09-14,294,Cliente 294,Sudeste,loja física,eletronicos,Smartphone X,4,1842.53,7370.12,30.56,entregue,9,7.0,
10673,2025-12-07,253,Cliente 253,Nordeste,loja física,eletronicos,Tablet Z,5,1152.02,5760.09,52.74,entregue,8,9.0,
10674,2025-09-12,491,Cliente 491,Sul,e-commerce,Casa,Cafeteira,5,92.13,460.65,15.74,entregue,6,8.0,
10675,2025-05-10,380,Cliente 380,Norte,loja física,Casa,Jogo de Lençol,5,1727.94,8639.71,58.03,entregue,13,5.0,
10676,2025-03-20,486,Cliente 486,Nordeste,e-commerce,eletronicos,Fone Bluetooth,3,1723.94,5171.83,90.25,cancelado,12,,Arrependimento
10677,2025-01-02,462,Cliente 462,Sul,marketplace,Moda,Calça Jeans,1,140.82,140.82,55.94,entregue,3,8.0,
10678,2025-12-30,409,Cliente 409,Norte,loja física,Casa,Vaso Decorativo,1,82.59,82.59,81.89,devolvido,14,3.0,
10679,2025-04-05,206,Cliente 206,Nordeste,marketplace,Eletrônicos,Laptop Pro,2,659.33,1318.65,86.91,entregue,7,9.0,
10680,2025-09-10,184,Cliente 184,Sudeste,loja física,eletronicos,Tablet Z,1,300.97,300.97,93.94,entregue,3,,
10681,2025-05-25,327,Cliente 327,Nordeste,e-commerce,Moda,Casaco Inverno,5,1116.16,5580.78,18.7,entregue,8,9.0,
10682,2025-04-10,447,Cliente 447,Centro-Oeste,loja física,Casa,Lâmpada Smart,3,664.79,1994.36,56.9,entregue,5,9.0,
10683,2025-08-12,262,Cliente 262,Sul,e-commerce,Casa,Lâmpada Smart,2,716.17,1432.34,10.72,entregue,13,4.0,
10684,2025-02-02,500,Cliente 500,Norte,e-commerce,Casa,Vaso Decorativo,1,1631.53,1631.53,79.67,entregue,10,7.0,
10685,2025-09-13,108,Cliente 108,Nordeste,loja física,Eletrônicos,Tablet Z,5,295.81,1479.06,92.09,entregue,4,10.0,
10686,2025-12-10,449,Cliente 449,Norte,e-commerce,eletronicos,Tablet Z,5,827.98,4139.89,68.18,entregue,11,4.0,
10687,2025-12-02,112,Cliente 112,Norte,loja física,Casa,Cafeteira,5,1786.84,8934.19,73.12,entregue,4,,
10688,2025-07-29,230,Cliente 230,Nordeste,e-commerce,Moda,Camiseta Algodão,2,189.24,378.48,14.01,cancelado,4,7.0,Atraso na Entrega
10689,2025-12-26,231,Cliente 231,Sul,marketplace,Casa,Jogo de Lençol,5,421.47,2107.36,14.04,entregue,14,3.0,
10690,2025-03-22,213,Cliente 213,Centro-Oeste,e-commerce,eletronicos,Laptop Pro,4,670.18,2680.71,92.46,entregue,7,7.0,
10691,2025-07-10,129,Cliente 129,Sudeste,marketplace,Moda,Calça Jeans,5,1376.27,6881.34,98.71,entregue,11,,
10692,2025-04-22,430,Cliente 430,Sudeste,e-commerce,Moda,Calça Jeans,3,1675.41,5026.22,59.85,entregue,15,,
10693,2025-04-23,427,Cliente 427,Centro-Oeste,e-commerce,Moda,Camiseta Algodão,2,103.42,206.83,75.17,cancelado,12,5.0,Atraso na Entrega
10694,2025-11-26,470,Cliente 470,Sudeste,marketplace,Moda,Calça Jeans,4,198.68,794.73,21.87,entregue,8,8.0,
10695,2025-06-08,240,Cliente 240,Centro-Oeste,e-commerce,Moda,Camiseta Algodão,1,260.79,260.79,79.44,entregue,15,4.0,
10696,2025-05-18,259,Cliente 259,Centro-Oeste,e-commerce,eletronicos,Fone Bluetooth,2,1046.61,2093.21,80.57,entregue,1,8.0,
10697,2025-01-23,162,Cliente 162,Nordeste,e-commerce,Eletrônico,Fone Bluetooth,1,1739.43,1739.43,43.16,entregue,7,10.0,
10698,2025-02-15,197,Cliente 197,Norte,loja física,Moda,Camiseta Algodão,4,1226.62,4906.47,86.22,devolvido,14,3.0,
10699,2025-06-14,357,Cliente 357,Sudeste,loja física,Casa,Jogo de Lençol,5,273.87,1369.33,59.23,entregue,14,4.0,
10700,2025-10-17,147,Cliente 147,Centro-Oeste,loja física,Casa,Cafeteira,2,1972.63,3945.25,52.58,entregue,3,8.0,
10701,2025-01-13,418,Cliente 418,Sudeste,loja física,Moda,Calça Jeans,2,1905.98,3811.96,44.4,entregue,15,4.0,
10702,2025-12-10,300,Cliente 300,Sudeste,marketplace,Moda,Tênis Runner,5,1153.2,5766.02,25.37,entregue,13,1.0,
10703,2025-06-27,348,Cliente 348,Centro-Oeste,loja física,Casa,Vaso Decorativo,1,433.4,433.4,79.0,devolvido,1,9.0,
10704,2025-05-07,198,Cliente 198,Norte,loja física,eletronicos,Fone Bluetooth,1,994.07,994.07,87.54,entregue,9,7.0,
10705,2025-04-09,166,Cliente 166,Sul,marketplace,Casa,Lâmpada Smart,1,1695.88,1695.88,53.05,cancelado,9,8.0,Arrependimento
10706,2025-07-18,224,Cliente 224,Centro-Oeste,e-commerce,Casa,Lâmpada Smart,3,1520.01,4560.02,40.37,entregue,3,9.0,
10707,2025-02-05,325,Cliente 325,Sudeste,loja física,Moda,Casaco Inverno,1,142.57,142.57,78.23,entregue,15,1.0,
10708,2025-03-02,358,Cliente 358,Centro-Oeste,marketplace,Moda,Camiseta Algodão,4,141.62,566.47,89.85,devolvido,1,10.0,
10709,2025-04-20,234,Cliente 234,Nordeste,marketplace,Casa,Jogo de Lençol,1,1848.04,1848.04,87.9,cancelado,6,7.0,Arrependimento
10711,2025-12-15,306,Cliente 306,Nordeste,marketplace,Eletrônicos,Fone Bluetooth,4,270.09,1080.34,30.25,cancelado,2,10.0,Arrependimento
10713,2025-03-21,331,Cliente 331,Nordeste,marketplace,Casa,Lâmpada Smart,5,437.76,2188.8,50.87,entregue,4,,
10714,2025-02-07,409,Cliente 409,Sul,e-commerce,Moda,Camiseta Algodão,5,221.8,1109.01,24.16,entregue,2,7.0,
10715,2025-07-01,254,Cliente 254,Nordeste,loja física,eletronicos,Smartphone X,5,612.48,3062.41,49.41,entregue,8,8.0,
10716,2025-06-22,204,Cliente 204,Nordeste,e-commerce,Eletrônico,Laptop Pro,5,1970.67,9853.35,67.9,entregue,10,9.0,
10717,2025-10-09,225,Cliente 225,Nordeste,e-commerce,Casa,Vaso Decorativo,5,604.95,3024.76,76.3,entregue,11,2.0,
10718,2025-12-03,262,Cliente 262,Sudeste,loja física,Eletrônico,Tablet Z,3,775.71,2327.12,32.26,entregue,8,7.0,
10719,2025-10-12,444,Cliente 444,Norte,marketplace,eletronicos,Fone Bluetooth,2,995.02,1990.04,67.25,entregue,1,10.0,
10720,2025-12-05,470,Cliente 470,Nordeste,marketplace,eletronicos,Laptop Pro,5,235.93,1179.66,85.06,entregue,3,7.0,
10721,2025-02-14,196,Cliente 196,Nordeste,loja física,Casa,Cafeteira,2,109.24,218.48,21.14,entregue,15,3.0,
10724,2025-07-24,104,Cliente 104,Nordeste,marketplace,eletronicos,Tablet Z,4,1480.99,5923.95,33.5,entregue,3,9.0,
10725,2025-12-16,419,Cliente 419,Sul,e-commerce,Moda,Tênis Runner,3,1742.58,5227.74,87.6,cancelado,6,7.0,Preço Alto
10726,2025-02-13,256,Cliente 256,Sul,marketplace,Casa,Jogo de Lençol,1,1577.24,1577.24,98.66,entregue,15,4.0,
10727,2025-06-26,219,Cliente 219,Sul,loja física,Casa,Vaso Decorativo,5,143.78,718.92,31.43,entregue,10,7.0,
10728,2025-10-26,352,Cliente 352,Norte,loja física,Casa,Vaso Decorativo,1,1660.69,1660.69,60.4,entregue,5,8.0,
10729,2025-04-28,131,Cliente 131,Sudeste,marketplace,Moda,Camiseta Algodão,2,1951.54,3903.09,65.84,entregue,7,8.0,
10730,2025-06-22,392,Cliente 392,Sul,marketplace,Eletrônico,Tablet Z,2,703.87,1407.73,23.32,entregue,12,,
10731,2025-10-03,208,Cliente 208,Sul,marketplace,Moda,Tênis Runner,5,223.79,1118.97,19.64,entregue,3,10.0,
10735,2025-04-26,206,Cliente 206,Nordeste,loja física,Moda,Camiseta Algodão,5,709.37,3546.84,35.6,entregue,9,10.0,
10736,2025-01-28,365,Cliente 365,Norte,e-commerce,Moda,Calça Jeans,3,1974.54,5923.61,79.65,entregue,12,2.0,
10737,2025-09-23,334,Cliente 334,Centro-Oeste,loja física,Casa,Vaso Decorativo,4,459.4,1837.61,98.98,entregue,8,10.0,
10738,2025-05-11,388,Cliente 388,Norte,loja física,Eletrônicos,Fone Bluetooth,3,1723.75,5171.26,39.43,devolvido,8,10.0,
10739,2025-07-26,230,Cliente 230,Sul,marketplace,Moda,Casaco Inverno,2,413.99,827.98,63.12,cancelado,12,2.0,Atraso na Entrega
10740,2025-11-18,164,Cliente 164,Sudeste,marketplace,Casa,Lâmpada Smart,3,546.72,1640.17,25.97,entregue,11,5.0,
10742,2025-11-20,110,Cliente 110,Centro-Oeste,marketplace,Moda,Tênis Runner,2,457.93,915.86,91.9,cancelado,9,9.0,Preço Alto
10743,2025-04-24,346,Cliente 346,Norte,marketplace,Casa,Jogo de Lençol,1,1285.96,1285.96,19.22,cancelado,9,9.0,Preço Alto
10744,2025-02-25,419,Cliente 419,Sudeste,marketplace,Casa,Vaso Decorativo,5,1842.42,9212.09,40.15,devolvido,10,10.0,
10745,2025-05-11,481,Cliente 481,Nordeste,loja física,Casa,Jogo de Lençol,5,1559.06,7795.29,87.6,entregue,9,8.0,
10746,2025-09-19,410,Cliente 410,Norte,loja física,Moda,Camiseta Algodão,1,1748.56,1748.56,16.21,entregue,3,7.0,
10747,2025-09-24,339,Cliente 339,Sudeste,e-commerce,Casa,Vaso Decorativo,3,556.65,1669.95,54.44,entregue,2,10.0,
10748,2025-02-11,223,Cliente 223,Centro-Oeste,marketplace,Casa,Vaso Decorativo,4,1552.59,6210.35,70.96,cancelado,4,9.0,Arrependimento
10749,2025-06-25,414,Cliente 414,Norte,marketplace,eletronicos,Tablet Z,4,1753.88,7015.53,94.55,entregue,10,,
10750,2025-05-26,402,Cliente 402,Sul,loja física,Casa,Vaso Decorativo,3,974.63,2923.88,40.37,entregue,12,4.0,
10751,2025-05-13,109,Cliente 109,Nordeste,marketplace,Casa,Cafeteira,2,604.77,1209.55,13.08,entregue,12,5.0,
10752,2025-07-30,232,Cliente 232,Centro-Oeste,marketplace,Moda,Calça Jeans,3,1505.83,4517.49,31.94,entregue,2,9.0,
10753,2025-01-29,259,Cliente 259,Nordeste,e-commerce,Casa,Cafeteira,3,931.14,2793.43,15.11,entregue,15,1.0,
10754,2025-10-18,193,Cliente 193,Centro-Oeste,loja física,eletronicos,Laptop Pro,3,1206.32,3618.96,57.44,devolvido,7,8.0,
10755,2025-12-11,468,Cliente 468,Norte,loja física,eletronicos,Laptop Pro,2,225.9,451.8,92.6,entregue,13,1.0,
10756,2025-02-22,319,Cliente 319,Nordeste,marketplace,Moda,Calça Jeans,1,703.71,703.71,34.58,entregue,1,8.0,
10758,2025-07-15,384,Cliente 384,Nordeste,marketplace,Casa,Jogo de Lençol,4,1245.96,4983.86,67.79,cancelado,6,,Arrependimento
10759,2025-04-11,123,Cliente 123,Sul,e-commerce,Casa,Vaso Decorativo,4,630.68,2522.71,55.83,entregue,10,8.0,
10760,2025-02-28,496,Cliente 496,Norte,e-commerce,Casa,Jogo de Lençol,1,1504.4,1504.4,97.39,entregue,4,,
10762,2025-06-01,350,Cliente 350,Centro-Oeste,marketplace,Eletrônicos,Fone Bluetooth,2,1306.28,2612.55,27.87,entregue,12,1.0,
10763,2025-06-24,155,Cliente 155,Sudeste,marketplace,Eletrônico,Smartphone X,3,294.64,883.93,42.64,entregue,1,7.0,
10764,2025-04-21,140,Cliente 140,Centro-Oeste,loja física,Casa,Vaso Decorativo,4,1792.78,7171.13,53.74,entregue,13,1.0,
10765,2025-07-12,425,Cliente 425,Centro-Oeste,loja física,Casa,Vaso Decorativo,5,529.83,2649.15,14.24,entregue,5,,
10766,2025-06-27,309,Cliente 309,Norte,marketplace,eletronicos,Tablet Z,1,1117.08,1117.08,62.21,entregue,13,1.0,
10767,2025-06-09,461,Cliente 461,Nordeste,e-commerce,Eletrônico,Smartphone X,1,941.81,941.81,16.19,entregue,15,5.0,
10769,2025-03-19,213,Cliente 213,Sudeste,e-commerce,Casa,Vaso Decorativo,2,603.4,1206.81,46.73,entregue,2,7.0,
10771,2025-01-15,274,Cliente 274,Sul,e-commerce,Casa,Cafeteira,5,1440.16,7200.78,70.64,entregue,15,,
10773,2025-11-22,164,Cliente 164,Nordeste,e-commerce,Casa,Vaso Decorativo,5,225.23,1126.14,28.43,entregue,11,2.0,
10774,2025-10-02,288,Cliente 288,Sudeste,loja física,Eletrônicos,Smartphone X,4,150.49,601.97,55.31,entregue,13,2.0,
10775,2025-02-18,267,Cliente 267,Sudeste,e-commerce,Casa,Cafeteira,3,395.12,1185.36,98.53,entregue,6,8.0,
10777,2025-10-26,409,Cliente 409,Centro-Oeste,marketplace,Eletrônicos,Tablet Z,2,597.74,1195.48,57.73,entregue,14,5.0,
10779,2025-01-04,118,Cliente 118,Norte,e-commerce,Eletrônico,Laptop Pro,5,1491.04,7455.18,96.97,entregue,1,10.0,
10780,2025-07-02,310,Cliente 310,Nordeste,e-commerce,Casa,Cafeteira,4,1595.79,6383.18,57.47,entregue,14,1.0,
10781,2025-05-03,396,Cliente 396,Nordeste,loja física,Casa,Lâmpada Smart,1,1342.34,1342.34,42.56,entregue,4,8.0,
10783,2025-12-18,239,Cliente 239,Centro-Oeste,loja física,Moda,Casaco Inverno,3,1931.87,5795.61,20.19,entregue,15,4.0,
10784,2025-01-13,100,Cliente 100,Norte,loja física,Eletrônico,Fone Bluetooth,3,816.27,2448.82,15.12,entregue,4,9.0,
10786,2025-08-15,184,Cliente 184,Sudeste,e-commerce,Casa,Cafeteira,4,1470.37,5881.48,53.53,entregue,14,2.0,
10789,2025-11-06,392,Cliente 392,Sudeste,marketplace,Casa,Cafeteira,5,1009.5,5047.52,92.38,cancelado,13,4.0,Erro no Endereço
10790,2025-07-04,262,Cliente 262,Centro-Oeste,marketplace,eletronicos,Smartphone X,1,1651.67,1651.67,60.15,cancelado,4,7.0,Erro no Endereço
10791,2025-03-30,404,Cliente 404,Norte,marketplace,Casa,Cafeteira,4,331.09,1324.35,49.67,entregue,2,,
10792,2025-05-13,353,Cliente 353,Sul,loja física,Eletrônico,Laptop Pro,4,1765.39,7061.56,34.66,cancelado,8,8.0,Atraso na Entrega
10793,2025-01-18,302,Cliente 302,Sudeste,e-commerce,Moda,Casaco Inverno,1,1066.79,1066.79,71.16,entregue,14,,
10796,2025-11-14,156,Cliente 156,Sul,e-commerce,Eletrônico,Laptop Pro,2,819.6,1639.21,11.68,entregue,5,9.0,
10797,2025-01-20,481,Cliente 481,Nordeste,loja física,Moda,Camiseta Algodão,2,386.64,773.28,30.16,entregue,3,10.0,
10798,2025-02-17,298,Cliente 298,Norte,e-commerce,Eletrônico,Smartphone X,4,481.89,1927.56,14.0,devolvido,6,9.0,
10799,2025-06-10,404,Cliente 404,Sul,marketplace,Eletrônicos,Smartphone X,4,622.86,2491.43,94.18,entregue,3,10.0,
10800,2025-07-18,485,Cliente 485,Sudeste,marketplace,Moda,Tênis Runner,2,114.09,228.18,58.85,entregue,11,3.0,
10801,2025-01-31,138,Cliente 138,Sul,loja física,Eletrônicos,Smartphone X,3,1292.33,3877.0,45.68,entregue,2,8.0,
10803,2025-01-14,251,Cliente 251,Sul,e-commerce,Eletrônicos,Laptop Pro,3,158.73,476.18,68.1,entregue,7,10.0,
10804,2025-01-23,151,Cliente 151,Norte,loja física,Casa,Jogo de Lençol,3,726.67,2180.0,11.33,entregue,12,4.0,
10805,2025-02-08,379,Cliente 379,Nordeste,e-commerce,eletronicos,Smartphone X,5,1452.28,7261.4,70.08,entregue,1,7.0,
10807,2025-02-01,485,Cliente 485,Sul,e-commerce,Moda,Casaco Inverno,4,1235.69,4942.75,91.81,entregue,8,,
10808,2025-07-05,283,Cliente 283,Sudeste,loja física,Casa,Cafeteira,1,417.32,417.32,46.54,entregue,13,1.0,
10809,2025-11-18,342,Cliente 342,Centro-Oeste,e-commerce,Eletrônico,Smartphone X,2,633.63,1267.27,69.1,entregue,4,7.0,
10810,2025-09-02,334,Cliente 334,Sul,e-commerce,Casa,Vaso Decorativo,5,393.9,1969.49,31.17,cancelado,2,8.0,Erro no Endereço
10811,2025-07-30,367,Cliente 367,Sul,e-commerce,eletronicos,Fone Bluetooth,2,54.04,108.08,29.84,entregue,12,5.0,
10812,2025-07-28,426,Cliente 426,Sul,marketplace,Moda,Camiseta Algodão,5,1697.04,8485.22,75.43,cancelado,8,8.0,Erro no Endereço
10813,2025-10-08,150,Cliente 150,Centro-Oeste,marketplace,Moda,Casaco Inverno,2,1351.43,2702.85,76.41,cancelado,11,2.0,Erro no Endereço
10814,2025-11-16,362,Cliente 362,Norte,e-commerce,Casa,Jogo de Lençol,5,1956.63,9783.13,28.88,devolvido,13,5.0,
10815,2025-11-20,284,Cliente 284,Nordeste,marketplace,Moda,Tênis Runner,4,1170.55,4682.19,19.53,entregue,3,10.0,
10816,2025-01-01,199,Cliente 199,Nordeste,e-commerce,eletronicos,Laptop Pro,3,473.68,1421.04,55.77,entregue,14,4.0,
10818,2025-10-31,398,Cliente 398,Nordeste,e-commerce,Casa,Vaso Decorativo,4,1420.98,5683.94,97.15,entregue,10,9.0,
10819,2025-12-19,331,Cliente 331,Sul,loja física,Casa,Cafeteira,1,1285.23,1285.23,84.77,entregue,13,4.0,
10820,2025-11-12,161,Cliente 161,Sudeste,e-commerce,Eletrônicos,Smartphone X,5,941.78,4708.88,26.35,entregue,3,7.0,
10821,2025-07-21,391,Cliente 391,Sudeste,marketplace,eletronicos,Laptop Pro,3,1997.05,5991.16,23.96,entregue,13,2.0,
10822,2025-09-30,311,Cliente 311,Centro-Oeste,marketplace,eletronicos,Fone Bluetooth,1,854.05,854.05,16.27,cancelado,4,7.0,Preço Alto
10823,2025-01-09,433,Cliente 433,Sul,loja física,eletronicos,Smartphone X,2,1697.09,3394.18,73.81,entregue,8,8.0,
10824,2025-01-09,119,Cliente 119,Norte,loja física,Casa,Lâmpada Smart,5,135.22,676.12,64.36,entregue,8,10.0,
10826,2025-12-30,192,Cliente 192,Nordeste,marketplace,Moda,Camiseta Algodão,2,444.75,889.5,22.71,entregue,12,3.0,
10827,2025-01-27,285,Cliente 285,Centro-Oeste,loja física,Eletrônico,Tablet Z,3,1866.54,5599.61,47.58,entregue,6,10.0,
10828,2025-10-10,110,Cliente 110,Sudeste,marketplace,Moda,Casaco Inverno,3,1095.34,3286.03,30.39,entregue,6,9.0,
10829,2025-01-07,265,Cliente 265,Nordeste,marketplace,Moda,Camiseta Algodão,5,1195.67,5978.36,28.55,entregue,10,9.0,
10831,2025-10-04,272,Cliente 272,Centro-Oeste,marketplace,Eletrônicos,Fone Bluetooth,3,838.34,2515.01,97.04,entregue,6,8.0,
10832,2025-09-24,394,Cliente 394,Sul,marketplace,Moda,Casaco Inverno,2,974.44,1948.89,18.09,entregue,8,7.0,
10833,2025-06-26,252,Cliente 252,Sudeste,loja física,Eletrônicos,Laptop Pro,3,776.63,2329.9,45.03,entregue,5,,
10834,2025-07-06,205,Cliente 205,Nordeste,marketplace,Eletrônico,Tablet Z,5,524.96,2624.81,69.68,devolvido,8,10.0,
10835,2025-02-09,171,Cliente 171,Sudeste,loja física,Casa,Vaso Decorativo,5,846.32,4231.58,24.45,cancelado,5,8.0,Arrependimento
10836,2025-08-03,482,Cliente 482,Sul,e-commerce,Eletrônico,Tablet Z,4,1993.24,7972.96,62.97,cancelado,2,,Arrependimento
10837,2025-08-03,380,Cliente 380,Norte,marketplace,Moda,Casaco Inverno,1,219.57,219.57,32.91,entregue,13,3.0,
10838,2025-10-23,110,Cliente 110,Nordeste,loja física,Moda,Camiseta Algodão,3,1418.07,4254.21,80.19,entregue,2,8.0,
10839,2025-05-26,200,Cliente 200,Centro-Oeste,loja física,Moda,Camiseta Algodão,4,217.21,868.85,95.85,entregue,11,3.0,
10840,2025-05-17,175,Cliente 175,Centro-Oeste,e-commerce,Moda,Calça Jeans,5,264.38,1321.88,27.45,entregue,10,10.0,
10842,2025-11-21,443,Cliente 443,Nordeste,marketplace,Moda,Calça Jeans,1,1457.47,1457.47,59.91,entregue,1,10.0,
10843,2025-10-24,346,Cliente 346,Nordeste,marketplace,Moda,Calça Jeans,1,1455.04,1455.04,37.45,entregue,11,1.0,
10844,2025-04-25,470,Cliente 470,Nordeste,loja física,Casa,Cafeteira,1,480.52,480.52,60.82,entregue,7,9.0,
10846,2025-06-22,378,Cliente 378,Nordeste,e-commerce,Moda,Tênis Runner,4,1447.67,5790.67,11.66,entregue,4,7.0,
10847,2025-06-11,499,Cliente 499,Norte,e-commerce,Casa,Lâmpada Smart,4,184.55,738.22,14.56,entregue,2,7.0,
10848,2025-03-06,257,Cliente 257,Nordeste,e-commerce,Eletrônico,Smartphone X,2,514.17,1028.33,75.57,cancelado,15,5.0,Atraso na Entrega
10849,2025-05-06,255,Cliente 255,Nordeste,loja física,Eletrônicos,Fone Bluetooth,2,673.77,1347.53,21.65,entregue,14,4.0,
10850,2025-12-08,382,Cliente 382,Centro-Oeste,loja física,Casa,Lâmpada Smart,3,347.17,1041.51,43.03,entregue,14,4.0,
10851,2025-01-15,286,Cliente 286,Nordeste,e-commerce,eletronicos,Tablet Z,4,1727.85,6911.42,33.71,entregue,11,4.0,
10852,2025-11-13,296,Cliente 296,Centro-Oeste,marketplace,eletronicos,Fone Bluetooth,5,1561.21,7806.05,13.62,cancelado,12,2.0,Arrependimento
10853,2025-03-17,355,Cliente 355,Nordeste,marketplace,Casa,Cafeteira,4,91.02,364.08,91.22,cancelado,14,5.0,Preço Alto
10854,2025-10-05,153,Cliente 153,Nordeste,marketplace,Casa,Vaso Decorativo,3,248.74,746.23,53.71,entregue,1,,
10855,2025-09-24,386,Cliente 386,Norte,marketplace,Eletrônicos,Fone Bluetooth,3,1316.25,3948.75,75.23,entregue,10,,
10856,2025-11-14,233,Cliente 233,Sudeste,marketplace,Eletrônicos,Laptop Pro,3,1643.09,4929.28,94.25,cancelado,10,8.0,Atraso na Entrega
10857,2025-06-22,336,Cliente 336,Sudeste,marketplace,Moda,Casaco Inverno,2,1720.97,3441.95,89.87,entregue,8,8.0,
10858,2025-01-13,228,Cliente 228,Centro-Oeste,marketplace,Casa,Lâmpada Smart,5,1408.6,7043.02,68.9,cancelado,9,8.0,Arrependimento
10859,2025-03-03,362,Cliente 362,Norte,marketplace,Casa,Jogo de Lençol,3,1269.02,3807.06,50.76,devolvido,5,7.0,
10861,2025-01-13,125,Cliente 125,Sul,e-commerce,Casa,Jogo de Lençol,2,517.92,1035.84,55.49,entregue,10,7.0,
10862,2025-12-08,183,Cliente 183,Nordeste,marketplace,Moda,Calça Jeans,4,1413.23,5652.9,77.56,entregue,7,,
10863,2025-12-22,240,Cliente 240,Centro-Oeste,e-commerce,Casa,Lâmpada Smart,5,1328.43,6642.13,45.77,cancelado,11,3.0,Erro no Endereço
10864,2025-11-11,345,Cliente 345,Nordeste,loja física,Casa,Vaso Decorativo,3,99.72,299.17,16.96,cancelado,13,5.0,Preço Alto
10865,2025-11-01,371,Cliente 371,Sul,loja física,Casa,Vaso Decorativo,2,53.81,107.61,10.81,cancelado,6,7.0,Arrependimento
10866,2025-10-13,405,Cliente 405,Sudeste,marketplace,Casa,Vaso Decorativo,4,1291.46,5165.84,68.28,entregue,2,9.0,
10867,2025-12-17,132,Cliente 132,Sudeste,loja física,Moda,Tênis Runner,4,1766.57,7066.28,20.03,entregue,14,4.0,
10868,2025-12-21,323,Cliente 323,Sul,loja física,Casa,Vaso Decorativo,5,326.7,1633.52,94.24,devolvido,2,9.0,
10869,2025-10-28,156,Cliente 156,Nordeste,e-commerce,Casa,Jogo de Lençol,2,640.67,1281.34,82.75,entregue,12,,
10871,2025-11-15,248,Cliente 248,Norte,e-commerce,Casa,Cafeteira,2,1537.74,3075.48,48.54,entregue,7,8.0,
10872,2025-04-04,213,Cliente 213,Sul,loja física,Eletrônico,Laptop Pro,1,1492.11,1492.11,47.6,entregue,1,10.0,
10873,2025-01-06,350,Cliente 350,Nordeste,loja física,Moda,Tênis Runner,3,1050.32,3150.97,38.56,entregue,13,1.0,
10876,2025-04-06,130,Cliente 130,Centro-Oeste,marketplace,Eletrônico,Laptop Pro,2,1590.24,3180.47,62.65,cancelado,7,10.0,Erro no Endereço
10877,2025-05-17,133,Cliente 133,Sul,loja física,Moda,Calça Jeans,5,70.98,354.9,18.18,entregue,15,,
10879,2025-07-12,180,Cliente 180,Nordeste,marketplace,Eletrônico,Fone Bluetooth,4,818.29,3273.17,97.41,cancelado,13,4.0,Erro no Endereço
10880,2025-02-15,269,Cliente 269,Sudeste,e-commerce,Casa,Lâmpada Smart,2,125.7,251.4,84.02,cancelado,12,5.0,Arrependimento
10881,2025-12-12,373,Cliente 373,Sudeste,marketplace,eletronicos,Tablet Z,5,1879.12,9395.61,76.79,cancelado,3,10.0,Erro no Endereço
10882,2025-01-09,241,Cliente 241,Sudeste,marketplace,Moda,Camiseta Algodão,4,1034.69,4138.77,21.64,entregue,10,8.0,
10883,2025-03-23,318,Cliente 318,Nordeste,marketplace,Eletrônico,Fone Bluetooth,2,1596.21,3192.43,61.06,entregue,13,2.0,
10884,2025-04-14,403,Cliente 403,Sudeste,loja física,Casa,Jogo de Lençol,4,75.97,303.88,85.01,entregue,4,10.0,
10885,2025-01-26,299,Cliente 299,Nordeste,e-commerce,Moda,Tênis Runner,2,567.04,1134.09,94.72,entregue,9,8.0,
10886,2025-10-04,274,Cliente 274,Sudeste,marketplace,eletronicos,Tablet Z,3,544.18,1632.53,21.3,cancelado,14,3.0,Erro no Endereço
10887,2025-08-02,283,Cliente 283,Sul,loja física,Moda,Casaco Inverno,3,697.12,2091.36,73.69,entregue,2,7.0,
10888,2025-12-01,494,Cliente 494,Nordeste,e-commerce,Eletrônicos,Tablet Z,4,1918.52,7674.09,28.4,entregue,7,8.0,
10889,2025-02-25,136,Cliente 136,Centro-Oeste,e-commerce,eletronicos,Tablet Z,2,580.31,1160.63,12.33,entregue,6,10.0,
10891,2025-12-01,459,Cliente 459,Sul,loja física,Eletrônicos,Laptop Pro,2,629.69,1259.37,25.22,entregue,6,10.0,
10892,2025-02-17,131,Cliente 131,Nordeste,e-commerce,Moda,Camiseta Algodão,5,755.61,3778.07,82.69,entregue,12,3.0,
10893,2025-05-09,171,Cliente 171,Centro-Oeste,e-commerce,Eletrônicos,Smartphone X,2,755.31,1510.63,65.98,entregue,8,7.0,
10894,2025-07-03,298,Cliente 298,Norte,e-commerce,eletronicos,Smartphone X,1,1536.56,1536.56,40.87,entregue,8,7.0,
10895,2025-08-01,358,Cliente 358,Nordeste,marketplace,Moda,Camiseta Algodão,4,1019.16,4076.65,29.33,cancelado,14,2.0,Arrependimento
10896,2025-11-14,262,Cliente 262,Sul,marketplace,Eletrônico,Tablet Z,4,1156.11,4624.45,63.02,entregue,8,10.0,
10898,2025-01-25,234,Cliente 234,Centro-Oeste,loja física,Moda,Camiseta Algodão,4,199.88,799.51,37.0,entregue,14,5.0,
10900,2025-06-02,320,Cliente 320,Sul,marketplace,Casa,Vaso Decorativo,3,1736.1,5208.31,43.87,entregue,5,9.0,
10901,2025-02-27,484,Cliente 484,Sudeste,e-commerce,Eletrônicos,Smartphone X,3,454.46,1363.37,11.47,entregue,7,10.0,
10902,2025-01-12,299,Cliente 299,Norte,loja física,Eletrônicos,Laptop Pro,3,1753.4,5260.21,66.95,entregue,13,5.0,
10903,2025-04-15,340,Cliente 340,Norte,e-commerce,Casa,Lâmpada Smart,3,1422.51,4267.52,33.93,entregue,13,2.0,
10904,2025-01-10,480,Cliente 480,Centro-Oeste,loja física,Eletrônico,Tablet Z,5,1591.74,7958.68,72.89,entregue,5,7.0,
10905,2025-02-24,407,Cliente 407,Sul,loja física,Casa,Lâmpada Smart,1,193.97,193.97,32.45,entregue,8,10.0,
10906,2025-11-07,360,Cliente 360,Sudeste,loja física,Moda,Camiseta Algodão,1,1380.63,1380.63,39.22,cancelado,5,9.0,Atraso na Entrega
10907,2025-06-23,302,Cliente 302,Sul,e-commerce,Moda,Casaco Inverno,5,1329.57,6647.86,86.55,cancelado,8,10.0,Preço Alto
10908,2025-02-13,210,Cliente 210,Centro-Oeste,marketplace,Moda,Camiseta Algodão,4,1236.67,4946.69,61.74,cancelado,5,10.0,Atraso na Entrega
10909,2025-12-28,263,Cliente 263,Norte,loja física,Casa,Cafeteira,3,1835.6,5506.79,11.84,entregue,1,9.0,
10910,2025-10-08,252,Cliente 252,Centro-Oeste,e-commerce,eletronicos,Fone Bluetooth,5,1477.35,7386.75,59.91,entregue,3,7.0,
10911,2025-06-11,323,Cliente 323,Norte,marketplace,Moda,Casaco Inverno,1,271.07,271.07,66.23,entregue,3,9.0,
10914,2025-03-13,308,Cliente 308,Sul,e-commerce,Casa,Vaso Decorativo,4,1455.87,5823.47,55.48,entregue,8,8.0,
10915,2025-07-02,280,Cliente 280,Sul,loja física,eletronicos,Smartphone X,2,1049.92,2099.83,64.88,entregue,1,10.0,
10916,2025-06-05,426,Cliente 426,Norte,loja física,Casa,Cafeteira,4,1547.29,6189.14,67.46,entregue,2,8.0,
10918,2025-12-22,270,Cliente 270,Norte,e-commerce,Casa,Lâmpada Smart,1,232.22,232.22,92.74,entregue,2,8.0,
10919,2025-10-05,132,Cliente 132,Norte,loja física,Casa,Lâmpada Smart,5,244.61,1223.03,33.66,entregue,11,4.0,
10920,2025-03-04,461,Cliente 461,Sul,e-commerce,Moda,Casaco Inverno,3,425.7,1277.09,37.85,entregue,13,3.0,
10921,2025-04-15,133,Cliente 133,Sudeste,e-commerce,Eletrônicos,Tablet Z,1,807.65,807.65,51.78,entregue,14,5.0,
10923,2025-11-13,398,Cliente 398,Sul,loja física,eletronicos,Smartphone X,1,586.46,586.46,81.54,entregue,15,5.0,
10924,2025-08-29,269,Cliente 269,Sul,marketplace,Moda,Tênis Runner,5,87.62,438.11,19.19,cancelado,9,9.0,Erro no Endereço
10925,2025-03-02,228,Cliente 228,Centro-Oeste,loja física,Eletrônicos,Smartphone X,4,509.98,2039.9,17.87,entregue,10,7.0,
10926,2025-04-28,147,Cliente 147,Centro-Oeste,marketplace,Eletrônicos,Fone Bluetooth,3,1445.2,4335.6,68.96,cancelado,12,2.0,Atraso na Entrega
10927,2025-12-10,464,Cliente 464,Norte,loja física,Casa,Lâmpada Smart,2,962.36,1924.72,84.19,entregue,2,8.0,
10928,2025-10-17,300,Cliente 300,Centro-Oeste,e-commerce,Casa,Vaso Decorativo,1,1371.5,1371.5,37.3,cancelado,15,4.0,Erro no Endereço
10929,2025-03-16,372,Cliente 372,Centro-Oeste,marketplace,eletronicos,Smartphone X,2,1538.09,3076.17,88.81,entregue,8,9.0,
10930,2025-12-11,418,Cliente 418,Centro-Oeste,marketplace,Casa,Lâmpada Smart,2,1323.26,2646.51,46.31,entregue,14,5.0,
10931,2025-05-30,317,Cliente 317,Sudeste,e-commerce,Casa,Cafeteira,1,1509.2,1509.2,53.39,entregue,14,1.0,
10932,2025-12-27,186,Cliente 186,Nordeste,e-commerce,Eletrônico,Laptop Pro,5,500.07,2500.37,50.16,entregue,1,10.0,
10933,2025-04-24,324,Cliente 324,Centro-Oeste,loja física,Casa,Cafeteira,4,1451.54,5806.15,47.96,entregue,7,7.0,
10936,2025-07-11,413,Cliente 413,Centro-Oeste,e-commerce,Eletrônicos,Laptop Pro,1,1787.4,1787.4,29.37,entregue,6,9.0,
10937,2025-10-18,325,Cliente 325,Sul,loja física,Casa,Vaso Decorativo,2,1265.98,2531.96,95.53,entregue,3,7.0,
10938,2025-01-15,348,Cliente 348,Sul,e-commerce,Eletrônicos,Fone Bluetooth,5,1963.89,9819.46,84.37,devolvido,1,10.0,
10941,2025-08-11,422,Cliente 422,Sudeste,loja física,eletronicos,Fone Bluetooth,1,582.26,582.26,18.34,entregue,7,9.0,
10942,2025-12-21,190,Cliente 190,Nordeste,e-commerce,Casa,Vaso Decorativo,1,91.12,91.12,45.77,entregue,11,1.0,
10943,2025-12-08,330,Cliente 330,Sudeste,marketplace,Eletrônicos,Fone Bluetooth,5,1697.82,8489.11,63.34,entregue,12,2.0,
10945,2025-06-06,430,Cliente 430,Centro-Oeste,loja física,Moda,Camiseta Algodão,4,1517.82,6071.28,73.62,entregue,5,9.0,
10946,2025-01-10,238,Cliente 238,Nordeste,marketplace,Eletrônico,Smartphone X,2,1816.76,3633.53,46.87,cancelado,6,10.0,Arrependimento
10947,2025-03-11,336,Cliente 336,Sul,loja física,Casa,Jogo de Lençol,2,1616.26,3232.53,12.55,entregue,8,8.0,
10948,2025-03-05,304,Cliente 304,Nordeste,loja física,Moda,Camiseta Algodão,3,1154.8,3464.4,52.38,entregue,2,7.0,
10949,2025-05-30,353,Cliente 353,Sudeste,loja física,Moda,Casaco Inverno,2,240.01,480.03,22.08,entregue,4,9.0,
10950,2025-04-06,204,Cliente 204,Centro-Oeste,e-commerce,Moda,Calça Jeans,5,271.04,1355.18,28.18,entregue,4,8.0,
10951,2025-03-08,345,Cliente 345,Nordeste,marketplace,Eletrônico,Laptop Pro,4,1371.0,5484.01,68.53,cancelado,14,2.0,Erro no Endereço
10952,2025-01-07,213,Cliente 213,Nordeste,loja física,Casa,Cafeteira,3,860.96,2582.88,45.21,entregue,13,2.0,
10954,2025-06-08,182,Cliente 182,Sul,e-commerce,Casa,Jogo de Lençol,3,318.39,955.18,48.07,entregue,14,5.0,
10955,2025-12-26,456,Cliente 456,Centro-Oeste,loja física,Casa,Vaso Decorativo,5,1765.33,8826.67,15.11,entregue,1,7.0,
10958,2025-12-24,383,Cliente 383,Centro-Oeste,marketplace,Eletrônicos,Smartphone X,4,893.59,3574.34,40.57,entregue,9,7.0,
10959,2025-06-09,242,Cliente 242,Sudeste,e-commerce,Eletrônico,Fone Bluetooth,1,665.4,665.4,87.78,entregue,3,9.0,
10960,2025-11-24,471,Cliente 471,Sul,marketplace,Moda,Camiseta Algodão,5,269.93,1349.65,92.24,cancelado,15,4.0,Atraso na Entrega
10961,2025-03-20,358,Cliente 358,Norte,marketplace,Moda,Tênis Runner,1,332.08,332.08,95.39,cancelado,11,2.0,Preço Alto
10962,2025-03-05,426,Cliente 426,Sudeste,loja física,Eletrônicos,Fone Bluetooth,1,1300.46,1300.46,25.12,entregue,7,,
10963,2025-06-10,168,Cliente 168,Centro-Oeste,marketplace,Eletrônico,Laptop Pro,3,1143.0,3429.0,47.92,entregue,6,8.0,
10965,2025-10-16,418,Cliente 418,Nordeste,loja física,Casa,Jogo de Lençol,1,1339.64,1339.64,87.35,cancelado,13,3.0,Atraso na Entrega
10966,2025-02-25,180,Cliente 180,Norte,marketplace,Casa,Cafeteira,2,1113.29,2226.58,29.67,entregue,3,,
10967,2025-04-12,496,Cliente 496,Centro-Oeste,e-commerce,Moda,Calça Jeans,4,590.76,2363.02,78.92,entregue,12,3.0,
10968,2025-05-28,337,Cliente 337,Nordeste,e-commerce,Casa,Cafeteira,3,1439.27,4317.82,95.72,entregue,3,10.0,
10969,2025-04-25,419,Cliente 419,Sudeste,e-commerce,Eletrônico,Smartphone X,4,1112.02,4448.1,39.73,entregue,10,10.0,
10970,2025-05-07,314,Cliente 314,Centro-Oeste,marketplace,Eletrônicos,Tablet Z,1,1872.45,1872.45,81.73,entregue,11,3.0,
10971,2025-10-23,447,Cliente 447,Nordeste,loja física,Moda,Casaco Inverno,1,664.94,664.94,12.15,devolvido,4,7.0,
10972,2025-06-16,430,Cliente 430,Nordeste,e-commerce,Eletrônicos,Laptop Pro,3,619.68,1859.04,59.12,entregue,4,8.0,
10974,2025-12-02,402,Cliente 402,Sudeste,loja física,Eletrônicos,Laptop Pro,2,877.57,1755.15,44.03,entregue,2,9.0,
10975,2025-10-20,352,Cliente 352,Norte,e-commerce,Moda,Casaco Inverno,5,1632.98,8164.88,82.07,entregue,4,9.0,
10976,2025-01-13,119,Cliente 119,Sudeste,e-commerce,Casa,Lâmpada Smart,4,1763.9,7055.6,81.51,devolvido,13,2.0,
10977,2025-03-15,361,Cliente 361,Centro-Oeste,marketplace,Eletrônico,Laptop Pro,1,343.04,343.04,96.19,entregue,4,7.0,
10978,2025-03-11,270,Cliente 270,Nordeste,e-commerce,Moda,Camiseta Algodão,5,1436.54,7182.69,73.07,entregue,15,1.0,
10979,2025-09-27,493,Cliente 493,Sudeste,e-commerce,Eletrônico,Tablet Z,5,714.48,3572.38,75.53,entregue,4,7.0,
10980,2025-05-22,187,Cliente 187,Nordeste,marketplace,Casa,Vaso Decorativo,1,537.02,537.02,39.03,cancelado,9,10.0,Atraso na Entrega
10981,2025-02-18,130,Cliente 130,Norte,e-commerce,Casa,Lâmpada Smart,2,126.28,252.56,20.81,entregue,6,7.0,
10982,2025-04-11,344,Cliente 344,Sudeste,marketplace,Moda,Casaco Inverno,3,689.08,2067.25,20.41,devolvido,9,8.0,
10983,2025-05-22,283,Cliente 283,Sul,e-commerce,Casa,Jogo de Lençol,3,518.14,1554.43,95.5,entregue,12,3.0,
10984,2025-01-18,152,Cliente 152,Centro-Oeste,loja física,Moda,Casaco Inverno,1,1489.92,1489.92,39.17,entregue,9,9.0,
10985,2025-05-08,305,Cliente 305,Norte,e-commerce,Moda,Camiseta Algodão,3,477.98,1433.93,76.22,entregue,13,2.0,
10986,2025-02-13,204,Cliente 204,Nordeste,marketplace,Eletrônicos,Fone Bluetooth,2,1929.06,3858.12,82.5,entregue,2,7.0,
10987,2025-04-06,245,Cliente 245,Nordeste,marketplace,Casa,Cafeteira,3,935.82,2807.45,35.04,cancelado,12,5.0,Erro no Endereço
10989,2025-10-08,343,Cliente 343,Centro-Oeste,loja física,Eletrônico,Fone Bluetooth,1,97.67,97.67,96.42,entregue,13,4.0,
10990,2025-06-11,337,Cliente 337,Norte,e-commerce,Casa,Lâmpada Smart,5,635.41,3177.07,74.53,entregue,3,10.0,
10991,2025-06-15,284,Cliente 284,Norte,loja física,Moda,Tênis Runner,2,818.33,1636.67,46.97,entregue,15,4.0,
10992,2025-02-06,296,Cliente 296,Sul,loja física,Casa,Jogo de Lençol,1,1976.59,1976.59,25.67,entregue,1,,
10993,2025-11-25,137,Cliente 137,Sudeste,loja física,Eletrônicos,Tablet Z,4,75.55,302.2,92.68,entregue,1,8.0,
10994,2025-10-03,148,Cliente 148,Norte,e-commerce,Moda,Tênis Runner,4,1978.86,7915.45,29.73,entregue,11,5.0,
10995,2025-06-20,351,Cliente 351,Norte,loja física,Casa,Lâmpada Smart,4,472.73,1890.91,16.27,entregue,3,7.0,
10996,2025-02-24,498,Cliente 498,Centro-Oeste,marketplace,Casa,Lâmpada Smart,1,1975.83,1975.83,90.81,entregue,13,3.0,
10997,2025-03-30,420,Cliente 420,Sul,marketplace,Moda,Calça Jeans,4,307.6,1230.4,98.87,entregue,7,7.0,
10999,2025-02-04,240,Cliente 240,Nordeste,e-commerce,Eletrônico,Tablet Z,1,140.16,140.16,87.67,entregue,4,8.0,
10000,2025-05-02,114,Cliente 114,Sul,marketplace,Casa,Vaso Decorativo,5,912.05,4560.25,68.73,entregue,11,1.0,
10001,2025-05-07,442,Cliente 442,Nordeste,marketplace,Casa,Lâmpada Smart,4,544.37,2177.49,33.28,devolvido,1,9.0,
10002,2025-07-11,142,Cliente 142,Nordeste,marketplace,Eletrônico,Fone Bluetooth,1,1695.93,1695.93,36.59,cancelado,11,1.0,Preço Alto
